[01:26:06] [main/INFO] (FabricLoader/GameProvider) Loading Minecraft 1.21.11 with Fabric Loader 0.19.5
[01:26:06] [main/DEBUG] (FabricLoader/GamePatch) Found game constructor: net.minecraft.client.main.Main -> net.minecraft.client.MinecraftClient
[01:26:06] [main/DEBUG] (FabricLoader/GamePatch) Patching game constructor <init>(Lnet/minecraft/client/RunArgs;)V
[01:26:06] [main/DEBUG] (FabricLoader/GamePatch) Run directory field is thought to be net/minecraft/client/MinecraftClient/runDirectory
[01:26:06] [main/DEBUG] (FabricLoader/GamePatch) Applying brand name hook to net/minecraft/client/ClientBrandRetriever::getClientModName
[01:26:06] [main/DEBUG] (FabricLoader/GamePatch) Applying brand name hook to net/minecraft/server/MinecraftServer::getServerModName
[01:26:06] [main/DEBUG] (FabricLoader/GamePatch) Patched 3 classs
[01:26:06] [main/DEBUG] (FabricLoader/Discovery) Mod discovery time: 77.9 ms
[01:26:06] [main/DEBUG] (FabricLoader/Resolution) Mod resolution time: 34.9 ms
[01:26:06] [main/INFO] (FabricLoader) Loading 99 mods:
	- axial_cosmetics 1.1.0
	- axialutils 1.0-SNAPSHOT
	- bendable_cuboids 2.0.1+mc.1.21.11
	- cloth-config 21.11.153
	   \-- cloth-basic-math 0.6.1
	- emotecraft 3.2.0-b.build.159
	- entityculling 1.11.2
	   |-- transition 1.0.25
	   \-- trender 1.0.17
	- fabric-api 0.141.6+1.21.11
	- fabric-api-base 1.0.5+4ebb5c083e
	- fabric-api-lookup-api-v1 1.6.114+20dc27073e
	- fabric-biome-api-v1 17.1.1+4fc5413f3e
	- fabric-block-api-v1 1.1.10+4ebb5c083e
	- fabric-block-view-api-v2 1.0.39+4ebb5c083e
	- fabric-client-gametest-api-v1 4.3.5+bfe9fcf43e
	- fabric-command-api-v2 2.4.7+6b42a6003e
	- fabric-content-registries-v0 10.2.14+4fc5413f3e
	- fabric-convention-tags-v1 2.1.55+7f945d5b3e
	- fabric-convention-tags-v2 2.17.3+8ef948ba3e
	- fabric-crash-report-info-v1 0.3.23+4ebb5c083e
	- fabric-data-attachment-api-v1 1.8.48+eed0806f3e
	- fabric-data-generation-api-v1 23.5.0+88d7da613e
	- fabric-dimensions-v1 4.0.28+4fc5413f3e
	- fabric-entity-events-v1 3.1.1+1d0ab4303e
	- fabric-events-interaction-v0 4.1.1+3b89ecf63e
	- fabric-game-rule-api-v1 2.0.3+4fc5413f3e
	- fabric-gametest-api-v1 3.1.27+4fc5413f3e
	- fabric-item-api-v1 11.6.0+67f17bb43e
	- fabric-item-group-api-v1 4.2.36+4fc5413f3e
	- fabric-key-binding-api-v1 1.1.7+4fc5413f3e
	- fabric-language-kotlin 1.14.1+kotlin.2.4.20
	   |-- org_jetbrains_kotlin_kotlin-reflect 2.4.20
	   |-- org_jetbrains_kotlin_kotlin-stdlib 2.4.20
	   |-- org_jetbrains_kotlin_kotlin-stdlib-jdk7 2.4.20
	   |-- org_jetbrains_kotlin_kotlin-stdlib-jdk8 2.4.20
	   |-- org_jetbrains_kotlinx_atomicfu-jvm 0.33.0
	   |-- org_jetbrains_kotlinx_kotlinx-coroutines-core-jvm 1.11.0
	   |-- org_jetbrains_kotlinx_kotlinx-coroutines-jdk8 1.11.0
	   |-- org_jetbrains_kotlinx_kotlinx-datetime-jvm 0.8.0
	   |-- org_jetbrains_kotlinx_kotlinx-io-bytestring-jvm 0.9.1
	   |-- org_jetbrains_kotlinx_kotlinx-io-core-jvm 0.9.1
	   |-- org_jetbrains_kotlinx_kotlinx-serialization-cbor-jvm 1.11.0
	   |-- org_jetbrains_kotlinx_kotlinx-serialization-core-jvm 1.11.0
	   \-- org_jetbrains_kotlinx_kotlinx-serialization-json-jvm 1.11.0
	- fabric-lifecycle-events-v1 2.6.15+4ebb5c083e
	- fabric-loot-api-v2 3.0.73+3f89f5a53e
	- fabric-loot-api-v3 2.0.20+78c8b4663e
	- fabric-message-api-v1 6.1.12+4ebb5c083e
	- fabric-model-loading-api-v1 6.0.15+4fc5413f3e
	- fabric-networking-api-v1 5.1.6+6b6d71a53e
	- fabric-object-builder-api-v1 21.1.40+4fc5413f3e
	- fabric-particles-v1 4.2.12+4fc5413f3e
	- fabric-recipe-api-v1 8.2.4+4ebb5c083e
	- fabric-registry-sync-v0 6.2.6+1718722b3e
	- fabric-renderer-api-v1 8.0.3+f4ffd2e53e
	- fabric-renderer-indigo 5.0.3+f4ffd2e53e
	- fabric-rendering-fluids-v1 3.1.43+4ebb5c083e
	- fabric-rendering-v1 16.2.10+0290ad933e
	- fabric-resource-conditions-api-v1 5.0.35+4fc5413f3e
	- fabric-resource-loader-v0 3.3.4+4fc5413f3e
	- fabric-resource-loader-v1 1.0.10+78c8b4663e
	- fabric-screen-api-v1 3.1.7+4ebb5c083e
	- fabric-screen-handler-api-v1 1.3.162+4fc5413f3e
	- fabric-serialization-api-v1 1.0.5+4ebb5c083e
	- fabric-sound-api-v1 1.0.51+4fc5413f3e
	- fabric-tag-api-v1 1.3.0+88d7da613e
	- fabric-transfer-api-v1 6.0.25+4fc5413f3e
	- fabric-transitive-access-wideners-v1 7.1.0+014c8cec3e
	- fabricloader 0.19.5
	- ferritecore 8.2.0
	- geckolib 5.4.5
	- immediatelyfast 1.14.3+1.21.11
	   \-- net_lenni0451_reflect 1.6.2
	- java 25
	- lithium 0.21.4+mc1.21.11
	- minecraft 1.21.11
	- mixinextras 0.5.5
	- moreculling 1.6.2
	   |-- conditional-mixin 0.6.3
	   \-- mixinsquared 0.2.0
	- player_animation_library 1.1.10+mc.1.21.11
	- text_overflow_scroll 1.4.2
	   |-- elementa 710
	   |-- universalcraft 453
	   \-- vigilance 312
	- xaerominimap 26.5.0
	   \-- xaerolib 1.7.3
	- yet_another_config_lib_v3 3.8.2+1.21.11-fabric
	   |-- com_twelvemonkeys_common_common-image 3.12.0
	   |-- com_twelvemonkeys_common_common-io 3.12.0
	   |-- com_twelvemonkeys_common_common-lang 3.12.0
	   |-- com_twelvemonkeys_imageio_imageio-core 3.12.0
	   |-- com_twelvemonkeys_imageio_imageio-metadata 3.12.0
	   |-- com_twelvemonkeys_imageio_imageio-webp 3.12.0
	   |-- org_quiltmc_parsers_gson 0.2.1
	   \-- org_quiltmc_parsers_json 0.2.1
	- zoomify 2.15.2+1.21.11
	   \-- com_akuleshov7_ktoml-core-jvm 0.7.1
[01:26:09] [pool-2-thread-6/WARN] (FabricLoader/ModRemap) Cannot remap lambda$updateBlockEntityTicker$9 because it does not exist in any of the targets [net/minecraft/class_2818]
[01:26:09] [pool-2-thread-6/WARN] (FabricLoader/ModRemap) Cannot remap lambda$updateBlockEntityTicker$9 because it does not exist in any of the targets [net/minecraft/class_2818]
[01:26:09] [pool-2-thread-13/WARN] (FabricLoader/ModRemap) Cannot remap lambda$loadBlockModels$6 because it does not exist in any of the targets [net/minecraft/class_1092]
[01:26:09] [pool-2-thread-7/WARN] (FabricLoader/ModRemap) Cannot remap getHeldItem because it does not exist in any of the targets [net/minecraft/class_3727]
[01:26:09] [pool-2-thread-4/WARN] (FabricLoader/ModRemap) Cannot remap lambda$create$5 because it does not exist in any of the targets [net/minecraft/class_4246]
[01:26:09] [pool-2-thread-4/WARN] (FabricLoader/ModRemap) Cannot remap lambda$create$8 because it does not exist in any of the targets [net/minecraft/class_4246]
[01:26:09] [pool-2-thread-6/WARN] (FabricLoader/ModRemap) Cannot remap lambda$create$6 because it does not exist in any of the targets [net/minecraft/class_4096]
[01:26:09] [pool-2-thread-6/WARN] (FabricLoader/ModRemap) Cannot remap lambda$create$8 because it does not exist in any of the targets [net/minecraft/class_4096]
[01:26:09] [pool-2-thread-6/WARN] (FabricLoader/ModRemap) Cannot remap lambda$create$8 because it does not exist in any of the targets [net/minecraft/class_4096]
[01:26:09] [pool-2-thread-13/WARN] (FabricLoader/ModRemap) Cannot remap pal$updatePart(Lcom/zigythebird/playeranim/animation/AvatarAnimManager;Lnet/minecraft/client/model/geom/ModelPart;Lcom/zigythebird/playeranimcore/bones/PlayerAnimBone;)V because it does not exist in any of the targets [net/minecraft/class_591]
[01:26:09] [pool-2-thread-13/WARN] (FabricLoader/ModRemap) Cannot remap pal$updatePart(Lcom/zigythebird/playeranim/animation/AvatarAnimManager;Lnet/minecraft/class_630;Lcom/zigythebird/playeranimcore/bones/PlayerAnimBone;)V because it does not exist in any of the targets [net/minecraft/class_591]
[01:26:09] [pool-2-thread-13/WARN] (FabricLoader/ModRemap) Cannot remap pal$resetAll(Lcom/zigythebird/playeranim/animation/AvatarAnimManager;)V because it does not exist in any of the targets [net/minecraft/class_591]
[01:26:10] [pool-2-thread-4/WARN] (FabricLoader/ModRemap) Cannot remap lambda$getTicker$0 because it does not exist in any of the targets [net/minecraft/class_8236]
[01:26:10] [pool-2-thread-8/WARN] (FabricLoader/ModRemap) Cannot remap lambda$getTicker$2 because it does not exist in any of the targets [net/minecraft/class_7268]
[01:26:10] [pool-2-thread-10/WARN] (FabricLoader/ModRemap) Cannot remap lambda$getTicker$1 because it does not exist in any of the targets [net/minecraft/class_5703]
[01:26:10] [pool-2-thread-8/WARN] (FabricLoader/ModRemap) Cannot remap pal$updatePart(Lcom/zigythebird/playeranim/animation/AvatarAnimManager;Lnet/minecraft/client/model/geom/ModelPart;Lcom/zigythebird/playeranimcore/bones/PlayerAnimBone;)V because it does not exist in any of the targets [net/minecraft/class_9950]
[01:26:10] [pool-2-thread-8/WARN] (FabricLoader/ModRemap) Cannot remap pal$updatePart(Lcom/zigythebird/playeranim/animation/AvatarAnimManager;Lnet/minecraft/class_630;Lcom/zigythebird/playeranimcore/bones/PlayerAnimBone;)V because it does not exist in any of the targets [net/minecraft/class_9950]
[01:26:10] [pool-2-thread-8/WARN] (FabricLoader/ModRemap) Cannot remap pal$resetAll(Lcom/zigythebird/playeranim/animation/AvatarAnimManager;)V because it does not exist in any of the targets [net/minecraft/class_9950]
[01:26:13] [main/DEBUG] (FabricLoader/Knot) Adding /Users/blackarcadia/IdeaProjects/AxialClientAlpha/.gradle/loom-cache/remapped_mods/remapped/net/fabricmc/fabric-api/fabric-api-lookup-api-v1-49532587/1.6.114+20dc27073e/fabric-api-lookup-api-v1-49532587-1.6.114+20dc27073e.jar to classpath.
[01:26:13] [main/DEBUG] (FabricLoader/Knot) Adding /Users/blackarcadia/IdeaProjects/AxialClientAlpha/run/.fabric/processedMods/org_jetbrains_kotlinx_kotlinx-se-jvm-1.11.0-52108abbd787b7f9.jar to classpath.
[01:26:13] [main/DEBUG] (FabricLoader/Knot) Adding /Users/blackarcadia/IdeaProjects/AxialClientAlpha/.gradle/loom-cache/remapped_mods/remapped/net/fabricmc/fabric-api/fabric-client-gametest-api-v1-49532587/4.3.5+bfe9fcf43e/fabric-client-gametest-api-v1-49532587-4.3.5+bfe9fcf43e.jar to classpath.
[01:26:13] [main/DEBUG] (FabricLoader/Knot) Adding /Users/blackarcadia/IdeaProjects/AxialClientAlpha/.gradle/loom-cache/remapped_mods/remapped/net/fabricmc/fabric-api/fabric-item-api-v1-49532587/11.6.0+67f17bb43e/fabric-item-api-v1-49532587-11.6.0+67f17bb43e.jar to classpath.
[01:26:13] [main/DEBUG] (FabricLoader/Knot) Adding /Users/blackarcadia/IdeaProjects/AxialClientAlpha/run/.fabric/processedMods/xaerominimap-26.5.0-64b5720b4b825f21.jar to classpath.
[01:26:13] [main/DEBUG] (FabricLoader/Knot) Adding /Users/blackarcadia/IdeaProjects/AxialClientAlpha/.gradle/loom-cache/remapped_mods/remapped/net/fabricmc/fabric-api/fabric-particles-v1-49532587/4.2.12+4fc5413f3e/fabric-particles-v1-49532587-4.2.12+4fc5413f3e.jar to classpath.
[01:26:13] [main/DEBUG] (FabricLoader/Knot) Adding /Users/blackarcadia/IdeaProjects/AxialClientAlpha/run/.fabric/processedMods/net_lenni0451_reflect-1.6.2-5aedc814774d9589.jar to classpath.
[01:26:13] [main/DEBUG] (FabricLoader/Knot) Adding /Users/blackarcadia/IdeaProjects/AxialClientAlpha/run/.fabric/processedMods/fabric-language-kotlin-1.14.1+kotlin.2.4.20-64b5720b4b825f21.jar to classpath.
[01:26:13] [main/DEBUG] (FabricLoader/Knot) Adding /Users/blackarcadia/IdeaProjects/AxialClientAlpha/.gradle/loom-cache/remapped_mods/remapped/net/fabricmc/fabric-api/fabric-key-binding-api-v1-49532587/1.1.7+4fc5413f3e/fabric-key-binding-api-v1-49532587-1.1.7+4fc5413f3e.jar to classpath.
[01:26:13] [main/DEBUG] (FabricLoader/Knot) Adding /Users/blackarcadia/IdeaProjects/AxialClientAlpha/.gradle/loom-cache/remapped_mods/remapped/net/fabricmc/fabric-api/fabric-resource-loader-v0-49532587/3.3.4+4fc5413f3e/fabric-resource-loader-v0-49532587-3.3.4+4fc5413f3e.jar to classpath.
[01:26:13] [main/DEBUG] (FabricLoader/Knot) Adding /Users/blackarcadia/IdeaProjects/AxialClientAlpha/run/.fabric/processedMods/org_jetbrains_kotlin_kotlin-stdl-jdk8-2.4.20-e44fde563559d13.jar to classpath.
[01:26:13] [main/DEBUG] (FabricLoader/Knot) Adding /Users/blackarcadia/IdeaProjects/AxialClientAlpha/.gradle/loom-cache/remapped_mods/remapped/net/fabricmc/fabric-api/fabric-resource-loader-v1-49532587/1.0.10+78c8b4663e/fabric-resource-loader-v1-49532587-1.0.10+78c8b4663e.jar to classpath.
[01:26:13] [main/DEBUG] (FabricLoader/Knot) Adding /Users/blackarcadia/IdeaProjects/AxialClientAlpha/run/.fabric/processedMods/geckolib-5.4.5-64b5720b4b825f21.jar to classpath.
[01:26:13] [main/DEBUG] (FabricLoader/Knot) Adding /Users/blackarcadia/IdeaProjects/AxialClientAlpha/.gradle/loom-cache/remapped_mods/remapped/unspecified/emotecraft-fabric-for-MC1.21.11-3.2.0-b.build.159-49532587/f174d3e57b/emotecraft-fabric-for-MC1.21.11-3.2.0-b.build.159-49532587-f174d3e57b.jar to classpath.
[01:26:13] [main/DEBUG] (FabricLoader/Knot) Adding /Users/blackarcadia/IdeaProjects/AxialClientAlpha/.gradle/loom-cache/remapped_mods/remapped/net/fabricmc/fabric-api/fabric-lifecycle-events-v1-49532587/2.6.15+4ebb5c083e/fabric-lifecycle-events-v1-49532587-2.6.15+4ebb5c083e.jar to classpath.
[01:26:13] [main/DEBUG] (FabricLoader/Knot) Adding /Users/blackarcadia/IdeaProjects/AxialClientAlpha/.gradle/loom-cache/remapped_mods/remapped/net/fabricmc/fabric-api/fabric-api-base-49532587/1.0.5+4ebb5c083e/fabric-api-base-49532587-1.0.5+4ebb5c083e.jar to classpath.
[01:26:13] [main/DEBUG] (FabricLoader/Knot) Adding /Users/blackarcadia/IdeaProjects/AxialClientAlpha/run/.fabric/processedMods/entityculling-1.11.2-64b5720b4b825f21.jar to classpath.
[01:26:13] [main/DEBUG] (FabricLoader/Knot) Adding /Users/blackarcadia/IdeaProjects/AxialClientAlpha/run/.fabric/processedMods/ferritecore-8.2.0-64b5720b4b825f21.jar to classpath.
[01:26:13] [main/DEBUG] (FabricLoader/Knot) Adding /Users/blackarcadia/IdeaProjects/AxialClientAlpha/run/.fabric/processedMods/axialutils-1.0-SNAPSHOT-64b5720b4b825f21.jar to classpath.
[01:26:13] [main/DEBUG] (FabricLoader/Knot) Adding /Users/blackarcadia/IdeaProjects/AxialClientAlpha/run/.fabric/processedMods/vigilance-312-8d4807d031e7c9c9.jar to classpath.
[01:26:13] [main/DEBUG] (FabricLoader/Knot) Adding /Users/blackarcadia/IdeaProjects/AxialClientAlpha/.gradle/loom-cache/remapped_mods/remapped/net/fabricmc/fabric-api/fabric-model-loading-api-v1-49532587/6.0.15+4fc5413f3e/fabric-model-loading-api-v1-49532587-6.0.15+4fc5413f3e.jar to classpath.
[01:26:13] [main/DEBUG] (FabricLoader/Knot) Adding /Users/blackarcadia/IdeaProjects/AxialClientAlpha/run/.fabric/processedMods/mixinsquared-0.2.0-928210a9dd2fedd4.jar to classpath.
[01:26:13] [main/DEBUG] (FabricLoader/Knot) Adding /Users/blackarcadia/IdeaProjects/AxialClientAlpha/.gradle/loom-cache/remapped_mods/remapped/net/fabricmc/fabric-api/fabric-loot-api-v3-49532587/2.0.20+78c8b4663e/fabric-loot-api-v3-49532587-2.0.20+78c8b4663e.jar to classpath.
[01:26:13] [main/DEBUG] (FabricLoader/Knot) Adding /Users/blackarcadia/IdeaProjects/AxialClientAlpha/.gradle/loom-cache/remapped_mods/remapped/net/fabricmc/fabric-api/fabric-gametest-api-v1-49532587/3.1.27+4fc5413f3e/fabric-gametest-api-v1-49532587-3.1.27+4fc5413f3e.jar to classpath.
[01:26:13] [main/DEBUG] (FabricLoader/Knot) Adding /Users/blackarcadia/IdeaProjects/AxialClientAlpha/run/.fabric/processedMods/org_jetbrains_kotlinx_kotlinx-cojdk8-1.11.0-d32d9ed9e92938cf.jar to classpath.
[01:26:13] [main/DEBUG] (FabricLoader/Knot) Adding /Users/blackarcadia/IdeaProjects/AxialClientAlpha/.gradle/loom-cache/remapped_mods/remapped/net/fabricmc/fabric-api/fabric-serialization-api-v1-49532587/1.0.5+4ebb5c083e/fabric-serialization-api-v1-49532587-1.0.5+4ebb5c083e.jar to classpath.
[01:26:13] [main/DEBUG] (FabricLoader/Knot) Adding /Users/blackarcadia/IdeaProjects/AxialClientAlpha/run/.fabric/processedMods/com_twelvemonkeys_common_common-lang-3.12.0-6be701ca605fcfc7.jar to classpath.
[01:26:13] [main/DEBUG] (FabricLoader/Knot) Adding /Users/blackarcadia/IdeaProjects/AxialClientAlpha/run/.fabric/processedMods/org_jetbrains_kotlin_kotlin-stdlib-2.4.20-8f39f15ab28ee8f7.jar to classpath.
[01:26:13] [main/DEBUG] (FabricLoader/Knot) Adding /Users/blackarcadia/IdeaProjects/AxialClientAlpha/.gradle/loom-cache/remapped_mods/remapped/net/fabricmc/fabric-api/fabric-data-attachment-api-v1-49532587/1.8.48+eed0806f3e/fabric-data-attachment-api-v1-49532587-1.8.48+eed0806f3e.jar to classpath.
[01:26:13] [main/DEBUG] (FabricLoader/Knot) Adding /Users/blackarcadia/IdeaProjects/AxialClientAlpha/run/.fabric/processedMods/org_jetbrains_kotlinx_kotlinx-iog-jvm-0.9.1-ac206d22d70080ef.jar to classpath.
[01:26:13] [main/DEBUG] (FabricLoader/Knot) Adding /Users/blackarcadia/IdeaProjects/AxialClientAlpha/run/.fabric/processedMods/immediatelyfast-1.14.3+1.21.11-64b5720b4b825f21.jar to classpath.
[01:26:13] [main/DEBUG] (FabricLoader/Knot) Adding /Users/blackarcadia/IdeaProjects/AxialClientAlpha/.gradle/loom-cache/remapped_mods/remapped/net/fabricmc/fabric-api/fabric-block-view-api-v2-49532587/1.0.39+4ebb5c083e/fabric-block-view-api-v2-49532587-1.0.39+4ebb5c083e.jar to classpath.
[01:26:13] [main/DEBUG] (FabricLoader/Knot) Adding /Users/blackarcadia/IdeaProjects/AxialClientAlpha/run/.fabric/processedMods/text_overflow_scroll-1.4.2-64b5720b4b825f21.jar to classpath.
[01:26:13] [main/DEBUG] (FabricLoader/Knot) Adding /Users/blackarcadia/IdeaProjects/AxialClientAlpha/run/.fabric/processedMods/com_twelvemonkeys_imageio_imageiadata-3.12.0-d4e6b5ecedfe42c.jar to classpath.
[01:26:13] [main/DEBUG] (FabricLoader/Knot) Adding /Users/blackarcadia/IdeaProjects/AxialClientAlpha/run/.fabric/processedMods/org_quiltmc_parsers_json-0.2.1-f4450bb516755a53.jar to classpath.
[01:26:13] [main/DEBUG] (FabricLoader/Knot) Adding /Users/blackarcadia/IdeaProjects/AxialClientAlpha/.gradle/loom-cache/remapped_mods/remapped/net/fabricmc/fabric-api/fabric-sound-api-v1-49532587/1.0.51+4fc5413f3e/fabric-sound-api-v1-49532587-1.0.51+4fc5413f3e.jar to classpath.
[01:26:13] [main/DEBUG] (FabricLoader/Knot) Adding /Users/blackarcadia/IdeaProjects/AxialClientAlpha/.gradle/loom-cache/remapped_mods/remapped/net/fabricmc/fabric-api/fabric-crash-report-info-v1-49532587/0.3.23+4ebb5c083e/fabric-crash-report-info-v1-49532587-0.3.23+4ebb5c083e.jar to classpath.
[01:26:13] [main/DEBUG] (FabricLoader/Knot) Adding /Users/blackarcadia/IdeaProjects/AxialClientAlpha/run/.fabric/processedMods/universalcraft-453-b500a38fe8db05bf.jar to classpath.
[01:26:13] [main/DEBUG] (FabricLoader/Knot) Adding /Users/blackarcadia/IdeaProjects/AxialClientAlpha/run/.fabric/processedMods/com_twelvemonkeys_common_common-io-3.12.0-86b1ac244fa6455c.jar to classpath.
[01:26:13] [main/DEBUG] (FabricLoader/Knot) Adding /Users/blackarcadia/IdeaProjects/AxialClientAlpha/.gradle/loom-cache/remapped_mods/remapped/net/fabricmc/fabric-api/fabric-rendering-v1-49532587/16.2.10+0290ad933e/fabric-rendering-v1-49532587-16.2.10+0290ad933e.jar to classpath.
[01:26:13] [main/DEBUG] (FabricLoader/Knot) Adding /Users/blackarcadia/IdeaProjects/AxialClientAlpha/run/.fabric/processedMods/org_jetbrains_kotlinx_kotlinx-se-jvm-1.11.0-8b8e43b961e1ce7f.jar to classpath.
[01:26:13] [main/DEBUG] (FabricLoader/Knot) Adding /Users/blackarcadia/IdeaProjects/AxialClientAlpha/run/.fabric/processedMods/zoomify-2.15.2+1.21.11-64b5720b4b825f21.jar to classpath.
[01:26:13] [main/DEBUG] (FabricLoader/Knot) Adding /Users/blackarcadia/IdeaProjects/AxialClientAlpha/.gradle/loom-cache/remapped_mods/remapped/net/fabricmc/fabric-api/fabric-resource-conditions-api-v1-49532587/5.0.35+4fc5413f3e/fabric-resource-conditions-api-v1-49532587-5.0.35+4fc5413f3e.jar to classpath.
[01:26:13] [main/DEBUG] (FabricLoader/Knot) Adding /Users/blackarcadia/IdeaProjects/AxialClientAlpha/.gradle/loom-cache/remapped_mods/remapped/net/fabricmc/fabric-api/fabric-recipe-api-v1-49532587/8.2.4+4ebb5c083e/fabric-recipe-api-v1-49532587-8.2.4+4ebb5c083e.jar to classpath.
[01:26:13] [main/DEBUG] (FabricLoader/Knot) Adding /Users/blackarcadia/IdeaProjects/AxialClientAlpha/run/.fabric/processedMods/org_jetbrains_kotlinx_kotlinx-ioe-jvm-0.9.1-cb2a0150b3a1a4cd.jar to classpath.
[01:26:13] [main/DEBUG] (FabricLoader/Knot) Adding /Users/blackarcadia/IdeaProjects/AxialClientAlpha/run/.fabric/processedMods/org_jetbrains_kotlin_kotlin-reflect-2.4.20-b64751dbc33b5e61.jar to classpath.
[01:26:13] [main/DEBUG] (FabricLoader/Knot) Adding /Users/blackarcadia/IdeaProjects/AxialClientAlpha/.gradle/loom-cache/remapped_mods/remapped/net/fabricmc/fabric-api/fabric-convention-tags-v2-49532587/2.17.3+8ef948ba3e/fabric-convention-tags-v2-49532587-2.17.3+8ef948ba3e.jar to classpath.
[01:26:13] [main/DEBUG] (FabricLoader/Knot) Adding /Users/blackarcadia/IdeaProjects/AxialClientAlpha/.gradle/loom-cache/remapped_mods/remapped/net/fabricmc/fabric-api/fabric-transfer-api-v1-49532587/6.0.25+4fc5413f3e/fabric-transfer-api-v1-49532587-6.0.25+4fc5413f3e.jar to classpath.
[01:26:13] [main/DEBUG] (FabricLoader/Knot) Adding /Users/blackarcadia/IdeaProjects/AxialClientAlpha/.gradle/loom-cache/remapped_mods/remapped/net/fabricmc/fabric-api/fabric-renderer-api-v1-49532587/8.0.3+f4ffd2e53e/fabric-renderer-api-v1-49532587-8.0.3+f4ffd2e53e.jar to classpath.
[01:26:13] [main/DEBUG] (FabricLoader/Knot) Adding /Users/blackarcadia/IdeaProjects/AxialClientAlpha/.gradle/loom-cache/remapped_mods/remapped/unspecified/PlayerAnimationLibFabric-1.1.10+mc.1.21.11-49532587/47b3e8b5e1/PlayerAnimationLibFabric-1.1.10+mc.1.21.11-49532587-47b3e8b5e1.jar to classpath.
[01:26:13] [main/DEBUG] (FabricLoader/Knot) Adding /Users/blackarcadia/IdeaProjects/AxialClientAlpha/.gradle/loom-cache/remapped_mods/remapped/net/fabricmc/fabric-api/fabric-biome-api-v1-49532587/17.1.1+4fc5413f3e/fabric-biome-api-v1-49532587-17.1.1+4fc5413f3e.jar to classpath.
[01:26:13] [main/DEBUG] (FabricLoader/Knot) Adding /Users/blackarcadia/IdeaProjects/AxialClientAlpha/.gradle/loom-cache/remapped_mods/remapped/net/fabricmc/fabric-api/fabric-screen-api-v1-49532587/3.1.7+4ebb5c083e/fabric-screen-api-v1-49532587-3.1.7+4ebb5c083e.jar to classpath.
[01:26:13] [main/DEBUG] (FabricLoader/Knot) Adding /Users/blackarcadia/IdeaProjects/AxialClientAlpha/.gradle/loom-cache/remapped_mods/remapped/net/fabricmc/fabric-api/fabric-content-registries-v0-49532587/10.2.14+4fc5413f3e/fabric-content-registries-v0-49532587-10.2.14+4fc5413f3e.jar to classpath.
[01:26:13] [main/DEBUG] (FabricLoader/Knot) Adding /Users/blackarcadia/IdeaProjects/AxialClientAlpha/.gradle/loom-cache/remapped_mods/remapped/net/fabricmc/fabric-api/fabric-convention-tags-v1-49532587/2.1.55+7f945d5b3e/fabric-convention-tags-v1-49532587-2.1.55+7f945d5b3e.jar to classpath.
[01:26:13] [main/DEBUG] (FabricLoader/Knot) Adding /Users/blackarcadia/IdeaProjects/AxialClientAlpha/run/.fabric/processedMods/lithium-0.21.4+mc1.21.11-64b5720b4b825f21.jar to classpath.
[01:26:13] [main/DEBUG] (FabricLoader/Knot) Adding /Users/blackarcadia/IdeaProjects/AxialClientAlpha/run/.fabric/processedMods/com_twelvemonkeys_imageio_imageiwebp-3.12.0-16e1ec7310cf986c.jar to classpath.
[01:26:13] [main/DEBUG] (FabricLoader/Knot) Adding /Users/blackarcadia/IdeaProjects/AxialClientAlpha/run/.fabric/processedMods/com_twelvemonkeys_imageio_imageicore-3.12.0-3b260d8299c9b513.jar to classpath.
[01:26:13] [main/DEBUG] (FabricLoader/Knot) Adding /Users/blackarcadia/IdeaProjects/AxialClientAlpha/.gradle/loom-cache/remapped_mods/remapped/net/fabricmc/fabric-api/fabric-command-api-v2-49532587/2.4.7+6b42a6003e/fabric-command-api-v2-49532587-2.4.7+6b42a6003e.jar to classpath.
[01:26:13] [main/DEBUG] (FabricLoader/Knot) Adding /Users/blackarcadia/IdeaProjects/AxialClientAlpha/.gradle/loom-cache/remapped_mods/remapped/net/fabricmc/fabric-api/fabric-data-generation-api-v1-49532587/23.5.0+88d7da613e/fabric-data-generation-api-v1-49532587-23.5.0+88d7da613e.jar to classpath.
[01:26:13] [main/DEBUG] (FabricLoader/Knot) Adding /Users/blackarcadia/IdeaProjects/AxialClientAlpha/run/.fabric/processedMods/yet_another_config_lib_v3-3.8.2+1.11-fabric-64b5720b4b825f21.jar to classpath.
[01:26:13] [main/DEBUG] (FabricLoader/Knot) Adding /Users/blackarcadia/IdeaProjects/AxialClientAlpha/run/.fabric/processedMods/xaerolib-1.7.3-59906400d56f105f.jar to classpath.
[01:26:13] [main/DEBUG] (FabricLoader/Knot) Adding /Users/blackarcadia/IdeaProjects/AxialClientAlpha/.gradle/loom-cache/remapped_mods/remapped/net/fabricmc/fabric-api/fabric-tag-api-v1-49532587/1.3.0+88d7da613e/fabric-tag-api-v1-49532587-1.3.0+88d7da613e.jar to classpath.
[01:26:13] [main/DEBUG] (FabricLoader/Knot) Adding /Users/blackarcadia/IdeaProjects/AxialClientAlpha/run/.fabric/processedMods/bendable_cuboids-2.0.1+mc.1.21.11-64b5720b4b825f21.jar to classpath.
[01:26:13] [main/DEBUG] (FabricLoader/Knot) Adding /Users/blackarcadia/IdeaProjects/AxialClientAlpha/.gradle/loom-cache/remapped_mods/remapped/net/fabricmc/fabric-api/fabric-dimensions-v1-49532587/4.0.28+4fc5413f3e/fabric-dimensions-v1-49532587-4.0.28+4fc5413f3e.jar to classpath.
[01:26:13] [main/DEBUG] (FabricLoader/Knot) Adding /Users/blackarcadia/IdeaProjects/AxialClientAlpha/run/.fabric/processedMods/org_quiltmc_parsers_gson-0.2.1-dca73e94c7c97f1f.jar to classpath.
[01:26:13] [main/DEBUG] (FabricLoader/Knot) Adding /Users/blackarcadia/IdeaProjects/AxialClientAlpha/run/.fabric/processedMods/org_jetbrains_kotlinx_atomicfu-jvm-0.33.0-e348aaa397d08812.jar to classpath.
[01:26:13] [main/DEBUG] (FabricLoader/Knot) Adding /Users/blackarcadia/IdeaProjects/AxialClientAlpha/run/.fabric/processedMods/moreculling-1.6.2-64b5720b4b825f21.jar to classpath.
[01:26:13] [main/DEBUG] (FabricLoader/Knot) Adding /Users/blackarcadia/IdeaProjects/AxialClientAlpha/.gradle/loom-cache/remapped_mods/remapped/net/fabricmc/fabric-api/fabric-message-api-v1-49532587/6.1.12+4ebb5c083e/fabric-message-api-v1-49532587-6.1.12+4ebb5c083e.jar to classpath.
[01:26:13] [main/DEBUG] (FabricLoader/Knot) Adding /Users/blackarcadia/IdeaProjects/AxialClientAlpha/run/.fabric/processedMods/org_jetbrains_kotlinx_kotlinx-se-jvm-1.11.0-d7ffe353d5ab8d56.jar to classpath.
[01:26:13] [main/DEBUG] (FabricLoader/Knot) Adding /Users/blackarcadia/IdeaProjects/AxialClientAlpha/.gradle/loom-cache/remapped_mods/remapped/net/fabricmc/fabric-api/fabric-loot-api-v2-49532587/3.0.73+3f89f5a53e/fabric-loot-api-v2-49532587-3.0.73+3f89f5a53e.jar to classpath.
[01:26:13] [main/DEBUG] (FabricLoader/Knot) Adding /Users/blackarcadia/IdeaProjects/AxialClientAlpha/.gradle/loom-cache/remapped_mods/remapped/net/fabricmc/fabric-api/fabric-registry-sync-v0-49532587/6.2.6+1718722b3e/fabric-registry-sync-v0-49532587-6.2.6+1718722b3e.jar to classpath.
[01:26:13] [main/DEBUG] (FabricLoader/Knot) Adding /Users/blackarcadia/IdeaProjects/AxialClientAlpha/run/.fabric/processedMods/cloth-config-21.11.153-64b5720b4b825f21.jar to classpath.
[01:26:13] [main/DEBUG] (FabricLoader/Knot) Adding /Users/blackarcadia/IdeaProjects/AxialClientAlpha/build/resources/main to classpath.
[01:26:13] [main/DEBUG] (FabricLoader/Knot) Adding /Users/blackarcadia/IdeaProjects/AxialClientAlpha/.gradle/loom-cache/remapped_mods/remapped/net/fabricmc/fabric-api/fabric-entity-events-v1-49532587/3.1.1+1d0ab4303e/fabric-entity-events-v1-49532587-3.1.1+1d0ab4303e.jar to classpath.
[01:26:13] [main/DEBUG] (FabricLoader/Knot) Adding /Users/blackarcadia/IdeaProjects/AxialClientAlpha/.gradle/loom-cache/remapped_mods/remapped/net/fabricmc/fabric-api/fabric-item-group-api-v1-49532587/4.2.36+4fc5413f3e/fabric-item-group-api-v1-49532587-4.2.36+4fc5413f3e.jar to classpath.
[01:26:13] [main/DEBUG] (FabricLoader/Knot) Adding /Users/blackarcadia/IdeaProjects/AxialClientAlpha/.gradle/loom-cache/remapped_mods/remapped/net/fabricmc/fabric-api/fabric-screen-handler-api-v1-49532587/1.3.162+4fc5413f3e/fabric-screen-handler-api-v1-49532587-1.3.162+4fc5413f3e.jar to classpath.
[01:26:13] [main/DEBUG] (FabricLoader/Knot) Adding /Users/blackarcadia/IdeaProjects/AxialClientAlpha/run/.fabric/processedMods/com_akuleshov7_ktoml-core-jvm-0.7.1-6270194b594dd61f.jar to classpath.
[01:26:13] [main/DEBUG] (FabricLoader/Knot) Adding /Users/blackarcadia/IdeaProjects/AxialClientAlpha/run/.fabric/processedMods/org_jetbrains_kotlinx_kotlinx-dae-jvm-0.8.0-29674e5d8fb61b6d.jar to classpath.
[01:26:13] [main/DEBUG] (FabricLoader/Knot) Adding /Users/blackarcadia/IdeaProjects/AxialClientAlpha/.gradle/loom-cache/remapped_mods/remapped/net/fabricmc/fabric-api/fabric-rendering-fluids-v1-49532587/3.1.43+4ebb5c083e/fabric-rendering-fluids-v1-49532587-3.1.43+4ebb5c083e.jar to classpath.
[01:26:13] [main/DEBUG] (FabricLoader/Knot) Adding /Users/blackarcadia/IdeaProjects/AxialClientAlpha/.gradle/loom-cache/remapped_mods/remapped/net/fabricmc/fabric-api/fabric-renderer-indigo-49532587/5.0.3+f4ffd2e53e/fabric-renderer-indigo-49532587-5.0.3+f4ffd2e53e.jar to classpath.
[01:26:13] [main/DEBUG] (FabricLoader/Knot) Adding /Users/blackarcadia/IdeaProjects/AxialClientAlpha/run/.fabric/processedMods/fabric-api-0.141.6+1.21.11-64b5720b4b825f21.jar to classpath.
[01:26:13] [main/DEBUG] (FabricLoader/Knot) Adding /Users/blackarcadia/IdeaProjects/AxialClientAlpha/run/.fabric/processedMods/com_twelvemonkeys_common_common-mage-3.12.0-deb3b1501a6070e5.jar to classpath.
[01:26:13] [main/DEBUG] (FabricLoader/Knot) Adding /Users/blackarcadia/IdeaProjects/AxialClientAlpha/.gradle/loom-cache/remapped_mods/remapped/net/fabricmc/fabric-api/fabric-events-interaction-v0-49532587/4.1.1+3b89ecf63e/fabric-events-interaction-v0-49532587-4.1.1+3b89ecf63e.jar to classpath.
[01:26:13] [main/DEBUG] (FabricLoader/Knot) Adding /Users/blackarcadia/IdeaProjects/AxialClientAlpha/.gradle/loom-cache/remapped_mods/remapped/net/fabricmc/fabric-api/fabric-game-rule-api-v1-49532587/2.0.3+4fc5413f3e/fabric-game-rule-api-v1-49532587-2.0.3+4fc5413f3e.jar to classpath.
[01:26:13] [main/DEBUG] (FabricLoader/Knot) Adding /Users/blackarcadia/IdeaProjects/AxialClientAlpha/run/.fabric/processedMods/org_jetbrains_kotlinx_kotlinx-co-jvm-1.11.0-e44c0f0f4a5439d9.jar to classpath.
[01:26:13] [main/DEBUG] (FabricLoader/Knot) Adding /Users/blackarcadia/IdeaProjects/AxialClientAlpha/run/.fabric/processedMods/trender-1.0.17-3e9ff154b64a1711.jar to classpath.
[01:26:13] [main/DEBUG] (FabricLoader/Knot) Adding /Users/blackarcadia/IdeaProjects/AxialClientAlpha/.gradle/loom-cache/remapped_mods/remapped/net/fabricmc/fabric-api/fabric-networking-api-v1-49532587/5.1.6+6b6d71a53e/fabric-networking-api-v1-49532587-5.1.6+6b6d71a53e.jar to classpath.
[01:26:13] [main/DEBUG] (FabricLoader/Knot) Adding /Users/blackarcadia/IdeaProjects/AxialClientAlpha/run/.fabric/processedMods/org_jetbrains_kotlin_kotlin-stdljdk7-2.4.20-1822c530892295f2.jar to classpath.
[01:26:13] [main/DEBUG] (FabricLoader/Knot) Adding /Users/blackarcadia/IdeaProjects/AxialClientAlpha/run/.fabric/processedMods/conditional-mixin-0.6.3-371dd4ded000e1fe.jar to classpath.
[01:26:13] [main/DEBUG] (FabricLoader/Knot) Adding /Users/blackarcadia/IdeaProjects/AxialClientAlpha/run/.fabric/processedMods/elementa-710-556e8f3b867d8b25.jar to classpath.
[01:26:13] [main/DEBUG] (FabricLoader/Knot) Adding /Users/blackarcadia/.gradle/caches/modules-2/files-2.1/io.github.llamalad7/mixinextras-fabric/0.5.5/d1055b99c0ab08a8403fe2da3d79ca28e6340a76/mixinextras-fabric-0.5.5.jar to classpath.
[01:26:13] [main/DEBUG] (FabricLoader/Knot) Adding /Users/blackarcadia/IdeaProjects/AxialClientAlpha/.gradle/loom-cache/remapped_mods/remapped/net/fabricmc/fabric-api/fabric-object-builder-api-v1-49532587/21.1.40+4fc5413f3e/fabric-object-builder-api-v1-49532587-21.1.40+4fc5413f3e.jar to classpath.
[01:26:13] [main/DEBUG] (FabricLoader/Knot) Adding /Users/blackarcadia/IdeaProjects/AxialClientAlpha/.gradle/loom-cache/remapped_mods/remapped/net/fabricmc/fabric-api/fabric-block-api-v1-49532587/1.1.10+4ebb5c083e/fabric-block-api-v1-49532587-1.1.10+4ebb5c083e.jar to classpath.
[01:26:13] [main/DEBUG] (FabricLoader/Knot) Adding /Users/blackarcadia/IdeaProjects/AxialClientAlpha/.gradle/loom-cache/remapped_mods/remapped/net/fabricmc/fabric-api/fabric-transitive-access-wideners-v1-49532587/7.1.0+014c8cec3e/fabric-transitive-access-wideners-v1-49532587-7.1.0+014c8cec3e.jar to classpath.
[01:26:13] [main/DEBUG] (FabricLoader/Knot) Adding /Users/blackarcadia/IdeaProjects/AxialClientAlpha/run/.fabric/processedMods/cloth-basic-math-0.6.1-17ea6dce277cc3b8.jar to classpath.
[01:26:13] [main/DEBUG] (FabricLoader/Knot) Adding /Users/blackarcadia/IdeaProjects/AxialClientAlpha/run/.fabric/processedMods/transition-1.0.25-6781535b4d29d52.jar to classpath.
[01:26:13] [main/DEBUG] (FabricLoader/Entrypoint) Registering new-style initializer net.fabricmc.fabric.impl.lookup.ApiLookupImpl for mod fabric-api-lookup-api-v1 (key main)
[01:26:13] [main/DEBUG] (FabricLoader/Entrypoint) Registering new-style initializer xaero.minimap.XaeroMinimapFabric for mod xaerominimap (key server)
[01:26:13] [main/DEBUG] (FabricLoader/Entrypoint) Registering new-style initializer xaero.common.XaeroHudModMenu for mod xaerominimap (key modmenu)
[01:26:13] [main/DEBUG] (FabricLoader/Entrypoint) Registering new-style initializer xaero.minimap.XaeroMinimapFabric for mod xaerominimap (key client)
[01:26:13] [main/DEBUG] (FabricLoader/Entrypoint) Registering new-style initializer net.fabricmc.fabric.impl.client.particle.ExtendedBlockStateParticleEffectSyncClient for mod fabric-particles-v1 (key client)
[01:26:13] [main/DEBUG] (FabricLoader/Entrypoint) Registering new-style initializer net.fabricmc.fabric.impl.particle.ExtendedBlockStateParticleEffectSync for mod fabric-particles-v1 (key main)
[01:26:13] [main/DEBUG] (FabricLoader/Entrypoint) Registering new-style initializer software.bernie.geckolib.GeckoLibClient for mod geckolib (key client)
[01:26:13] [main/DEBUG] (FabricLoader/Entrypoint) Registering new-style initializer software.bernie.geckolib.GeckoLib for mod geckolib (key main)
[01:26:13] [main/DEBUG] (FabricLoader/Entrypoint) Registering new-style initializer io.github.kosmx.emotes.fabric.ModMenu for mod emotecraft (key modmenu)
[01:26:13] [main/DEBUG] (FabricLoader/Entrypoint) Registering new-style initializer io.github.kosmx.emotes.fabric.EmotecraftClientFabricMod for mod emotecraft (key client)
[01:26:13] [main/DEBUG] (FabricLoader/Entrypoint) Registering new-style initializer io.github.kosmx.emotes.fabric.EmotecraftFabricMod for mod emotecraft (key main)
[01:26:13] [main/DEBUG] (FabricLoader/Entrypoint) Registering new-style initializer net.fabricmc.fabric.impl.client.event.lifecycle.ClientLifecycleEventsImpl for mod fabric-lifecycle-events-v1 (key client)
[01:26:13] [main/DEBUG] (FabricLoader/Entrypoint) Registering new-style initializer net.fabricmc.fabric.impl.event.lifecycle.LifecycleEventsImpl for mod fabric-lifecycle-events-v1 (key main)
[01:26:13] [main/DEBUG] (FabricLoader/Entrypoint) Registering new-style initializer dev.tr7zw.entityculling.config.EntityCullingModMenu for mod entityculling (key modmenu)
[01:26:13] [main/DEBUG] (FabricLoader/Entrypoint) Registering new-style initializer dev.tr7zw.entityculling.EntityCullingMod for mod entityculling (key client)
[01:26:13] [main/DEBUG] (FabricLoader/Entrypoint) Registering new-style initializer org.axial.axialutils.client.AxialUtilsDataGenerator for mod axialutils (key fabric-datagen)
[01:26:13] [main/DEBUG] (FabricLoader/Entrypoint) Registering new-style initializer org.axial.axialutils.client.AxialUtilsClient for mod axialutils (key client)
[01:26:13] [main/DEBUG] (FabricLoader/Entrypoint) Registering new-style initializer org.axial.axialutils.AxialUtils for mod axialutils (key main)
[01:26:13] [main/DEBUG] (FabricLoader/Entrypoint) Registering new-style initializer net.fabricmc.fabric.impl.client.model.loading.CustomUnbakedBlockStateModelInit for mod fabric-model-loading-api-v1 (key client)
[01:26:13] [main/DEBUG] (FabricLoader/Entrypoint) Registering new-style initializer net.fabricmc.fabric.impl.gametest.FabricGameTestModInitializer for mod fabric-gametest-api-v1 (key main)
[01:26:13] [main/DEBUG] (FabricLoader/Entrypoint) Registering new-style initializer net.fabricmc.fabric.impl.attachment.client.AttachmentSyncClient for mod fabric-data-attachment-api-v1 (key client)
[01:26:13] [main/DEBUG] (FabricLoader/Entrypoint) Registering new-style initializer net.fabricmc.fabric.impl.attachment.AttachmentEntrypoint for mod fabric-data-attachment-api-v1 (key main)
[01:26:13] [main/DEBUG] (FabricLoader/Entrypoint) Registering new-style initializer net.fabricmc.fabric.impl.attachment.sync.AttachmentSync for mod fabric-data-attachment-api-v1 (key main)
[01:26:13] [main/DEBUG] (FabricLoader/Entrypoint) Registering new-style initializer club.sk1er.mods.scrollabletooltips.ModMenuApiImpl for mod text_overflow_scroll (key modmenu)
[01:26:13] [main/DEBUG] (FabricLoader/Entrypoint) Registering new-style initializer net.fabricmc.fabric.impl.client.rendering.hud.HudStatusBarHeightRegistryImpl for mod fabric-rendering-v1 (key client)
[01:26:13] [main/DEBUG] (FabricLoader/Entrypoint) Registering new-style initializer dev.isxander.zoomify.integrations.ControlifyIntegration for mod zoomify (key controlify)
[01:26:13] [main/DEBUG] (FabricLoader/Entrypoint) Registering new-style initializer dev.isxander.zoomify.integrations.ModMenuIntegration for mod zoomify (key modmenu)
[01:26:13] [main/DEBUG] (FabricLoader/Entrypoint) Registering new-style initializer dev.isxander.zoomify.Zoomify for mod zoomify (key client)
[01:26:13] [main/DEBUG] (FabricLoader/Entrypoint) Registering new-style initializer net.fabricmc.fabric.impl.resource.conditions.ResourceConditionsImpl for mod fabric-resource-conditions-api-v1 (key main)
[01:26:13] [main/DEBUG] (FabricLoader/Entrypoint) Registering new-style initializer net.fabricmc.fabric.impl.recipe.ingredient.client.CustomIngredientSyncClient for mod fabric-recipe-api-v1 (key client)
[01:26:13] [main/DEBUG] (FabricLoader/Entrypoint) Registering new-style initializer net.fabricmc.fabric.impl.recipe.sync.client.RecipeSyncImplClient for mod fabric-recipe-api-v1 (key client)
[01:26:13] [main/DEBUG] (FabricLoader/Entrypoint) Registering new-style initializer net.fabricmc.fabric.impl.recipe.ingredient.CustomIngredientInit for mod fabric-recipe-api-v1 (key main)
[01:26:13] [main/DEBUG] (FabricLoader/Entrypoint) Registering new-style initializer net.fabricmc.fabric.impl.recipe.ingredient.CustomIngredientSync for mod fabric-recipe-api-v1 (key main)
[01:26:13] [main/DEBUG] (FabricLoader/Entrypoint) Registering new-style initializer net.fabricmc.fabric.impl.recipe.sync.RecipeSyncImpl for mod fabric-recipe-api-v1 (key main)
[01:26:13] [main/DEBUG] (FabricLoader/Entrypoint) Registering new-style initializer net.fabricmc.fabric.impl.tag.convention.v2.TranslationConventionLogWarnings for mod fabric-convention-tags-v2 (key main)
[01:26:13] [main/DEBUG] (FabricLoader/Entrypoint) Registering new-style initializer net.fabricmc.fabric.impl.renderer.DebugHudClient for mod fabric-renderer-api-v1 (key client)
[01:26:13] [main/DEBUG] (FabricLoader/Entrypoint) Registering new-style initializer com.zigythebird.playeranim.fabric.PlayerAnimLibModFabric for mod player_animation_library (key client)
[01:26:13] [main/DEBUG] (FabricLoader/Entrypoint) Registering new-style initializer net.fabricmc.fabric.impl.tag.convention.ConventionLogWarnings for mod fabric-convention-tags-v1 (key main)
[01:26:13] [main/DEBUG] (FabricLoader/Entrypoint) Registering new-style initializer net.caffeinemc.mods.lithium.fabric.LithiumFabricMod for mod lithium (key main)
[01:26:13] [main/DEBUG] (FabricLoader/Entrypoint) Registering new-style initializer dev.isxander.yacl3.platform.PlatformEntrypoint for mod yet_another_config_lib_v3 (key client)
[01:26:13] [main/DEBUG] (FabricLoader/Entrypoint) Registering new-style initializer xaero.lib.XaeroLibFabric for mod xaerolib (key server)
[01:26:13] [main/DEBUG] (FabricLoader/Entrypoint) Registering new-style initializer xaero.lib.mods.XaeroLibModMenu for mod xaerolib (key modmenu)
[01:26:13] [main/DEBUG] (FabricLoader/Entrypoint) Registering new-style initializer xaero.lib.XaeroLibFabric for mod xaerolib (key client)
[01:26:13] [main/DEBUG] (FabricLoader/Entrypoint) Registering new-style initializer net.fabricmc.fabric.impl.tag.TagInit for mod fabric-tag-api-v1 (key main)
[01:26:13] [main/DEBUG] (FabricLoader/Entrypoint) Registering new-style initializer com.zigythebird.bendable_cuboids.fabric.BendableCuboidsModFabric for mod bendable_cuboids (key client)
[01:26:13] [main/DEBUG] (FabricLoader/Entrypoint) Registering new-style initializer ca.fxco.moreculling.config.sodium.MoreCullingSodiumConfigBuilder for mod moreculling (key sodium:config_api_user)
[01:26:13] [main/DEBUG] (FabricLoader/Entrypoint) Registering new-style initializer ca.fxco.moreculling.config.ModMenuCompat for mod moreculling (key modmenu)
[01:26:13] [main/DEBUG] (FabricLoader/Entrypoint) Registering new-style initializer ca.fxco.moreculling.MoreCullingFabric for mod moreculling (key client)
[01:26:13] [main/DEBUG] (FabricLoader/Entrypoint) Registering new-style initializer net.fabricmc.fabric.impl.loot.v2.LootInitializer for mod fabric-loot-api-v2 (key main)
[01:26:13] [main/DEBUG] (FabricLoader/Entrypoint) Registering new-style initializer net.fabricmc.fabric.impl.client.registry.sync.FabricRegistryClientInit for mod fabric-registry-sync-v0 (key client)
[01:26:13] [main/DEBUG] (FabricLoader/Entrypoint) Registering new-style initializer net.fabricmc.fabric.impl.registry.sync.FabricRegistryInit for mod fabric-registry-sync-v0 (key main)
[01:26:13] [main/DEBUG] (FabricLoader/Entrypoint) Registering new-style initializer me.shedaniel.clothconfig2.fabric.ClothConfigModMenuDemo for mod cloth-config (key modmenu)
[01:26:13] [main/DEBUG] (FabricLoader/Entrypoint) Registering new-style initializer me.shedaniel.autoconfig.example.ExampleInits::exampleCommonInit for mod cloth-config (key client)
[01:26:13] [main/DEBUG] (FabricLoader/Entrypoint) Registering new-style initializer com.axial.cosmetics.AxialCosmetics for mod axial_cosmetics (key client)
[01:26:13] [main/DEBUG] (FabricLoader/Entrypoint) Registering new-style initializer net.fabricmc.fabric.impl.screenhandler.client.ClientNetworking for mod fabric-screen-handler-api-v1 (key client)
[01:26:13] [main/DEBUG] (FabricLoader/Entrypoint) Registering new-style initializer net.fabricmc.fabric.impl.screenhandler.Networking for mod fabric-screen-handler-api-v1 (key main)
[01:26:13] [main/DEBUG] (FabricLoader/Entrypoint) Registering new-style initializer net.fabricmc.fabric.impl.client.indigo.Indigo for mod fabric-renderer-indigo (key client)
[01:26:13] [main/DEBUG] (FabricLoader/Entrypoint) Registering new-style initializer net.fabricmc.fabric.impl.event.interaction.InteractionEventsRouter for mod fabric-events-interaction-v0 (key main)
[01:26:13] [main/DEBUG] (FabricLoader/Entrypoint) Registering new-style initializer dev.tr7zw.trender.gui.impl.modmenu.ModMenuSupport for mod trender (key modmenu)
[01:26:13] [main/DEBUG] (FabricLoader/Entrypoint) Registering new-style initializer dev.tr7zw.trender.gui.impl.client.LibGuiClient for mod trender (key client)
[01:26:13] [main/DEBUG] (FabricLoader/Entrypoint) Registering new-style initializer net.fabricmc.fabric.impl.networking.client.ClientNetworkingImpl::clientInit for mod fabric-networking-api-v1 (key client)
[01:26:13] [main/DEBUG] (FabricLoader/Entrypoint) Registering new-style initializer net.fabricmc.fabric.impl.networking.CommonPacketsImpl::init for mod fabric-networking-api-v1 (key main)
[01:26:13] [main/DEBUG] (FabricLoader/Entrypoint) Registering new-style initializer net.fabricmc.fabric.impl.networking.NetworkingImpl::init for mod fabric-networking-api-v1 (key main)
[01:26:13] [main/DEBUG] (FabricLoader/Entrypoint) Registering new-style initializer me.fallenbreath.conditionalmixin.fabric.ConditionalMixinFabric for mod conditional-mixin (key main)
[01:26:13] [main/DEBUG] (FabricLoader/Entrypoint) Registering new-style initializer dev.tr7zw.transition.ClientTRansitionMod for mod transition (key client)
[01:26:13] [main/INFO] (FabricLoader/Mixin) SpongePowered MIXIN Subsystem Version=0.8.7 Source=file:/Users/blackarcadia/.gradle/caches/modules-2/files-2.1/net.fabricmc/sponge-mixin/0.17.4+mixin.0.8.7/5f66cc9f59b8efaa942155a3d5a30599bf6640dd/sponge-mixin-0.17.4+mixin.0.8.7.jar Service=Knot/Fabric Env=CLIENT
[01:26:13] [main/DEBUG] (FabricLoader/Mixin) Initialising Mixin Platform Manager
[01:26:13] [main/DEBUG] (FabricLoader/Mixin) Adding mixin platform agents for container ContainerHandleURI(file:///Users/blackarcadia/.gradle/caches/modules-2/files-2.1/net.fabricmc/fabric-loader/0.19.5/ff9e65cffca4a67f31523e1807fe0855940fcbfa/fabric-loader-0.19.5.jar)
[01:26:13] [main/DEBUG] (FabricLoader/Mixin) Instancing new MixinPlatformAgentDefault for ContainerHandleURI(file:///Users/blackarcadia/.gradle/caches/modules-2/files-2.1/net.fabricmc/fabric-loader/0.19.5/ff9e65cffca4a67f31523e1807fe0855940fcbfa/fabric-loader-0.19.5.jar)
[01:26:13] [main/DEBUG] (FabricLoader/Mixin) MixinPlatformAgentDefault accepted container ContainerHandleURI(file:///Users/blackarcadia/.gradle/caches/modules-2/files-2.1/net.fabricmc/fabric-loader/0.19.5/ff9e65cffca4a67f31523e1807fe0855940fcbfa/fabric-loader-0.19.5.jar)
[01:26:13] [main/DEBUG] (FabricLoader/Mixin) Instancing new MixinPlatformAgentDefault for ContainerHandleURI(file:///Users/blackarcadia/.gradle/caches/modules-2/files-2.1/net.fabricmc/fabric-loader/0.19.5/ff9e65cffca4a67f31523e1807fe0855940fcbfa/fabric-loader-0.19.5.jar)
[01:26:13] [main/DEBUG] (FabricLoader/Mixin) MixinPlatformAgentDefault accepted container ContainerHandleURI(file:///Users/blackarcadia/.gradle/caches/modules-2/files-2.1/net.fabricmc/fabric-loader/0.19.5/ff9e65cffca4a67f31523e1807fe0855940fcbfa/fabric-loader-0.19.5.jar)
[01:26:13] [main/DEBUG] (FabricLoader/Mixin) Processing prepare() for PlatformAgent[MixinPlatformAgentDefault:ContainerHandleURI(file:///Users/blackarcadia/.gradle/caches/modules-2/files-2.1/net.fabricmc/fabric-loader/0.19.5/ff9e65cffca4a67f31523e1807fe0855940fcbfa/fabric-loader-0.19.5.jar)]
[01:26:13] [main/DEBUG] (FabricLoader/Mixin) Processing prepare() for PlatformAgent[MixinPlatformAgentDefault:ContainerHandleURI(file:///Users/blackarcadia/.gradle/caches/modules-2/files-2.1/net.fabricmc/fabric-loader/0.19.5/ff9e65cffca4a67f31523e1807fe0855940fcbfa/fabric-loader-0.19.5.jar)]
[01:26:13] [main/INFO] (FabricLoader/Mixin) Loaded Fabric development mappings for mixin remapper!
[01:26:13] [main/DEBUG] (FabricLoader/Mixin) Compatibility level JAVA_21 specified by fabric-api-lookup-api-v1.mixins.json is higher than the maximum level supported by this version of mixin (JAVA_13).
[01:26:13] [main/DEBUG] (FabricLoader/Mixin) Compatibility level set to JAVA_21
[01:26:13] [main/DEBUG] (FabricLoader/Mixin) Mixin config fabric-api-lookup-api-v1.mixins.json does not specify "minVersion" or "requiredFeatures" property
[01:26:13] [main/DEBUG] (FabricLoader/Mixin) Mixin config fabric-client-gametest-api-v1.mixins.json does not specify "minVersion" or "requiredFeatures" property
[01:26:13] [main/DEBUG] (FabricLoader/Mixin) Mixin config fabric-item-api-v1.mixins.json does not specify "minVersion" or "requiredFeatures" property
[01:26:13] [main/DEBUG] (FabricLoader/Mixin) Mixin config fabric-item-api-v1.client.mixins.json does not specify "minVersion" or "requiredFeatures" property
[01:26:13] [main/DEBUG] (FabricLoader/Mixin) Compatibility level JAVA_17 specified by xaerohud.mixins.json is higher than the maximum level supported by this version of mixin (JAVA_13).
[01:26:13] [main/DEBUG] (FabricLoader/Mixin) Compatibility level JAVA_17 specified by xaerohud.fabric.mixins.json is higher than the maximum level supported by this version of mixin (JAVA_13).
[01:26:13] [main/DEBUG] (FabricLoader/Mixin) Compatibility level JAVA_17 specified by xaerominimap.mixins.json is higher than the maximum level supported by this version of mixin (JAVA_13).
[01:26:13] [main/DEBUG] (FabricLoader/Mixin) Compatibility level JAVA_17 specified by xaerominimap.fabric.mixins.json is higher than the maximum level supported by this version of mixin (JAVA_13).
[01:26:13] [main/DEBUG] (FabricLoader/Mixin) Mixin config fabric-particles-v1.mixins.json does not specify "minVersion" or "requiredFeatures" property
[01:26:13] [main/DEBUG] (FabricLoader/Mixin) Mixin config fabric-particles-v1.client.mixins.json does not specify "minVersion" or "requiredFeatures" property
[01:26:13] [main/DEBUG] (FabricLoader/Mixin) Mixin config fabric-key-binding-api-v1.mixins.json does not specify "minVersion" or "requiredFeatures" property
[01:26:13] [main/DEBUG] (FabricLoader/Mixin) Mixin config fabric-resource-loader-v1.mixins.json does not specify "minVersion" or "requiredFeatures" property
[01:26:13] [main/DEBUG] (FabricLoader/Mixin) Mixin config fabric-resource-loader-v1.client.mixins.json does not specify "minVersion" or "requiredFeatures" property
[01:26:13] [main/DEBUG] (FabricLoader/Mixin) Compatibility level JAVA_17 specified by geckolib.mixins.json is higher than the maximum level supported by this version of mixin (JAVA_13).
[01:26:13] [main/DEBUG] (FabricLoader/Mixin) Compatibility level JAVA_16 specified by emotecraft-arch.mixins.json is higher than the maximum level supported by this version of mixin (JAVA_13).
[01:26:13] [main/DEBUG] (FabricLoader/Mixin) Mixin config fabric-lifecycle-events-v1.mixins.json does not specify "minVersion" or "requiredFeatures" property
[01:26:13] [main/DEBUG] (FabricLoader/Mixin) Mixin config fabric-lifecycle-events-v1.client.mixins.json does not specify "minVersion" or "requiredFeatures" property
[01:26:13] [main/DEBUG] (FabricLoader/Mixin) Compatibility level JAVA_16 specified by entityculling.mixins.json is higher than the maximum level supported by this version of mixin (JAVA_13).
[01:26:13] [main/DEBUG] (FabricLoader/Mixin) Compatibility level JAVA_17 specified by ferritecore.accessors.mixin.json is higher than the maximum level supported by this version of mixin (JAVA_13).
[01:26:13] [main/DEBUG] (FabricLoader/Mixin) Compatibility level JAVA_17 specified by ferritecore.blockstatecache.mixin.json is higher than the maximum level supported by this version of mixin (JAVA_13).
[01:26:13] [main/DEBUG] (FabricLoader/Mixin) Compatibility level JAVA_17 specified by ferritecore.fastmap.mixin.json is higher than the maximum level supported by this version of mixin (JAVA_13).
[01:26:13] [main/DEBUG] (FabricLoader/Mixin) Compatibility level JAVA_17 specified by ferritecore.datacomponents.mixin.json is higher than the maximum level supported by this version of mixin (JAVA_13).
[01:26:13] [main/DEBUG] (FabricLoader/Mixin) Compatibility level JAVA_17 specified by ferritecore.threaddetec.mixin.json is higher than the maximum level supported by this version of mixin (JAVA_13).
[01:26:13] [main/DEBUG] (FabricLoader/Mixin) Mixin config fabric-model-loading-api-v1.mixins.json does not specify "minVersion" or "requiredFeatures" property
[01:26:13] [main/DEBUG] (FabricLoader/Mixin) Mixin config fabric-loot-api-v3.mixins.json does not specify "minVersion" or "requiredFeatures" property
[01:26:13] [main/DEBUG] (FabricLoader/Mixin) Mixin config fabric-gametest-api-v1.mixins.json does not specify "minVersion" or "requiredFeatures" property
[01:26:13] [main/DEBUG] (FabricLoader/Mixin) Mixin config fabric-serialization-api-v1.mixins.json does not specify "minVersion" or "requiredFeatures" property
[01:26:13] [main/DEBUG] (FabricLoader/Mixin) Mixin config fabric-data-attachment-api-v1.mixins.json does not specify "minVersion" or "requiredFeatures" property
[01:26:13] [main/DEBUG] (FabricLoader/Mixin) Mixin config fabric-data-attachment-api-v1.client.mixins.json does not specify "minVersion" or "requiredFeatures" property
[01:26:13] [main/DEBUG] (FabricLoader/Mixin) Mixin config fabric-block-view-api-v2.mixins.json does not specify "minVersion" or "requiredFeatures" property
[01:26:13] [main/DEBUG] (FabricLoader/Mixin) Mixin config fabric-block-view-api-v2.client.mixins.json does not specify "minVersion" or "requiredFeatures" property
[01:26:13] [main/DEBUG] (FabricLoader/Mixin) Compatibility level JAVA_17 specified by mixins.scrollabletooltips.json is higher than the maximum level supported by this version of mixin (JAVA_13).
[01:26:13] [main/DEBUG] (FabricLoader/Mixin) Mixin config fabric-sound-api-v1.mixins.json does not specify "minVersion" or "requiredFeatures" property
[01:26:13] [main/DEBUG] (FabricLoader/Mixin) Mixin config fabric-crash-report-info-v1.mixins.json does not specify "minVersion" or "requiredFeatures" property
[01:26:13] [main/DEBUG] (FabricLoader/Mixin) Mixin config fabric-rendering-v1.mixins.json does not specify "minVersion" or "requiredFeatures" property
[01:26:13] [main/DEBUG] (FabricLoader/Mixin) Compatibility level JAVA_17 specified by zoomify.mixins.json is higher than the maximum level supported by this version of mixin (JAVA_13).
[01:26:13] [main/DEBUG] (FabricLoader/Mixin) Mixin config zoomify.mixins.json does not specify "minVersion" or "requiredFeatures" property
[01:26:13] [main/DEBUG] (FabricLoader/Mixin) Mixin config fabric-resource-conditions-api-v1.mixins.json does not specify "minVersion" or "requiredFeatures" property
[01:26:13] [main/DEBUG] (FabricLoader/Mixin) Mixin config fabric-recipe-api-v1.mixins.json does not specify "minVersion" or "requiredFeatures" property
[01:26:13] [main/DEBUG] (FabricLoader/Mixin) Mixin config fabric-recipe-api-v1.client.mixins.json does not specify "minVersion" or "requiredFeatures" property
[01:26:13] [main/DEBUG] (FabricLoader/Mixin) Mixin config fabric-convention-tags-api-v2.mixins.json does not specify "minVersion" or "requiredFeatures" property
[01:26:13] [main/DEBUG] (FabricLoader/Mixin) Mixin config fabric-transfer-api-v1.mixins.json does not specify "minVersion" or "requiredFeatures" property
[01:26:13] [main/DEBUG] (FabricLoader/Mixin) Mixin config fabric-renderer-api-v1.mixins.json does not specify "minVersion" or "requiredFeatures" property
[01:26:13] [main/DEBUG] (FabricLoader/Mixin) Mixin config fabric-biome-api-v1.mixins.json does not specify "minVersion" or "requiredFeatures" property
[01:26:13] [main/DEBUG] (FabricLoader/Mixin) Mixin config fabric-screen-api-v1.mixins.json does not specify "minVersion" or "requiredFeatures" property
[01:26:13] [main/DEBUG] (FabricLoader/Mixin) Mixin config fabric-content-registries-v0.mixins.json does not specify "minVersion" or "requiredFeatures" property
[01:26:13] [main/DEBUG] (FabricLoader/Mixin) Mixin config lithium.mixins.json does not specify "minVersion" or "requiredFeatures" property
[01:26:13] [main/DEBUG] (FabricLoader/Mixin) Mixin config lithium-fabric.mixins.json does not specify "minVersion" or "requiredFeatures" property
[01:26:13] [main/DEBUG] (FabricLoader/Mixin) Mixin config fabric-command-api-v2.mixins.json does not specify "minVersion" or "requiredFeatures" property
[01:26:13] [main/DEBUG] (FabricLoader/Mixin) Mixin config fabric-command-api-v2.client.mixins.json does not specify "minVersion" or "requiredFeatures" property
[01:26:13] [main/DEBUG] (FabricLoader/Mixin) Mixin config fabric-data-generation-api-v1.mixins.json does not specify "minVersion" or "requiredFeatures" property
[01:26:13] [main/DEBUG] (FabricLoader/Mixin) Mixin config fabric-data-generation-api-v1.client.mixins.json does not specify "minVersion" or "requiredFeatures" property
[01:26:13] [main/DEBUG] (FabricLoader/Mixin) Compatibility level JAVA_17 specified by yacl.mixins.json is higher than the maximum level supported by this version of mixin (JAVA_13).
[01:26:13] [main/DEBUG] (FabricLoader/Mixin) Mixin config yacl.mixins.json does not specify "minVersion" or "requiredFeatures" property
[01:26:13] [main/DEBUG] (FabricLoader/Mixin) Mixin config yacl-fabric.mixins.json does not specify "minVersion" or "requiredFeatures" property
[01:26:13] [main/DEBUG] (FabricLoader/Mixin) Compatibility level JAVA_17 specified by xaerolib.mixins.json is higher than the maximum level supported by this version of mixin (JAVA_13).
[01:26:13] [main/DEBUG] (FabricLoader/Mixin) Compatibility level JAVA_17 specified by xaerolib.fabric.mixins.json is higher than the maximum level supported by this version of mixin (JAVA_13).
[01:26:13] [main/DEBUG] (FabricLoader/Mixin) Mixin config fabric-tag-api-v1.mixins.json does not specify "minVersion" or "requiredFeatures" property
[01:26:13] [main/DEBUG] (FabricLoader/Mixin) Mixin config fabric-dimensions-v1.mixins.json does not specify "minVersion" or "requiredFeatures" property
[01:26:13] [main/DEBUG] (FabricLoader/Mixin) Mixin config fabric-message-api-v1.mixins.json does not specify "minVersion" or "requiredFeatures" property
[01:26:13] [main/DEBUG] (FabricLoader/Mixin) Mixin config fabric-message-api-v1.client.mixins.json does not specify "minVersion" or "requiredFeatures" property
[01:26:13] [main/DEBUG] (FabricLoader/Mixin) Mixin config fabric-loot-api-v2.mixins.json does not specify "minVersion" or "requiredFeatures" property
[01:26:13] [main/DEBUG] (FabricLoader/Mixin) Mixin config fabric-registry-sync-v0.mixins.json does not specify "minVersion" or "requiredFeatures" property
[01:26:13] [main/DEBUG] (FabricLoader/Mixin) Mixin config fabric-registry-sync-v0.client.mixins.json does not specify "minVersion" or "requiredFeatures" property
[01:26:13] [main/DEBUG] (FabricLoader/Mixin) Mixin config axial-cosmetics.mixins.json does not specify "minVersion" or "requiredFeatures" property
[01:26:13] [main/DEBUG] (FabricLoader/Mixin) Mixin config fabric-entity-events-v1.mixins.json does not specify "minVersion" or "requiredFeatures" property
[01:26:13] [main/DEBUG] (FabricLoader/Mixin) Mixin config fabric-item-group-api-v1.mixins.json does not specify "minVersion" or "requiredFeatures" property
[01:26:13] [main/DEBUG] (FabricLoader/Mixin) Mixin config fabric-item-group-api-v1.client.mixins.json does not specify "minVersion" or "requiredFeatures" property
[01:26:13] [main/DEBUG] (FabricLoader/Mixin) Mixin config fabric-screen-handler-api-v1.mixins.json does not specify "minVersion" or "requiredFeatures" property
[01:26:13] [main/DEBUG] (FabricLoader/Mixin) Mixin config fabric-rendering-fluids-v1.mixins.json does not specify "minVersion" or "requiredFeatures" property
[01:26:13] [main/DEBUG] (FabricLoader/Mixin) Mixin config fabric-renderer-indigo.mixins.json does not specify "minVersion" or "requiredFeatures" property
[01:26:13] [main/DEBUG] (FabricLoader/Mixin) Mixin config fabric-events-interaction-v0.mixins.json does not specify "minVersion" or "requiredFeatures" property
[01:26:13] [main/DEBUG] (FabricLoader/Mixin) Mixin config fabric-events-interaction-v0.client.mixins.json does not specify "minVersion" or "requiredFeatures" property
[01:26:13] [main/DEBUG] (FabricLoader/Mixin) Mixin config fabric-game-rule-api-v1.mixins.json does not specify "minVersion" or "requiredFeatures" property
[01:26:13] [main/DEBUG] (FabricLoader/Mixin) Mixin config fabric-game-rule-api-v1.client.mixins.json does not specify "minVersion" or "requiredFeatures" property
[01:26:13] [main/DEBUG] (FabricLoader/Mixin) Mixin config fabric-networking-api-v1.mixins.json does not specify "minVersion" or "requiredFeatures" property
[01:26:13] [main/DEBUG] (FabricLoader/Mixin) Mixin config fabric-networking-api-v1.client.mixins.json does not specify "minVersion" or "requiredFeatures" property
[01:26:13] [main/DEBUG] (FabricLoader/Mixin) Mixin config fabric-object-builder-v1.mixins.json does not specify "minVersion" or "requiredFeatures" property
[01:26:13] [main/DEBUG] (FabricLoader/Mixin) Mixin config fabric-object-builder-v1.client.mixins.json does not specify "minVersion" or "requiredFeatures" property
[01:26:13] [main/DEBUG] (FabricLoader/Mixin) Mixin config fabric-block-api-v1.mixins.json does not specify "minVersion" or "requiredFeatures" property
[01:26:13] [main/DEBUG] (FabricLoader/Knot) Adding /Users/blackarcadia/IdeaProjects/AxialClientAlpha/.gradle/loom-cache/minecraftMaven/net/minecraft/minecraft-merged-80c0e95c88/1.21.11-net.fabricmc.yarn.1_21_11.1.21.11+build.2-v2/minecraft-merged-80c0e95c88-1.21.11-net.fabricmc.yarn.1_21_11.1.21.11+build.2-v2.jar to classpath.
[01:26:13] [main/DEBUG] (FabricLoader/Knot) Adding /Users/blackarcadia/IdeaProjects/AxialClientAlpha/build/classes/java/main to classpath.
[01:26:13] [main/DEBUG] (FabricLoader/Knot) Adding /Users/blackarcadia/IdeaProjects/AxialClientAlpha/build/resources/main to classpath.
[01:26:13] [main/DEBUG] (FabricLoader/Knot) Adding /Users/blackarcadia/.gradle/caches/fabric-loom/1.21.11/net.fabricmc.yarn.1_21_11.1.21.11+build.2-v2/mappings.jar to classpath.
[01:26:13] [main/DEBUG] (FabricLoader/Knot) Adding /Users/blackarcadia/.gradle/caches/modules-2/files-2.1/net.raphimc/MinecraftAuth/5.0.0/b0cdfcc9c0bf955ac9ee3e85d791c44792ef309/MinecraftAuth-5.0.0.jar to classpath.
[01:26:13] [main/DEBUG] (FabricLoader/Knot) Adding /Users/blackarcadia/.gradle/caches/modules-2/files-2.1/me.friwi/jcefmaven/146.0.10/e7045992ff7c93b926dc30809744afdc8c2bbaaa/jcefmaven-146.0.10.jar to classpath.
[01:26:13] [main/DEBUG] (FabricLoader/Knot) Adding /Users/blackarcadia/.gradle/caches/modules-2/files-2.1/com.squareup.okhttp3/okhttp/4.12.0/2f4525d4a200e97e1b87449c2cd9bd2e25b7e8cd/okhttp-4.12.0.jar to classpath.
[01:26:13] [main/DEBUG] (FabricLoader/Knot) Adding /Users/blackarcadia/.gradle/caches/modules-2/files-2.1/org.apache.commons/commons-compress/1.28.0/e482f2c7a88dac3c497e96aa420b6a769f59c8d7/commons-compress-1.28.0.jar to classpath.
[01:26:13] [main/DEBUG] (FabricLoader/Knot) Adding /Users/blackarcadia/.gradle/caches/modules-2/files-2.1/net.lenni0451.commons/httpclient/1.9.0/e89fd0bec0345a626e2b0c7687e27f11681bb58e/httpclient-1.9.0.jar to classpath.
[01:26:13] [main/DEBUG] (FabricLoader/Knot) Adding /Users/blackarcadia/.gradle/caches/modules-2/files-2.1/net.lenni0451.commons/gson/1.9.0/cf6bf0180cec2519d0d3e078ddb718ad8b04e505/gson-1.9.0.jar to classpath.
[01:26:13] [main/DEBUG] (FabricLoader/Knot) Adding /Users/blackarcadia/.gradle/caches/modules-2/files-2.1/org.openjfx/javafx-controls/21.0.7/6de7422b3cf5ace6c87f92f37ce0a631bfc1a25f/javafx-controls-21.0.7-mac-aarch64.jar to classpath.
[01:26:13] [main/DEBUG] (FabricLoader/Knot) Adding /Users/blackarcadia/.gradle/caches/modules-2/files-2.1/org.openjfx/javafx-media/21.0.7/471a820c1f4a1449091e5ad1b52febdfe280a19f/javafx-media-21.0.7-mac-aarch64.jar to classpath.
[01:26:13] [main/DEBUG] (FabricLoader/Knot) Adding /Users/blackarcadia/.gradle/caches/modules-2/files-2.1/org.openjfx/javafx-swing/21.0.7/396f409fbdb75eb437e8663cc54c70b012d2d439/javafx-swing-21.0.7-mac-aarch64.jar to classpath.
[01:26:13] [main/DEBUG] (FabricLoader/Knot) Adding /Users/blackarcadia/.gradle/caches/modules-2/files-2.1/io.github.llamalad7/mixinextras-fabric/0.5.5/d1055b99c0ab08a8403fe2da3d79ca28e6340a76/mixinextras-fabric-0.5.5.jar to classpath.
[01:26:13] [main/DEBUG] (FabricLoader/Knot) Adding /Users/blackarcadia/.gradle/caches/modules-2/files-2.1/net.fabricmc/dev-launch-injector/0.2.1+build.8/da8bef7e6e2f952da707f282bdb46882a0fce5e3/dev-launch-injector-0.2.1+build.8.jar to classpath.
[01:26:13] [main/DEBUG] (FabricLoader/Knot) Adding /Users/blackarcadia/.gradle/caches/modules-2/files-2.1/at.yawk.lz4/lz4-java/1.8.1/1f30a180ee04ccd53339a716aec13cae60a013b5/lz4-java-1.8.1.jar to classpath.
[01:26:13] [main/DEBUG] (FabricLoader/Knot) Adding /Users/blackarcadia/.gradle/caches/modules-2/files-2.1/ca.weblite/java-objc-bridge/1.1/1227f9e0666314f9de41477e3ec277e542ed7f7b/java-objc-bridge-1.1.jar to classpath.
[01:26:13] [main/DEBUG] (FabricLoader/Knot) Adding /Users/blackarcadia/.gradle/caches/modules-2/files-2.1/com.azure/azure-json/1.4.0/fcc1d354dbc3e0300e5276b1bf124d0247799cd8/azure-json-1.4.0.jar to classpath.
[01:26:13] [main/DEBUG] (FabricLoader/Knot) Adding /Users/blackarcadia/.gradle/caches/modules-2/files-2.1/com.github.oshi/oshi-core/6.9.0/3224870731860cfcd7744581a05b559e94291e7/oshi-core-6.9.0.jar to classpath.
[01:26:13] [main/DEBUG] (FabricLoader/Knot) Adding /Users/blackarcadia/.gradle/caches/modules-2/files-2.1/com.google.guava/failureaccess/1.0.3/aeaffd00d57023a2c947393ed251f0354f0985fc/failureaccess-1.0.3.jar to classpath.
[01:26:13] [main/DEBUG] (FabricLoader/Knot) Adding /Users/blackarcadia/.gradle/caches/modules-2/files-2.1/com.google.guava/guava/33.5.0-jre/8699de25f2f979108d6c1b804a7ba38cda1116bc/guava-33.5.0-jre.jar to classpath.
[01:26:13] [main/DEBUG] (FabricLoader/Knot) Adding /Users/blackarcadia/.gradle/caches/modules-2/files-2.1/com.ibm.icu/icu4j/77.1/38693cf0b1d7362a8b726af74dc06026a7c23809/icu4j-77.1.jar to classpath.
[01:26:13] [main/DEBUG] (FabricLoader/Knot) Adding /Users/blackarcadia/.gradle/caches/modules-2/files-2.1/com.microsoft.azure/msal4j/1.23.1/6c722b514873b24a4e1ce9c22dca36ea3c22bdbe/msal4j-1.23.1.jar to classpath.
[01:26:13] [main/DEBUG] (FabricLoader/Knot) Adding /Users/blackarcadia/.gradle/caches/modules-2/files-2.1/com.mojang/blocklist/1.0.10/5c685c5ffa94c4cd39496c7184c1d122e515ecef/blocklist-1.0.10.jar to classpath.
[01:26:13] [main/DEBUG] (FabricLoader/Knot) Adding /Users/blackarcadia/.gradle/caches/modules-2/files-2.1/com.mojang/brigadier/1.3.10/d15b53a14cf20fdcaa98f731af5dda654452c010/brigadier-1.3.10.jar to classpath.
[01:26:13] [main/DEBUG] (FabricLoader/Knot) Adding /Users/blackarcadia/.gradle/caches/modules-2/files-2.1/com.mojang/datafixerupper/9.0.19/4e91f9712fa1e83231d1501625381b0210a977da/datafixerupper-9.0.19.jar to classpath.
[01:26:13] [main/DEBUG] (FabricLoader/Knot) Adding /Users/blackarcadia/.gradle/caches/modules-2/files-2.1/com.mojang/jtracy/1.0.37/a3fb649b2e2b2288d2978f0b0bc3d83f62809d1e/jtracy-1.0.37.jar to classpath.
[01:26:13] [main/DEBUG] (FabricLoader/Knot) Adding /Users/blackarcadia/.gradle/caches/modules-2/files-2.1/com.mojang/jtracy/1.0.37/a99fcb63b72fb623534d0ceb71bda4bed9b55b4c/jtracy-1.0.37-natives-macos.jar to classpath.
[01:26:13] [main/DEBUG] (FabricLoader/Knot) Adding /Users/blackarcadia/.gradle/caches/modules-2/files-2.1/com.mojang/jtracy/1.0.37/c8e971da5150aa33283c5bf4097154c0da554fb9/jtracy-1.0.37-natives-macos-arm64.jar to classpath.
[01:26:13] [main/DEBUG] (FabricLoader/Knot) Adding /Users/blackarcadia/.gradle/caches/modules-2/files-2.1/com.mojang/patchy/2.2.10/da05971b07cbb379d002cf7eaec6a2048211fefc/patchy-2.2.10.jar to classpath.
[01:26:13] [main/DEBUG] (FabricLoader/Knot) Adding /Users/blackarcadia/.gradle/caches/modules-2/files-2.1/com.mojang/text2speech/1.18.11/e853a12cdd6ba4f4836e8f4bf3b37844a13482b6/text2speech-1.18.11.jar to classpath.
[01:26:13] [main/DEBUG] (FabricLoader/Knot) Adding /Users/blackarcadia/.gradle/caches/modules-2/files-2.1/commons-codec/commons-codec/1.19.0/8c0dbe3ae883fceda9b50a6c76e745e548073388/commons-codec-1.19.0.jar to classpath.
[01:26:13] [main/DEBUG] (FabricLoader/Knot) Adding /Users/blackarcadia/.gradle/caches/modules-2/files-2.1/commons-io/commons-io/2.20.0/36f3474daec2849c149e877614e7f979b2082cd2/commons-io-2.20.0.jar to classpath.
[01:26:13] [main/DEBUG] (FabricLoader/Knot) Adding /Users/blackarcadia/.gradle/caches/modules-2/files-2.1/io.netty/netty-buffer/4.2.7.Final/5555ff561643bf2f8430fb57c24403c0efe15994/netty-buffer-4.2.7.Final.jar to classpath.
[01:26:13] [main/DEBUG] (FabricLoader/Knot) Adding /Users/blackarcadia/.gradle/caches/modules-2/files-2.1/io.netty/netty-codec-base/4.2.7.Final/915e381ebabcf115f1c7ff7032d55c48afb50210/netty-codec-base-4.2.7.Final.jar to classpath.
[01:26:13] [main/DEBUG] (FabricLoader/Knot) Adding /Users/blackarcadia/.gradle/caches/modules-2/files-2.1/io.netty/netty-codec-compression/4.2.7.Final/572341bc1ca90fd9d6e47f1d2694aab5258566e9/netty-codec-compression-4.2.7.Final.jar to classpath.
[01:26:13] [main/DEBUG] (FabricLoader/Knot) Adding /Users/blackarcadia/.gradle/caches/modules-2/files-2.1/io.netty/netty-codec-http/4.2.7.Final/b734c108854099c421fd94d92d9f865e4d4da853/netty-codec-http-4.2.7.Final.jar to classpath.
[01:26:13] [main/DEBUG] (FabricLoader/Knot) Adding /Users/blackarcadia/.gradle/caches/modules-2/files-2.1/io.netty/netty-common/4.2.7.Final/11aa30df26af4fca3239ac1917f303a280f301e1/netty-common-4.2.7.Final.jar to classpath.
[01:26:13] [main/DEBUG] (FabricLoader/Knot) Adding /Users/blackarcadia/.gradle/caches/modules-2/files-2.1/io.netty/netty-handler/4.2.7.Final/7ad8a1f851e2e6fe93cdd091871fda2b81c03b5b/netty-handler-4.2.7.Final.jar to classpath.
[01:26:13] [main/DEBUG] (FabricLoader/Knot) Adding /Users/blackarcadia/.gradle/caches/modules-2/files-2.1/io.netty/netty-resolver/4.2.7.Final/5f3e5ef8de03992cd4fb46960dc0085ec1a12a12/netty-resolver-4.2.7.Final.jar to classpath.
[01:26:13] [main/DEBUG] (FabricLoader/Knot) Adding /Users/blackarcadia/.gradle/caches/modules-2/files-2.1/io.netty/netty-transport-classes-epoll/4.2.7.Final/1075c09f48a78eef9d819fbfd9096b903fdd362a/netty-transport-classes-epoll-4.2.7.Final.jar to classpath.
[01:26:13] [main/DEBUG] (FabricLoader/Knot) Adding /Users/blackarcadia/.gradle/caches/modules-2/files-2.1/io.netty/netty-transport-classes-kqueue/4.2.7.Final/bdec7c23c75caabd848426d073c09568e8d5f94e/netty-transport-classes-kqueue-4.2.7.Final.jar to classpath.
[01:26:13] [main/DEBUG] (FabricLoader/Knot) Adding /Users/blackarcadia/.gradle/caches/modules-2/files-2.1/io.netty/netty-transport-native-kqueue/4.2.7.Final/e5a0feef41410c8a5ae00c6cb4e0c99bd0aded6a/netty-transport-native-kqueue-4.2.7.Final-osx-aarch_64.jar to classpath.
[01:26:13] [main/DEBUG] (FabricLoader/Knot) Adding /Users/blackarcadia/.gradle/caches/modules-2/files-2.1/io.netty/netty-transport-native-kqueue/4.2.7.Final/40868fd4e43bce2798245f790624b58803dc26b6/netty-transport-native-kqueue-4.2.7.Final-osx-x86_64.jar to classpath.
[01:26:13] [main/DEBUG] (FabricLoader/Knot) Adding /Users/blackarcadia/.gradle/caches/modules-2/files-2.1/io.netty/netty-transport-native-unix-common/4.2.7.Final/89953f04259ea7502cffb313630dd51e00e60669/netty-transport-native-unix-common-4.2.7.Final.jar to classpath.
[01:26:13] [main/DEBUG] (FabricLoader/Knot) Adding /Users/blackarcadia/.gradle/caches/modules-2/files-2.1/io.netty/netty-transport/4.2.7.Final/83ea548981d0d8c4a98027cc1a6f9624f902e142/netty-transport-4.2.7.Final.jar to classpath.
[01:26:13] [main/DEBUG] (FabricLoader/Knot) Adding /Users/blackarcadia/.gradle/caches/modules-2/files-2.1/it.unimi.dsi/fastutil/8.5.18/a6cff377eecc19c2037bf31568a6d7106b50ba1f/fastutil-8.5.18.jar to classpath.
[01:26:13] [main/DEBUG] (FabricLoader/Knot) Adding /Users/blackarcadia/.gradle/caches/modules-2/files-2.1/net.java.dev.jna/jna-platform/5.17.0/a4934c44d25a9d8c2ddf4203affd20330cb3426f/jna-platform-5.17.0.jar to classpath.
[01:26:13] [main/DEBUG] (FabricLoader/Knot) Adding /Users/blackarcadia/.gradle/caches/modules-2/files-2.1/net.java.dev.jna/jna/5.17.0/33d12735bef894440780fce64f9758d420c7bae2/jna-5.17.0.jar to classpath.
[01:26:13] [main/DEBUG] (FabricLoader/Knot) Adding /Users/blackarcadia/.gradle/caches/modules-2/files-2.1/net.sf.jopt-simple/jopt-simple/5.0.4/4fdac2fbe92dfad86aa6e9301736f6b4342a3f5c/jopt-simple-5.0.4.jar to classpath.
[01:26:13] [main/DEBUG] (FabricLoader/Knot) Adding /Users/blackarcadia/.gradle/caches/modules-2/files-2.1/org.apache.commons/commons-lang3/3.19.0/d6524b169a6574cd253760c472d419b47bfd37e6/commons-lang3-3.19.0.jar to classpath.
[01:26:13] [main/DEBUG] (FabricLoader/Knot) Adding /Users/blackarcadia/.gradle/caches/modules-2/files-2.1/org.jcraft/jorbis/0.0.17/8872d22b293e8f5d7d56ff92be966e6dc28ebdc6/jorbis-0.0.17.jar to classpath.
[01:26:13] [main/DEBUG] (FabricLoader/Knot) Adding /Users/blackarcadia/.gradle/caches/modules-2/files-2.1/org.joml/joml/1.10.8/fc0a71dad90a2cf41d82a76156a0e700af8e4f8d/joml-1.10.8.jar to classpath.
[01:26:13] [main/DEBUG] (FabricLoader/Knot) Adding /Users/blackarcadia/.gradle/caches/modules-2/files-2.1/org.jspecify/jspecify/1.0.0/7425a601c1c7ec76645a78d22b8c6a627edee507/jspecify-1.0.0.jar to classpath.
[01:26:13] [main/DEBUG] (FabricLoader/Knot) Adding /Users/blackarcadia/.gradle/caches/modules-2/files-2.1/org.lwjgl/lwjgl-freetype/3.3.3/a0db6c84a8becc8ca05f9dbfa985edc348a824c7/lwjgl-freetype-3.3.3.jar to classpath.
[01:26:13] [main/DEBUG] (FabricLoader/Knot) Adding /Users/blackarcadia/.gradle/caches/modules-2/files-2.1/org.lwjgl/lwjgl-freetype/3.3.3/b0a8c9baa9d1f54ac61e1ab9640c7659e7fa700c/lwjgl-freetype-3.3.3-natives-macos-arm64.jar to classpath.
[01:26:13] [main/DEBUG] (FabricLoader/Knot) Adding /Users/blackarcadia/.gradle/caches/modules-2/files-2.1/org.lwjgl/lwjgl-freetype/3.3.3/806d869f37ce0df388a24e17aaaf5ca0894d851b/lwjgl-freetype-3.3.3-natives-macos-patch.jar to classpath.
[01:26:13] [main/DEBUG] (FabricLoader/Knot) Adding /Users/blackarcadia/.gradle/caches/modules-2/files-2.1/org.lwjgl/lwjgl-glfw/3.3.3/efa1eb78c5ccd840e9f329717109b5e892d72f8e/lwjgl-glfw-3.3.3.jar to classpath.
[01:26:13] [main/DEBUG] (FabricLoader/Knot) Adding /Users/blackarcadia/.gradle/caches/modules-2/files-2.1/org.lwjgl/lwjgl-glfw/3.3.3/a1bf400f6bc64e6195596cb1430dafda46090751/lwjgl-glfw-3.3.3-natives-macos.jar to classpath.
[01:26:13] [main/DEBUG] (FabricLoader/Knot) Adding /Users/blackarcadia/.gradle/caches/modules-2/files-2.1/org.lwjgl/lwjgl-glfw/3.3.3/ee8cc78d0a4a5b3b4600fade6d927c9fc320c858/lwjgl-glfw-3.3.3-natives-macos-arm64.jar to classpath.
[01:26:13] [main/DEBUG] (FabricLoader/Knot) Adding /Users/blackarcadia/.gradle/caches/modules-2/files-2.1/org.lwjgl/lwjgl-jemalloc/3.3.3/b543467b7ff3c6920539a88ee602d34098628be5/lwjgl-jemalloc-3.3.3.jar to classpath.
[01:26:13] [main/DEBUG] (FabricLoader/Knot) Adding /Users/blackarcadia/.gradle/caches/modules-2/files-2.1/org.lwjgl/lwjgl-jemalloc/3.3.3/2906637657a57579847238c9c72d2c4bde7083f8/lwjgl-jemalloc-3.3.3-natives-macos.jar to classpath.
[01:26:13] [main/DEBUG] (FabricLoader/Knot) Adding /Users/blackarcadia/.gradle/caches/modules-2/files-2.1/org.lwjgl/lwjgl-jemalloc/3.3.3/e9412c3ff8cb3a3bad1d3f52909ad74d8a5bdad1/lwjgl-jemalloc-3.3.3-natives-macos-arm64.jar to classpath.
[01:26:13] [main/DEBUG] (FabricLoader/Knot) Adding /Users/blackarcadia/.gradle/caches/modules-2/files-2.1/org.lwjgl/lwjgl-openal/3.3.3/daada81ceb5fc0c291fbfdd4433cb8d9423577f2/lwjgl-openal-3.3.3.jar to classpath.
[01:26:13] [main/DEBUG] (FabricLoader/Knot) Adding /Users/blackarcadia/.gradle/caches/modules-2/files-2.1/org.lwjgl/lwjgl-openal/3.3.3/8df8338bfa77f2ebabef4e58964bd04d24805cbf/lwjgl-openal-3.3.3-natives-macos.jar to classpath.
[01:26:13] [main/DEBUG] (FabricLoader/Knot) Adding /Users/blackarcadia/.gradle/caches/modules-2/files-2.1/org.lwjgl/lwjgl-openal/3.3.3/c78b078de2fb52f45aa55d04db889a560f3544f/lwjgl-openal-3.3.3-natives-macos-arm64.jar to classpath.
[01:26:13] [main/DEBUG] (FabricLoader/Knot) Adding /Users/blackarcadia/.gradle/caches/modules-2/files-2.1/org.lwjgl/lwjgl-opengl/3.3.3/2f6b0147078396a58979125a4c947664e98293a/lwjgl-opengl-3.3.3.jar to classpath.
[01:26:13] [main/DEBUG] (FabricLoader/Knot) Adding /Users/blackarcadia/.gradle/caches/modules-2/files-2.1/org.lwjgl/lwjgl-opengl/3.3.3/1bd45997551ae8a28469f3a2b678f4b7289e12c0/lwjgl-opengl-3.3.3-natives-macos.jar to classpath.
[01:26:13] [main/DEBUG] (FabricLoader/Knot) Adding /Users/blackarcadia/.gradle/caches/modules-2/files-2.1/org.lwjgl/lwjgl-opengl/3.3.3/d213ddef27637b1af87961ffa94d6b27036becc8/lwjgl-opengl-3.3.3-natives-macos-arm64.jar to classpath.
[01:26:13] [main/DEBUG] (FabricLoader/Knot) Adding /Users/blackarcadia/.gradle/caches/modules-2/files-2.1/org.lwjgl/lwjgl-stb/3.3.3/25dd6161988d7e65f71d5065c99902402ee32746/lwjgl-stb-3.3.3.jar to classpath.
[01:26:13] [main/DEBUG] (FabricLoader/Knot) Adding /Users/blackarcadia/.gradle/caches/modules-2/files-2.1/org.lwjgl/lwjgl-stb/3.3.3/472792c98fb2c1557c060cb9da5fca6a9773621f/lwjgl-stb-3.3.3-natives-macos.jar to classpath.
[01:26:13] [main/DEBUG] (FabricLoader/Knot) Adding /Users/blackarcadia/.gradle/caches/modules-2/files-2.1/org.lwjgl/lwjgl-stb/3.3.3/51c6955571fbcdb7bb538c6aa589b953b584c6af/lwjgl-stb-3.3.3-natives-macos-arm64.jar to classpath.
[01:26:13] [main/DEBUG] (FabricLoader/Knot) Adding /Users/blackarcadia/.gradle/caches/modules-2/files-2.1/org.lwjgl/lwjgl-tinyfd/3.3.3/82d755ca94b102e9ca77283b9e2dc46d1b15fbe5/lwjgl-tinyfd-3.3.3.jar to classpath.
[01:26:13] [main/DEBUG] (FabricLoader/Knot) Adding /Users/blackarcadia/.gradle/caches/modules-2/files-2.1/org.lwjgl/lwjgl-tinyfd/3.3.3/6598081e346a03038a8be68eb2de614a1c2eac68/lwjgl-tinyfd-3.3.3-natives-macos.jar to classpath.
[01:26:13] [main/DEBUG] (FabricLoader/Knot) Adding /Users/blackarcadia/.gradle/caches/modules-2/files-2.1/org.lwjgl/lwjgl-tinyfd/3.3.3/406feedb977372085a61eb0fee358183f4f4c67a/lwjgl-tinyfd-3.3.3-natives-macos-arm64.jar to classpath.
[01:26:13] [main/DEBUG] (FabricLoader/Knot) Adding /Users/blackarcadia/.gradle/caches/modules-2/files-2.1/org.lwjgl/lwjgl/3.3.3/29589b5f87ed335a6c7e7ee6a5775f81f97ecb84/lwjgl-3.3.3.jar to classpath.
[01:26:13] [main/DEBUG] (FabricLoader/Knot) Adding /Users/blackarcadia/.gradle/caches/modules-2/files-2.1/org.lwjgl/lwjgl/3.3.3/33a6efa288390490ce6eb6c3df47ac21ecf648cf/lwjgl-3.3.3-natives-macos.jar to classpath.
[01:26:13] [main/DEBUG] (FabricLoader/Knot) Adding /Users/blackarcadia/.gradle/caches/modules-2/files-2.1/org.lwjgl/lwjgl/3.3.3/226246e75f6bd8d4e1895bdce8638ef87808d114/lwjgl-3.3.3-natives-macos-arm64.jar to classpath.
[01:26:13] [main/DEBUG] (FabricLoader/Knot) Adding /Users/blackarcadia/.gradle/caches/modules-2/files-2.1/io.netty/netty-transport-native-epoll/4.2.7.Final/e83998bfc10b5289d9bcbe807c4079ef0eed8e6f/netty-transport-native-epoll-4.2.7.Final-linux-x86_64.jar to classpath.
[01:26:13] [main/DEBUG] (FabricLoader/Knot) Adding /Users/blackarcadia/.gradle/caches/modules-2/files-2.1/io.netty/netty-transport-native-epoll/4.2.7.Final/98d02251c98c8f07a23ac5ea27657d9e0ef57614/netty-transport-native-epoll-4.2.7.Final-linux-aarch_64.jar to classpath.
[01:26:13] [main/DEBUG] (FabricLoader/Knot) Adding /Users/blackarcadia/IdeaProjects/AxialClientAlpha/.gradle/loom-cache/remapped_mods/remapped/net/fabricmc/fabric-api/fabric-api-49532587/0.141.6+1.21.11/fabric-api-49532587-0.141.6+1.21.11.jar to classpath.
[01:26:13] [main/DEBUG] (FabricLoader/Knot) Adding /Users/blackarcadia/IdeaProjects/AxialClientAlpha/.gradle/loom-cache/remapped_mods/remapped/unspecified/geckolib-fabric-1.21.11-5.4.5-49532587/9ce5452528/geckolib-fabric-1.21.11-5.4.5-49532587-9ce5452528.jar to classpath.
[01:26:13] [main/DEBUG] (FabricLoader/Knot) Adding /Users/blackarcadia/IdeaProjects/AxialClientAlpha/.gradle/loom-cache/remapped_mods/remapped/unspecified/axialutils-1.0-SNAPSHOT-49532587/7e1996f954/axialutils-1.0-SNAPSHOT-49532587-7e1996f954.jar to classpath.
[01:26:13] [main/DEBUG] (FabricLoader/Knot) Adding /Users/blackarcadia/IdeaProjects/AxialClientAlpha/.gradle/loom-cache/remapped_mods/remapped/net/fabricmc/fabric-api/fabric-transfer-api-v1-49532587/6.0.25+4fc5413f3e/fabric-transfer-api-v1-49532587-6.0.25+4fc5413f3e.jar to classpath.
[01:26:13] [main/DEBUG] (FabricLoader/Knot) Adding /Users/blackarcadia/IdeaProjects/AxialClientAlpha/.gradle/loom-cache/remapped_mods/remapped/net/fabricmc/fabric-api/fabric-api-lookup-api-v1-49532587/1.6.114+20dc27073e/fabric-api-lookup-api-v1-49532587-1.6.114+20dc27073e.jar to classpath.
[01:26:13] [main/DEBUG] (FabricLoader/Knot) Adding /Users/blackarcadia/IdeaProjects/AxialClientAlpha/.gradle/loom-cache/remapped_mods/remapped/net/fabricmc/fabric-api/fabric-command-api-v2-49532587/2.4.7+6b42a6003e/fabric-command-api-v2-49532587-2.4.7+6b42a6003e.jar to classpath.
[01:26:13] [main/DEBUG] (FabricLoader/Knot) Adding /Users/blackarcadia/IdeaProjects/AxialClientAlpha/.gradle/loom-cache/remapped_mods/remapped/net/fabricmc/fabric-api/fabric-content-registries-v0-49532587/10.2.14+4fc5413f3e/fabric-content-registries-v0-49532587-10.2.14+4fc5413f3e.jar to classpath.
[01:26:13] [main/DEBUG] (FabricLoader/Knot) Adding /Users/blackarcadia/IdeaProjects/AxialClientAlpha/.gradle/loom-cache/remapped_mods/remapped/net/fabricmc/fabric-api/fabric-data-generation-api-v1-49532587/23.5.0+88d7da613e/fabric-data-generation-api-v1-49532587-23.5.0+88d7da613e.jar to classpath.
[01:26:13] [main/DEBUG] (FabricLoader/Knot) Adding /Users/blackarcadia/IdeaProjects/AxialClientAlpha/.gradle/loom-cache/remapped_mods/remapped/net/fabricmc/fabric-api/fabric-convention-tags-v1-49532587/2.1.55+7f945d5b3e/fabric-convention-tags-v1-49532587-2.1.55+7f945d5b3e.jar to classpath.
[01:26:13] [main/DEBUG] (FabricLoader/Knot) Adding /Users/blackarcadia/IdeaProjects/AxialClientAlpha/.gradle/loom-cache/remapped_mods/remapped/net/fabricmc/fabric-api/fabric-convention-tags-v2-49532587/2.17.3+8ef948ba3e/fabric-convention-tags-v2-49532587-2.17.3+8ef948ba3e.jar to classpath.
[01:26:13] [main/DEBUG] (FabricLoader/Knot) Adding /Users/blackarcadia/IdeaProjects/AxialClientAlpha/.gradle/loom-cache/remapped_mods/remapped/net/fabricmc/fabric-api/fabric-data-attachment-api-v1-49532587/1.8.48+eed0806f3e/fabric-data-attachment-api-v1-49532587-1.8.48+eed0806f3e.jar to classpath.
[01:26:13] [main/DEBUG] (FabricLoader/Knot) Adding /Users/blackarcadia/IdeaProjects/AxialClientAlpha/.gradle/loom-cache/remapped_mods/remapped/net/fabricmc/fabric-api/fabric-entity-events-v1-49532587/3.1.1+1d0ab4303e/fabric-entity-events-v1-49532587-3.1.1+1d0ab4303e.jar to classpath.
[01:26:13] [main/DEBUG] (FabricLoader/Knot) Adding /Users/blackarcadia/IdeaProjects/AxialClientAlpha/.gradle/loom-cache/remapped_mods/remapped/net/fabricmc/fabric-api/fabric-events-interaction-v0-49532587/4.1.1+3b89ecf63e/fabric-events-interaction-v0-49532587-4.1.1+3b89ecf63e.jar to classpath.
[01:26:13] [main/DEBUG] (FabricLoader/Knot) Adding /Users/blackarcadia/IdeaProjects/AxialClientAlpha/.gradle/loom-cache/remapped_mods/remapped/net/fabricmc/fabric-api/fabric-game-rule-api-v1-49532587/2.0.3+4fc5413f3e/fabric-game-rule-api-v1-49532587-2.0.3+4fc5413f3e.jar to classpath.
[01:26:13] [main/DEBUG] (FabricLoader/Knot) Adding /Users/blackarcadia/IdeaProjects/AxialClientAlpha/.gradle/loom-cache/remapped_mods/remapped/net/fabricmc/fabric-api/fabric-gametest-api-v1-49532587/3.1.27+4fc5413f3e/fabric-gametest-api-v1-49532587-3.1.27+4fc5413f3e.jar to classpath.
[01:26:13] [main/DEBUG] (FabricLoader/Knot) Adding /Users/blackarcadia/IdeaProjects/AxialClientAlpha/.gradle/loom-cache/remapped_mods/remapped/net/fabricmc/fabric-api/fabric-item-api-v1-49532587/11.6.0+67f17bb43e/fabric-item-api-v1-49532587-11.6.0+67f17bb43e.jar to classpath.
[01:26:13] [main/DEBUG] (FabricLoader/Knot) Adding /Users/blackarcadia/IdeaProjects/AxialClientAlpha/.gradle/loom-cache/remapped_mods/remapped/net/fabricmc/fabric-api/fabric-item-group-api-v1-49532587/4.2.36+4fc5413f3e/fabric-item-group-api-v1-49532587-4.2.36+4fc5413f3e.jar to classpath.
[01:26:13] [main/DEBUG] (FabricLoader/Knot) Adding /Users/blackarcadia/IdeaProjects/AxialClientAlpha/.gradle/loom-cache/remapped_mods/remapped/net/fabricmc/fabric-api/fabric-recipe-api-v1-49532587/8.2.4+4ebb5c083e/fabric-recipe-api-v1-49532587-8.2.4+4ebb5c083e.jar to classpath.
[01:26:13] [main/DEBUG] (FabricLoader/Knot) Adding /Users/blackarcadia/IdeaProjects/AxialClientAlpha/.gradle/loom-cache/remapped_mods/remapped/net/fabricmc/fabric-api/fabric-model-loading-api-v1-49532587/6.0.15+4fc5413f3e/fabric-model-loading-api-v1-49532587-6.0.15+4fc5413f3e.jar to classpath.
[01:26:13] [main/DEBUG] (FabricLoader/Knot) Adding /Users/blackarcadia/IdeaProjects/AxialClientAlpha/.gradle/loom-cache/remapped_mods/remapped/net/fabricmc/fabric-api/fabric-renderer-indigo-49532587/5.0.3+f4ffd2e53e/fabric-renderer-indigo-49532587-5.0.3+f4ffd2e53e.jar to classpath.
[01:26:13] [main/DEBUG] (FabricLoader/Knot) Adding /Users/blackarcadia/IdeaProjects/AxialClientAlpha/.gradle/loom-cache/remapped_mods/remapped/net/fabricmc/fabric-api/fabric-renderer-api-v1-49532587/8.0.3+f4ffd2e53e/fabric-renderer-api-v1-49532587-8.0.3+f4ffd2e53e.jar to classpath.
[01:26:13] [main/DEBUG] (FabricLoader/Knot) Adding /Users/blackarcadia/IdeaProjects/AxialClientAlpha/.gradle/loom-cache/remapped_mods/remapped/net/fabricmc/fabric-api/fabric-rendering-v1-49532587/16.2.10+0290ad933e/fabric-rendering-v1-49532587-16.2.10+0290ad933e.jar to classpath.
[01:26:13] [main/DEBUG] (FabricLoader/Knot) Adding /Users/blackarcadia/IdeaProjects/AxialClientAlpha/.gradle/loom-cache/remapped_mods/remapped/net/fabricmc/fabric-api/fabric-lifecycle-events-v1-49532587/2.6.15+4ebb5c083e/fabric-lifecycle-events-v1-49532587-2.6.15+4ebb5c083e.jar to classpath.
[01:26:13] [main/DEBUG] (FabricLoader/Knot) Adding /Users/blackarcadia/IdeaProjects/AxialClientAlpha/.gradle/loom-cache/remapped_mods/remapped/net/fabricmc/fabric-api/fabric-loot-api-v2-49532587/3.0.73+3f89f5a53e/fabric-loot-api-v2-49532587-3.0.73+3f89f5a53e.jar to classpath.
[01:26:13] [main/DEBUG] (FabricLoader/Knot) Adding /Users/blackarcadia/IdeaProjects/AxialClientAlpha/.gradle/loom-cache/remapped_mods/remapped/net/fabricmc/fabric-api/fabric-loot-api-v3-49532587/2.0.20+78c8b4663e/fabric-loot-api-v3-49532587-2.0.20+78c8b4663e.jar to classpath.
[01:26:13] [main/DEBUG] (FabricLoader/Knot) Adding /Users/blackarcadia/IdeaProjects/AxialClientAlpha/.gradle/loom-cache/remapped_mods/remapped/net/fabricmc/fabric-api/fabric-message-api-v1-49532587/6.1.12+4ebb5c083e/fabric-message-api-v1-49532587-6.1.12+4ebb5c083e.jar to classpath.
[01:26:13] [main/DEBUG] (FabricLoader/Knot) Adding /Users/blackarcadia/IdeaProjects/AxialClientAlpha/.gradle/loom-cache/remapped_mods/remapped/net/fabricmc/fabric-api/fabric-particles-v1-49532587/4.2.12+4fc5413f3e/fabric-particles-v1-49532587-4.2.12+4fc5413f3e.jar to classpath.
[01:26:13] [main/DEBUG] (FabricLoader/Knot) Adding /Users/blackarcadia/IdeaProjects/AxialClientAlpha/.gradle/loom-cache/remapped_mods/remapped/net/fabricmc/fabric-api/fabric-object-builder-api-v1-49532587/21.1.40+4fc5413f3e/fabric-object-builder-api-v1-49532587-21.1.40+4fc5413f3e.jar to classpath.
[01:26:13] [main/DEBUG] (FabricLoader/Knot) Adding /Users/blackarcadia/IdeaProjects/AxialClientAlpha/.gradle/loom-cache/remapped_mods/remapped/net/fabricmc/fabric-api/fabric-screen-handler-api-v1-49532587/1.3.162+4fc5413f3e/fabric-screen-handler-api-v1-49532587-1.3.162+4fc5413f3e.jar to classpath.
[01:26:13] [main/DEBUG] (FabricLoader/Knot) Adding /Users/blackarcadia/IdeaProjects/AxialClientAlpha/.gradle/loom-cache/remapped_mods/remapped/net/fabricmc/fabric-api/fabric-registry-sync-v0-49532587/6.2.6+1718722b3e/fabric-registry-sync-v0-49532587-6.2.6+1718722b3e.jar to classpath.
[01:26:13] [main/DEBUG] (FabricLoader/Knot) Adding /Users/blackarcadia/IdeaProjects/AxialClientAlpha/.gradle/loom-cache/remapped_mods/remapped/net/fabricmc/fabric-api/fabric-networking-api-v1-49532587/5.1.6+6b6d71a53e/fabric-networking-api-v1-49532587-5.1.6+6b6d71a53e.jar to classpath.
[01:26:13] [main/DEBUG] (FabricLoader/Knot) Adding /Users/blackarcadia/IdeaProjects/AxialClientAlpha/.gradle/loom-cache/remapped_mods/remapped/net/fabricmc/fabric-api/fabric-rendering-fluids-v1-49532587/3.1.43+4ebb5c083e/fabric-rendering-fluids-v1-49532587-3.1.43+4ebb5c083e.jar to classpath.
[01:26:13] [main/DEBUG] (FabricLoader/Knot) Adding /Users/blackarcadia/IdeaProjects/AxialClientAlpha/.gradle/loom-cache/remapped_mods/remapped/net/fabricmc/fabric-api/fabric-tag-api-v1-49532587/1.3.0+88d7da613e/fabric-tag-api-v1-49532587-1.3.0+88d7da613e.jar to classpath.
[01:26:13] [main/DEBUG] (FabricLoader/Knot) Adding /Users/blackarcadia/IdeaProjects/AxialClientAlpha/.gradle/loom-cache/remapped_mods/remapped/net/fabricmc/fabric-api/fabric-resource-loader-v0-49532587/3.3.4+4fc5413f3e/fabric-resource-loader-v0-49532587-3.3.4+4fc5413f3e.jar to classpath.
[01:26:13] [main/DEBUG] (FabricLoader/Knot) Adding /Users/blackarcadia/IdeaProjects/AxialClientAlpha/.gradle/loom-cache/remapped_mods/remapped/net/fabricmc/fabric-api/fabric-resource-loader-v1-49532587/1.0.10+78c8b4663e/fabric-resource-loader-v1-49532587-1.0.10+78c8b4663e.jar to classpath.
[01:26:13] [main/DEBUG] (FabricLoader/Knot) Adding /Users/blackarcadia/IdeaProjects/AxialClientAlpha/.gradle/loom-cache/remapped_mods/remapped/net/fabricmc/fabric-api/fabric-screen-api-v1-49532587/3.1.7+4ebb5c083e/fabric-screen-api-v1-49532587-3.1.7+4ebb5c083e.jar to classpath.
[01:26:13] [main/DEBUG] (FabricLoader/Knot) Adding /Users/blackarcadia/IdeaProjects/AxialClientAlpha/.gradle/loom-cache/remapped_mods/remapped/net/fabricmc/fabric-api/fabric-api-base-49532587/1.0.5+4ebb5c083e/fabric-api-base-49532587-1.0.5+4ebb5c083e.jar to classpath.
[01:26:13] [main/DEBUG] (FabricLoader/Knot) Adding /Users/blackarcadia/IdeaProjects/AxialClientAlpha/.gradle/loom-cache/remapped_mods/remapped/net/fabricmc/fabric-api/fabric-biome-api-v1-49532587/17.1.1+4fc5413f3e/fabric-biome-api-v1-49532587-17.1.1+4fc5413f3e.jar to classpath.
[01:26:13] [main/DEBUG] (FabricLoader/Knot) Adding /Users/blackarcadia/IdeaProjects/AxialClientAlpha/.gradle/loom-cache/remapped_mods/remapped/net/fabricmc/fabric-api/fabric-block-api-v1-49532587/1.1.10+4ebb5c083e/fabric-block-api-v1-49532587-1.1.10+4ebb5c083e.jar to classpath.
[01:26:13] [main/DEBUG] (FabricLoader/Knot) Adding /Users/blackarcadia/IdeaProjects/AxialClientAlpha/.gradle/loom-cache/remapped_mods/remapped/net/fabricmc/fabric-api/fabric-block-view-api-v2-49532587/1.0.39+4ebb5c083e/fabric-block-view-api-v2-49532587-1.0.39+4ebb5c083e.jar to classpath.
[01:26:13] [main/DEBUG] (FabricLoader/Knot) Adding /Users/blackarcadia/IdeaProjects/AxialClientAlpha/.gradle/loom-cache/remapped_mods/remapped/net/fabricmc/fabric-api/fabric-client-gametest-api-v1-49532587/4.3.5+bfe9fcf43e/fabric-client-gametest-api-v1-49532587-4.3.5+bfe9fcf43e.jar to classpath.
[01:26:13] [main/DEBUG] (FabricLoader/Knot) Adding /Users/blackarcadia/IdeaProjects/AxialClientAlpha/.gradle/loom-cache/remapped_mods/remapped/net/fabricmc/fabric-api/fabric-crash-report-info-v1-49532587/0.3.23+4ebb5c083e/fabric-crash-report-info-v1-49532587-0.3.23+4ebb5c083e.jar to classpath.
[01:26:13] [main/DEBUG] (FabricLoader/Knot) Adding /Users/blackarcadia/IdeaProjects/AxialClientAlpha/.gradle/loom-cache/remapped_mods/remapped/net/fabricmc/fabric-api/fabric-dimensions-v1-49532587/4.0.28+4fc5413f3e/fabric-dimensions-v1-49532587-4.0.28+4fc5413f3e.jar to classpath.
[01:26:13] [main/DEBUG] (FabricLoader/Knot) Adding /Users/blackarcadia/IdeaProjects/AxialClientAlpha/.gradle/loom-cache/remapped_mods/remapped/net/fabricmc/fabric-api/fabric-key-binding-api-v1-49532587/1.1.7+4fc5413f3e/fabric-key-binding-api-v1-49532587-1.1.7+4fc5413f3e.jar to classpath.
[01:26:13] [main/DEBUG] (FabricLoader/Knot) Adding /Users/blackarcadia/IdeaProjects/AxialClientAlpha/.gradle/loom-cache/remapped_mods/remapped/net/fabricmc/fabric-api/fabric-resource-conditions-api-v1-49532587/5.0.35+4fc5413f3e/fabric-resource-conditions-api-v1-49532587-5.0.35+4fc5413f3e.jar to classpath.
[01:26:13] [main/DEBUG] (FabricLoader/Knot) Adding /Users/blackarcadia/IdeaProjects/AxialClientAlpha/.gradle/loom-cache/remapped_mods/remapped/net/fabricmc/fabric-api/fabric-serialization-api-v1-49532587/1.0.5+4ebb5c083e/fabric-serialization-api-v1-49532587-1.0.5+4ebb5c083e.jar to classpath.
[01:26:13] [main/DEBUG] (FabricLoader/Knot) Adding /Users/blackarcadia/IdeaProjects/AxialClientAlpha/.gradle/loom-cache/remapped_mods/remapped/net/fabricmc/fabric-api/fabric-sound-api-v1-49532587/1.0.51+4fc5413f3e/fabric-sound-api-v1-49532587-1.0.51+4fc5413f3e.jar to classpath.
[01:26:13] [main/DEBUG] (FabricLoader/Knot) Adding /Users/blackarcadia/IdeaProjects/AxialClientAlpha/.gradle/loom-cache/remapped_mods/remapped/net/fabricmc/fabric-api/fabric-transitive-access-wideners-v1-49532587/7.1.0+014c8cec3e/fabric-transitive-access-wideners-v1-49532587-7.1.0+014c8cec3e.jar to classpath.
[01:26:13] [main/DEBUG] (FabricLoader/Knot) Adding /Users/blackarcadia/IdeaProjects/AxialClientAlpha/.gradle/loom-cache/remapped_mods/remapped/unspecified/emotecraft-fabric-for-MC1.21.11-3.2.0-b.build.159-49532587/f174d3e57b/emotecraft-fabric-for-MC1.21.11-3.2.0-b.build.159-49532587-f174d3e57b.jar to classpath.
[01:26:13] [main/DEBUG] (FabricLoader/Knot) Adding /Users/blackarcadia/IdeaProjects/AxialClientAlpha/.gradle/loom-cache/remapped_mods/remapped/unspecified/BendableCuboidsFabric-2.0.1+mc.1.21.11-49532587/30306f878f/BendableCuboidsFabric-2.0.1+mc.1.21.11-49532587-30306f878f.jar to classpath.
[01:26:13] [main/DEBUG] (FabricLoader/Knot) Adding /Users/blackarcadia/IdeaProjects/AxialClientAlpha/.gradle/loom-cache/remapped_mods/remapped/unspecified/PlayerAnimationLibFabric-1.1.10+mc.1.21.11-49532587/47b3e8b5e1/PlayerAnimationLibFabric-1.1.10+mc.1.21.11-49532587-47b3e8b5e1.jar to classpath.
[01:26:13] [main/DEBUG] (FabricLoader/Knot) Adding /Users/blackarcadia/.gradle/caches/modules-2/files-2.1/me.friwi/jcef-natives-macosx-arm64/jcef-d3de827+cef-146.0.10+g8219561+chromium-146.0.7680.179/1f248b59177c1f8558678a3b9f70233fe708c19f/jcef-natives-macosx-arm64-jcef-d3de827+cef-146.0.10+g8219561+chromium-146.0.7680.179.jar to classpath.
[01:26:13] [main/DEBUG] (FabricLoader/Knot) Adding /Users/blackarcadia/.gradle/caches/modules-2/files-2.1/com.google.errorprone/error_prone_annotations/2.41.0/4381275efdef6ddfae38f002c31e84cd001c97f0/error_prone_annotations-2.41.0.jar to classpath.
[01:26:13] [main/DEBUG] (FabricLoader/Knot) Adding /Users/blackarcadia/.gradle/caches/modules-2/files-2.1/com.squareup.okio/okio-jvm/3.6.0/5600569133b7bdefe1daf9ec7f4abeb6d13e1786/okio-jvm-3.6.0.jar to classpath.
[01:26:13] [main/DEBUG] (FabricLoader/Knot) Adding /Users/blackarcadia/.gradle/caches/modules-2/files-2.1/org.jetbrains.kotlin/kotlin-stdlib-jdk8/1.9.10/c7510d64a83411a649c76f2778304ddf71d7437b/kotlin-stdlib-jdk8-1.9.10.jar to classpath.
[01:26:13] [main/DEBUG] (FabricLoader/Knot) Adding /Users/blackarcadia/.gradle/caches/modules-2/files-2.1/me.friwi/jcef-api/jcef-d3de827+cef-146.0.10+g8219561+chromium-146.0.7680.179/7c1c7a80119c32767d6423ea27f202be8d1b12c3/jcef-api-jcef-d3de827+cef-146.0.10+g8219561+chromium-146.0.7680.179.jar to classpath.
[01:26:13] [main/DEBUG] (FabricLoader/Knot) Adding /Users/blackarcadia/.gradle/caches/modules-2/files-2.1/org.openjfx/javafx-graphics/21.0.7/8525ac461fa90f2b92e909e5bebdfb7fcb815297/javafx-graphics-21.0.7-mac-aarch64.jar to classpath.
[01:26:13] [main/DEBUG] (FabricLoader/Knot) Adding /Users/blackarcadia/.gradle/caches/modules-2/files-2.1/org.jetbrains.kotlin/kotlin-stdlib-jdk7/1.9.10/bc5bfc2690338defd5195b05c57562f2194eeb10/kotlin-stdlib-jdk7-1.9.10.jar to classpath.
[01:26:13] [main/DEBUG] (FabricLoader/Knot) Adding /Users/blackarcadia/.gradle/caches/modules-2/files-2.1/org.jetbrains.kotlin/kotlin-stdlib/1.9.10/72812e8a368917ab5c0a5081b56915ffdfec93b7/kotlin-stdlib-1.9.10.jar to classpath.
[01:26:13] [main/DEBUG] (FabricLoader/Knot) Adding /Users/blackarcadia/.gradle/caches/modules-2/files-2.1/me.friwi/jogl-all/v2.4.0/1869ca808e49fdf1a06572b199f0eb6de8a03702/jogl-all-v2.4.0.jar to classpath.
[01:26:13] [main/DEBUG] (FabricLoader/Knot) Adding /Users/blackarcadia/.gradle/caches/modules-2/files-2.1/me.friwi/gluegen-rt/v2.4.0/81f8db17eb0f121b0fcdc88fa27130c83859e081/gluegen-rt-v2.4.0.jar to classpath.
[01:26:13] [main/DEBUG] (FabricLoader/Knot) Adding /Users/blackarcadia/.gradle/caches/modules-2/files-2.1/org.openjfx/javafx-base/21.0.7/228e894a65e63b613653cafa48c516c05e298d74/javafx-base-21.0.7-mac-aarch64.jar to classpath.
[01:26:13] [main/DEBUG] (FabricLoader/Knot) Adding /Users/blackarcadia/.gradle/caches/modules-2/files-2.1/org.jetbrains.kotlin/kotlin-stdlib-common/1.9.10/dafaf2c27f27c09220cee312df10917d9a5d97ce/kotlin-stdlib-common-1.9.10.jar to classpath.
[01:26:13] [main/DEBUG] (FabricLoader/Knot) Adding /Users/blackarcadia/.gradle/caches/modules-2/files-2.1/org.jetbrains/annotations/13.0/919f0dfe192fb4e063e7dacadee7f8bb9a2672a9/annotations-13.0.jar to classpath.
[01:26:13] [main/DEBUG] (FabricLoader/Entrypoint) No subscribers for entrypoint 'preLaunch'
[01:26:14] [main/DEBUG] (FabricLoader/Mixin) Preparing mixins for MixinEnvironment[DEFAULT]
[01:26:14] [main/DEBUG] (FabricLoader/Mixin) Selecting config fabric-api-lookup-api-v1.mixins.json
[01:26:14] [main/DEBUG] (FabricLoader/Mixin) Selecting config fabric-client-gametest-api-v1.mixins.json
[01:26:14] [main/DEBUG] (FabricLoader/Mixin) Selecting config fabric-item-api-v1.mixins.json
[01:26:14] [main/DEBUG] (FabricLoader/Mixin) Selecting config fabric-item-api-v1.client.mixins.json
[01:26:14] [main/DEBUG] (FabricLoader/Mixin) Selecting config xaerohud.mixins.json
[01:26:14] [main/WARN] (FabricLoader/Mixin) Reference map 'xaerominimap.refmap.json' for xaerohud.mixins.json could not be read. If this is a development environment you can ignore this message
[01:26:14] [main/DEBUG] (FabricLoader/Mixin) Selecting config xaerohud.fabric.mixins.json
[01:26:14] [main/WARN] (FabricLoader/Mixin) Reference map 'xaerominimap.refmap.json' for xaerohud.fabric.mixins.json could not be read. If this is a development environment you can ignore this message
[01:26:14] [main/DEBUG] (FabricLoader/Mixin) Selecting config xaerominimap.mixins.json
[01:26:14] [main/WARN] (FabricLoader/Mixin) Reference map 'xaerominimap.refmap.json' for xaerominimap.mixins.json could not be read. If this is a development environment you can ignore this message
[01:26:14] [main/DEBUG] (FabricLoader/Mixin) Selecting config xaerominimap.fabric.mixins.json
[01:26:14] [main/DEBUG] (FabricLoader/Mixin) Selecting config fabric-particles-v1.mixins.json
[01:26:14] [main/DEBUG] (FabricLoader/Mixin) Selecting config fabric-particles-v1.client.mixins.json
[01:26:14] [main/DEBUG] (FabricLoader/Mixin) Selecting config fabric-key-binding-api-v1.mixins.json
[01:26:14] [main/DEBUG] (FabricLoader/Mixin) Selecting config fabric-resource-loader-v1.mixins.json
[01:26:14] [main/DEBUG] (FabricLoader/Mixin) Selecting config fabric-resource-loader-v1.client.mixins.json
[01:26:14] [main/DEBUG] (FabricLoader/Mixin) Selecting config geckolib.mixins.json
[01:26:14] [main/WARN] (FabricLoader/Mixin) Reference map 'geckolib.refmap.json' for geckolib.mixins.json could not be read. If this is a development environment you can ignore this message
[01:26:14] [main/DEBUG] (FabricLoader/Mixin) Selecting config emotecraft-arch.mixins.json
[01:26:14] [main/DEBUG] (FabricLoader/Mixin) Selecting config fabric-lifecycle-events-v1.mixins.json
[01:26:14] [main/DEBUG] (FabricLoader/Mixin) Selecting config fabric-lifecycle-events-v1.client.mixins.json
[01:26:14] [main/DEBUG] (FabricLoader/Mixin) Selecting config entityculling.mixins.json
[01:26:14] [main/DEBUG] (FabricLoader/Mixin) Remapping refMap entityculling.refmap.mixins.json using remapper chain
[01:26:14] [main/DEBUG] (FabricLoader/Mixin) Selecting config ferritecore.accessors.mixin.json
[01:26:14] [main/DEBUG] (FabricLoader/Mixin) Remapping refMap ferritecore-8.2.0-fabric-refmap.json using remapper chain
[01:26:14] [main/DEBUG] (FabricLoader/Mixin) Selecting config ferritecore.blockstatecache.mixin.json
[01:26:14] [main/DEBUG] (FabricLoader/Mixin) Remapping refMap ferritecore-8.2.0-fabric-refmap.json using remapper chain
[01:26:14] [main/DEBUG] (FabricLoader/Mixin) Selecting config ferritecore.fastmap.mixin.json
[01:26:14] [main/DEBUG] (FabricLoader/Mixin) Remapping refMap ferritecore-8.2.0-fabric-refmap.json using remapper chain
[01:26:14] [main/DEBUG] (FabricLoader/Mixin) Selecting config ferritecore.datacomponents.mixin.json
[01:26:14] [main/DEBUG] (FabricLoader/Mixin) Remapping refMap ferritecore-8.2.0-fabric-refmap.json using remapper chain
[01:26:14] [main/DEBUG] (FabricLoader/Mixin) Selecting config ferritecore.threaddetec.mixin.json
[01:26:14] [main/DEBUG] (FabricLoader/Mixin) Remapping refMap ferritecore-8.2.0-fabric-refmap.json using remapper chain
[01:26:14] [main/DEBUG] (FabricLoader/Mixin) Selecting config axialutils.mixins.json
[01:26:14] [main/DEBUG] (FabricLoader/Mixin) Selecting config axialutils.client.mixins.json
[01:26:14] [main/DEBUG] (FabricLoader/Mixin) Selecting config fabric-model-loading-api-v1.mixins.json
[01:26:14] [main/DEBUG] (FabricLoader/Mixin) Selecting config mixinsquared.init.mixins.json
[01:26:14] [main/DEBUG] (FabricLoader/Mixin) Registering new target selector for @mixinsquared:handler with com.bawnorton.mixinsquared.selector.DynamicSelectorHandler
[01:26:14] [main/DEBUG] (FabricLoader/Mixin) Selecting config fabric-loot-api-v3.mixins.json
[01:26:14] [main/DEBUG] (FabricLoader/Mixin) Selecting config fabric-gametest-api-v1.mixins.json
[01:26:14] [main/DEBUG] (FabricLoader/Mixin) Selecting config fabric-serialization-api-v1.mixins.json
[01:26:14] [main/DEBUG] (FabricLoader/Mixin) Selecting config fabric-data-attachment-api-v1.mixins.json
[01:26:14] [main/DEBUG] (FabricLoader/Mixin) Selecting config fabric-data-attachment-api-v1.client.mixins.json
[01:26:14] [main/DEBUG] (FabricLoader/Mixin) Selecting config immediatelyfast-common.mixins.json
[01:26:14] [main/DEBUG] (FabricLoader/Mixin) Selecting config immediatelyfast-fabric.mixins.json
[01:26:14] [main/DEBUG] (FabricLoader/Mixin) Selecting config fabric-block-view-api-v2.mixins.json
[01:26:14] [main/DEBUG] (FabricLoader/Mixin) Selecting config fabric-block-view-api-v2.client.mixins.json
[01:26:14] [main/DEBUG] (FabricLoader/Mixin) Selecting config mixins.scrollabletooltips.json
[01:26:14] [main/DEBUG] (FabricLoader/Mixin) Remapping refMap mixins.scrollabletooltips.refmap.json using remapper chain
[01:26:14] [main/DEBUG] (FabricLoader/Mixin) Selecting config fabric-sound-api-v1.mixins.json
[01:26:14] [main/DEBUG] (FabricLoader/Mixin) Selecting config fabric-crash-report-info-v1.mixins.json
[01:26:14] [main/DEBUG] (FabricLoader/Mixin) Selecting config fabric-rendering-v1.mixins.json
[01:26:14] [main/DEBUG] (FabricLoader/Mixin) Selecting config zoomify.mixins.json
[01:26:14] [main/DEBUG] (FabricLoader/Mixin) Selecting config fabric-resource-conditions-api-v1.mixins.json
[01:26:14] [main/DEBUG] (FabricLoader/Mixin) Selecting config fabric-recipe-api-v1.mixins.json
[01:26:14] [main/DEBUG] (FabricLoader/Mixin) Selecting config fabric-recipe-api-v1.client.mixins.json
[01:26:14] [main/DEBUG] (FabricLoader/Mixin) Selecting config fabric-convention-tags-api-v2.mixins.json
[01:26:14] [main/DEBUG] (FabricLoader/Mixin) Selecting config fabric-transfer-api-v1.mixins.json
[01:26:14] [main/DEBUG] (FabricLoader/Mixin) Selecting config fabric-renderer-api-v1.mixins.json
[01:26:14] [main/DEBUG] (FabricLoader/Mixin) Selecting config player_animation_library.mixins.json
[01:26:14] [main/DEBUG] (FabricLoader/Mixin) Selecting config fabric-biome-api-v1.mixins.json
[01:26:14] [main/DEBUG] (FabricLoader/Mixin) Selecting config fabric-screen-api-v1.mixins.json
[01:26:14] [main/DEBUG] (FabricLoader/Mixin) Selecting config fabric-content-registries-v0.mixins.json
[01:26:14] [main/DEBUG] (FabricLoader/Mixin) Selecting config lithium.mixins.json
[01:26:14] [main/DEBUG] (Lithium) Loaded net.caffeinemc.mods.lithium.fabric.FabricMixinOverrides@4e194988 for service interface net.caffeinemc.mods.lithium.common.services.PlatformMixinOverrides
[01:26:14] [main/INFO] (Lithium) Loaded configuration file for Lithium: 171 options available, 0 override(s) found.
[01:26:14] [main/DEBUG] (Lithium) Loaded net.caffeinemc.mods.lithium.fabric.FabricRuntimeInformation@71e9ced5 for service interface net.caffeinemc.mods.lithium.common.services.PlatformRuntimeInformation
[01:26:14] [main/DEBUG] (FabricLoader/Mixin) Selecting config lithium-fabric.mixins.json
[01:26:14] [main/DEBUG] (FabricLoader/Mixin) Selecting config fabric-command-api-v2.mixins.json
[01:26:14] [main/DEBUG] (FabricLoader/Mixin) Selecting config fabric-command-api-v2.client.mixins.json
[01:26:14] [main/DEBUG] (FabricLoader/Mixin) Selecting config fabric-data-generation-api-v1.mixins.json
[01:26:14] [main/DEBUG] (FabricLoader/Mixin) Selecting config fabric-data-generation-api-v1.client.mixins.json
[01:26:14] [main/DEBUG] (FabricLoader/Mixin) Selecting config yacl.mixins.json
[01:26:14] [main/WARN] (FabricLoader/Mixin) Reference map 'yet_another_config_lib_v3.refmap.json' for yacl.mixins.json could not be read. If this is a development environment you can ignore this message
[01:26:14] [main/DEBUG] (FabricLoader/Mixin) Selecting config yacl-fabric.mixins.json
[01:26:14] [main/WARN] (FabricLoader/Mixin) Reference map 'yet_another_config_lib_v3.refmap.json' for yacl-fabric.mixins.json could not be read. If this is a development environment you can ignore this message
[01:26:14] [main/DEBUG] (FabricLoader/Mixin) Selecting config xaerolib.mixins.json
[01:26:14] [main/WARN] (FabricLoader/Mixin) Reference map 'xaerolib.refmap.json' for xaerolib.mixins.json could not be read. If this is a development environment you can ignore this message
[01:26:14] [main/DEBUG] (FabricLoader/Mixin) Selecting config xaerolib.fabric.mixins.json
[01:26:14] [main/DEBUG] (FabricLoader/Mixin) Selecting config fabric-tag-api-v1.mixins.json
[01:26:14] [main/DEBUG] (FabricLoader/Mixin) Selecting config bendable_cuboids.mixins.json
[01:26:14] [main/DEBUG] (FabricLoader/Mixin) Selecting config fabric-dimensions-v1.mixins.json
[01:26:14] [main/DEBUG] (FabricLoader/Mixin) Selecting config moreculling.mixins.json
[01:26:14] [main/WARN] (FabricLoader/Mixin) Reference map 'moreculling.refmap.json' for moreculling.mixins.json could not be read. If this is a development environment you can ignore this message
[01:26:14] [main/DEBUG] (FabricLoader/Mixin) Selecting config moreculling.fabric.mixins.json
[01:26:14] [main/WARN] (FabricLoader/Mixin) Reference map 'moreculling.refmap.json' for moreculling.fabric.mixins.json could not be read. If this is a development environment you can ignore this message
[01:26:14] [main/DEBUG] (FabricLoader/Mixin) Selecting config fabric-message-api-v1.mixins.json
[01:26:14] [main/DEBUG] (FabricLoader/Mixin) Selecting config fabric-message-api-v1.client.mixins.json
[01:26:14] [main/DEBUG] (FabricLoader/Mixin) Selecting config fabric-loot-api-v2.mixins.json
[01:26:14] [main/DEBUG] (FabricLoader/Mixin) Selecting config fabric-registry-sync-v0.mixins.json
[01:26:14] [main/DEBUG] (FabricLoader/Mixin) Selecting config fabric-registry-sync-v0.client.mixins.json
[01:26:14] [main/DEBUG] (FabricLoader/Mixin) Selecting config axial-cosmetics.mixins.json
[01:26:14] [main/DEBUG] (FabricLoader/Mixin) Selecting config fabric-entity-events-v1.mixins.json
[01:26:14] [main/DEBUG] (FabricLoader/Mixin) Selecting config fabric-item-group-api-v1.mixins.json
[01:26:14] [main/DEBUG] (FabricLoader/Mixin) Selecting config fabric-item-group-api-v1.client.mixins.json
[01:26:14] [main/DEBUG] (FabricLoader/Mixin) Selecting config fabric-screen-handler-api-v1.mixins.json
[01:26:14] [main/DEBUG] (FabricLoader/Mixin) Selecting config fabric-rendering-fluids-v1.mixins.json
[01:26:14] [main/DEBUG] (FabricLoader/Mixin) Selecting config fabric-renderer-indigo.mixins.json
[01:26:14] [main/DEBUG] (FabricLoader/Mixin) Selecting config fabric-events-interaction-v0.mixins.json
[01:26:14] [main/DEBUG] (FabricLoader/Mixin) Selecting config fabric-events-interaction-v0.client.mixins.json
[01:26:14] [main/DEBUG] (FabricLoader/Mixin) Selecting config fabric-game-rule-api-v1.mixins.json
[01:26:14] [main/DEBUG] (FabricLoader/Mixin) Selecting config fabric-game-rule-api-v1.client.mixins.json
[01:26:14] [main/DEBUG] (FabricLoader/Mixin) Selecting config trender.mixins.json
[01:26:14] [main/DEBUG] (FabricLoader/Mixin) Remapping refMap trender.refmap.mixins.json using remapper chain
[01:26:14] [main/DEBUG] (FabricLoader/Mixin) Selecting config fabric-networking-api-v1.mixins.json
[01:26:14] [main/DEBUG] (FabricLoader/Mixin) Selecting config fabric-networking-api-v1.client.mixins.json
[01:26:14] [main/DEBUG] (FabricLoader/Mixin) Selecting config mixinextras.init.mixins.json
[01:26:14] [main/DEBUG] (FabricLoader/MixinExtras|Service) com.llamalad7.mixinextras.service.MixinExtrasServiceImpl(version=0.5.5) is taking over from null
[01:26:14] [main/DEBUG] (FabricLoader/Mixin) Registering new injector for @Inject with org.spongepowered.asm.mixin.injection.struct.CallbackInjectionInfo
[01:26:14] [main/DEBUG] (FabricLoader/Mixin) Registering new injector for @ModifyArg with org.spongepowered.asm.mixin.injection.struct.ModifyArgInjectionInfo
[01:26:14] [main/DEBUG] (FabricLoader/Mixin) Registering new injector for @ModifyArgs with org.spongepowered.asm.mixin.injection.struct.ModifyArgsInjectionInfo
[01:26:14] [main/DEBUG] (FabricLoader/Mixin) Registering new injector for @Redirect with org.spongepowered.asm.mixin.injection.struct.RedirectInjectionInfo
[01:26:14] [main/DEBUG] (FabricLoader/Mixin) Registering new injector for @ModifyVariable with org.spongepowered.asm.mixin.injection.struct.ModifyVariableInjectionInfo
[01:26:14] [main/DEBUG] (FabricLoader/Mixin) Registering new injector for @ModifyConstant with org.spongepowered.asm.mixin.injection.struct.ModifyConstantInjectionInfo
[01:26:14] [main/DEBUG] (FabricLoader/Mixin) Selecting config fabric-object-builder-v1.mixins.json
[01:26:14] [main/DEBUG] (FabricLoader/Mixin) Selecting config fabric-object-builder-v1.client.mixins.json
[01:26:14] [main/DEBUG] (FabricLoader/Mixin) Selecting config fabric-block-api-v1.mixins.json
[01:26:14] [main/DEBUG] (FabricLoader/Mixin) Selecting config transition.mixins.json
[01:26:14] [main/DEBUG] (FabricLoader/Mixin) Remapping refMap transition.refmap.mixins.json using remapper chain
[01:26:14] [main/DEBUG] (FabricLoader/Mixin) Preparing fabric-api-lookup-api-v1.mixins.json (2)
[01:26:14] [main/DEBUG] (FabricLoader/Mixin) Preparing fabric-client-gametest-api-v1.mixins.json (26)
[01:26:14] [main/DEBUG] (FabricLoader/Mixin) Preparing fabric-item-api-v1.mixins.json (18)
[01:26:14] [main/DEBUG] (FabricLoader/Mixin) Preparing fabric-item-api-v1.client.mixins.json (3)
[01:26:14] [main/DEBUG] (FabricLoader/Mixin) Preparing xaerohud.mixins.json (19)
[01:26:14] [main/DEBUG] (FabricLoader/Mixin) Preparing xaerohud.fabric.mixins.json (13)
[01:26:14] [main/DEBUG] (FabricLoader/Mixin) Preparing xaerominimap.mixins.json (0)
[01:26:14] [main/DEBUG] (FabricLoader/Mixin) Preparing xaerominimap.fabric.mixins.json (0)
[01:26:14] [main/DEBUG] (FabricLoader/Mixin) Preparing fabric-particles-v1.mixins.json (8)
[01:26:14] [main/DEBUG] (FabricLoader/Mixin) Preparing fabric-particles-v1.client.mixins.json (4)
[01:26:14] [main/DEBUG] (FabricLoader/Mixin) Preparing fabric-key-binding-api-v1.mixins.json (3)
[01:26:14] [main/DEBUG] (FabricLoader/Mixin) Preparing fabric-resource-loader-v1.mixins.json (15)
[01:26:14] [main/DEBUG] (FabricLoader/Mixin) Preparing fabric-resource-loader-v1.client.mixins.json (9)
[01:26:14] [main/DEBUG] (FabricLoader/Mixin) Preparing geckolib.mixins.json (12)
[01:26:14] [main/DEBUG] (FabricLoader/Mixin) Preparing emotecraft-arch.mixins.json (10)
[01:26:14] [main/DEBUG] (FabricLoader/Mixin) Preparing fabric-lifecycle-events-v1.mixins.json (11)
[01:26:14] [main/DEBUG] (FabricLoader/Mixin) Preparing fabric-lifecycle-events-v1.client.mixins.json (7)
[01:26:14] [main/DEBUG] (FabricLoader/Mixin) Preparing entityculling.mixins.json (10)
[01:26:14] [main/DEBUG] (FabricLoader/Mixin) Preparing ferritecore.accessors.mixin.json (6)
[01:26:14] [main/DEBUG] (FabricLoader/Mixin) Preparing ferritecore.blockstatecache.mixin.json (2)
[01:26:14] [main/DEBUG] (FabricLoader/Mixin) Preparing ferritecore.fastmap.mixin.json (1)
[01:26:14] [main/DEBUG] (FabricLoader/Mixin) Preparing ferritecore.datacomponents.mixin.json (1)
[01:26:14] [main/DEBUG] (FabricLoader/Mixin) Preparing ferritecore.threaddetec.mixin.json (1)
[01:26:14] [main/DEBUG] (FabricLoader/Mixin) Preparing axialutils.mixins.json (0)
[01:26:14] [main/DEBUG] (FabricLoader/Mixin) Preparing axialutils.client.mixins.json (19)
[01:26:14] [main/WARN] (FabricLoader/Mixin) Error loading class: net/minecraft/ItemRenderState$LayerRenderState (java.lang.ClassNotFoundException: net/minecraft/ItemRenderState$LayerRenderState)
[01:26:14] [main/WARN] (FabricLoader/Mixin) @Mixin target net/minecraft/ItemRenderState$LayerRenderState was not found axialutils.client.mixins.json:ItemRenderStateLayerRenderStateMixin from mod axialutils
[01:26:14] [main/DEBUG] (FabricLoader/Mixin) Preparing fabric-model-loading-api-v1.mixins.json (6)
[01:26:14] [main/DEBUG] (FabricLoader/Mixin) Preparing mixinsquared.init.mixins.json (0)
[01:26:14] [main/DEBUG] (FabricLoader/Mixin) Preparing fabric-loot-api-v3.mixins.json (8)
[01:26:14] [main/DEBUG] (FabricLoader/Mixin) Preparing fabric-gametest-api-v1.mixins.json (4)
[01:26:14] [main/DEBUG] (FabricLoader/Mixin) Preparing fabric-serialization-api-v1.mixins.json (4)
[01:26:14] [main/DEBUG] (FabricLoader/Mixin) Preparing fabric-data-attachment-api-v1.mixins.json (14)
[01:26:14] [main/DEBUG] (FabricLoader/Mixin) Preparing fabric-data-attachment-api-v1.client.mixins.json (1)
[01:26:14] [main/DEBUG] (FabricLoader/Mixin) Preparing immediatelyfast-common.mixins.json (20)
[01:26:14] [main/DEBUG] (FabricLoader/Mixin) Preparing immediatelyfast-fabric.mixins.json (0)
[01:26:14] [main/DEBUG] (FabricLoader/Mixin) Preparing fabric-block-view-api-v2.mixins.json (3)
[01:26:14] [main/DEBUG] (FabricLoader/Mixin) Preparing fabric-block-view-api-v2.client.mixins.json (3)
[01:26:14] [main/DEBUG] (FabricLoader/Mixin) Preparing mixins.scrollabletooltips.json (4)
[01:26:14] [main/DEBUG] (FabricLoader/Mixin) Preparing fabric-sound-api-v1.mixins.json (2)
[01:26:14] [main/DEBUG] (FabricLoader/Mixin) Preparing fabric-crash-report-info-v1.mixins.json (2)
[01:26:14] [main/DEBUG] (FabricLoader/Mixin) Preparing fabric-rendering-v1.mixins.json (38)
[01:26:14] [main/DEBUG] (FabricLoader/Mixin) Preparing zoomify.mixins.json (8)
[01:26:14] [main/DEBUG] (FabricLoader/Mixin) Preparing fabric-resource-conditions-api-v1.mixins.json (7)
[01:26:14] [main/DEBUG] (FabricLoader/Mixin) Preparing fabric-recipe-api-v1.mixins.json (10)
[01:26:14] [main/DEBUG] (FabricLoader/Mixin) Preparing fabric-recipe-api-v1.client.mixins.json (3)
[01:26:14] [main/DEBUG] (FabricLoader/Mixin) Preparing fabric-convention-tags-api-v2.mixins.json (1)
[01:26:14] [main/DEBUG] (FabricLoader/Mixin) Preparing fabric-transfer-api-v1.mixins.json (17)
[01:26:14] [main/DEBUG] (FabricLoader/Mixin) Preparing fabric-renderer-api-v1.mixins.json (27)
[01:26:14] [main/DEBUG] (FabricLoader/Mixin) Preparing player_animation_library.mixins.json (14)
[01:26:14] [main/DEBUG] (FabricLoader/Mixin) Preparing fabric-biome-api-v1.mixins.json (9)
[01:26:14] [main/DEBUG] (FabricLoader/Mixin) Preparing fabric-screen-api-v1.mixins.json (7)
[01:26:14] [main/DEBUG] (FabricLoader/Mixin) Preparing fabric-content-registries-v0.mixins.json (18)
[01:26:14] [main/DEBUG] (FabricLoader/Mixin) Preparing lithium.mixins.json (272)
[01:26:14] [main/DEBUG] (FabricLoader/Mixin) Preparing lithium-fabric.mixins.json (8)
[01:26:14] [main/DEBUG] (FabricLoader/Mixin) Preparing fabric-command-api-v2.mixins.json (5)
[01:26:14] [main/DEBUG] (FabricLoader/Mixin) Preparing fabric-command-api-v2.client.mixins.json (2)
[01:26:14] [main/DEBUG] (FabricLoader/Mixin) Preparing fabric-data-generation-api-v1.mixins.json (18)
[01:26:14] [main/DEBUG] (FabricLoader/Mixin) Preparing fabric-data-generation-api-v1.client.mixins.json (4)
[01:26:14] [main/DEBUG] (FabricLoader/Mixin) Preparing yacl.mixins.json (6)
[01:26:14] [main/DEBUG] (FabricLoader/Mixin) Preparing yacl-fabric.mixins.json (1)
[01:26:14] [main/DEBUG] (FabricLoader/Mixin) Preparing xaerolib.mixins.json (11)
[01:26:14] [main/DEBUG] (FabricLoader/Mixin) Preparing xaerolib.fabric.mixins.json (4)
[01:26:14] [main/DEBUG] (FabricLoader/Mixin) Preparing fabric-tag-api-v1.mixins.json (8)
[01:26:14] [main/DEBUG] (FabricLoader/Mixin) Preparing bendable_cuboids.mixins.json (10)
[01:26:14] [main/DEBUG] (FabricLoader/Mixin) Preparing fabric-dimensions-v1.mixins.json (4)
[01:26:14] [main/DEBUG] (FabricLoader/Mixin) Preparing moreculling.mixins.json (52)
[01:26:14] [main/DEBUG] (FabricLoader/Mixin) Preparing moreculling.fabric.mixins.json (3)
[01:26:14] [main/DEBUG] (FabricLoader/Mixin) Preparing fabric-message-api-v1.mixins.json (2)
[01:26:14] [main/DEBUG] (FabricLoader/Mixin) Preparing fabric-message-api-v1.client.mixins.json (2)
[01:26:14] [main/DEBUG] (FabricLoader/Mixin) Preparing fabric-loot-api-v2.mixins.json (2)
[01:26:14] [main/DEBUG] (FabricLoader/Mixin) Preparing fabric-registry-sync-v0.mixins.json (16)
[01:26:14] [main/DEBUG] (FabricLoader/Mixin) Preparing fabric-registry-sync-v0.client.mixins.json (5)
[01:26:14] [main/DEBUG] (FabricLoader/Mixin) Preparing axial-cosmetics.mixins.json (77)
[01:26:14] [main/DEBUG] (FabricLoader/Mixin) Preparing fabric-entity-events-v1.mixins.json (13)
[01:26:14] [main/DEBUG] (FabricLoader/Mixin) Preparing fabric-item-group-api-v1.mixins.json (3)
[01:26:14] [main/DEBUG] (FabricLoader/Mixin) Preparing fabric-item-group-api-v1.client.mixins.json (1)
[01:26:14] [main/DEBUG] (FabricLoader/Mixin) Preparing fabric-screen-handler-api-v1.mixins.json (2)
[01:26:14] [main/DEBUG] (FabricLoader/Mixin) Preparing fabric-rendering-fluids-v1.mixins.json (1)
[01:26:14] [main/DEBUG] (FabricLoader/Mixin) Preparing fabric-renderer-indigo.mixins.json (11)
[01:26:14] [main/DEBUG] (FabricLoader/Mixin) Preparing fabric-events-interaction-v0.mixins.json (7)
[01:26:14] [main/DEBUG] (FabricLoader/Mixin) Preparing fabric-events-interaction-v0.client.mixins.json (3)
[01:26:14] [main/DEBUG] (FabricLoader/Mixin) Preparing fabric-game-rule-api-v1.mixins.json (5)
[01:26:14] [main/DEBUG] (FabricLoader/Mixin) Preparing fabric-game-rule-api-v1.client.mixins.json (3)
[01:26:14] [main/DEBUG] (FabricLoader/Mixin) Preparing trender.mixins.json (2)
[01:26:14] [main/DEBUG] (FabricLoader/Mixin) Preparing fabric-networking-api-v1.mixins.json (25)
[01:26:14] [main/DEBUG] (FabricLoader/Mixin) Preparing fabric-networking-api-v1.client.mixins.json (9)
[01:26:14] [main/DEBUG] (FabricLoader/Mixin) Preparing mixinextras.init.mixins.json (0)
[01:26:14] [main/DEBUG] (FabricLoader/Mixin) Preparing fabric-object-builder-v1.mixins.json (10)
[01:26:14] [main/DEBUG] (FabricLoader/Mixin) Preparing fabric-object-builder-v1.client.mixins.json (4)
[01:26:14] [main/DEBUG] (FabricLoader/Mixin) Preparing fabric-block-api-v1.mixins.json (5)
[01:26:14] [main/DEBUG] (FabricLoader/Mixin) Preparing transition.mixins.json (7)
[01:26:14] [main/DEBUG] (FabricLoader/Mixin) Inner class net/fabricmc/fabric/mixin/transfer/ChiseledBookShelfBlockEntityMixin$1 in net/fabricmc/fabric/mixin/transfer/ChiseledBookShelfBlockEntityMixin on net/minecraft/block/entity/ChiseledBookshelfBlockEntity gets unique name net/minecraft/block/entity/ChiseledBookshelfBlockEntity$Anonymous$6b8fabc9a3dd3f94be74f1199f97fdb5
[01:26:14] [main/DEBUG] (FabricLoader/Mixin) Inner class net/fabricmc/fabric/mixin/renderer/client/block/model/MultiPartModelMixin$1Key in net/fabricmc/fabric/mixin/renderer/client/block/model/MultiPartModelMixin on net/minecraft/client/render/model/MultipartBlockStateModel gets unique name net/minecraft/client/render/model/MultipartBlockStateModel$1Key$d1260afcb88d3c7b9f878f14d5ab0644
[01:26:14] [main/DEBUG] (FabricLoader/Mixin) Inner class net/fabricmc/fabric/mixin/renderer/client/item/BlockModelWrapperMixin$1 in net/fabricmc/fabric/mixin/renderer/client/item/BlockModelWrapperMixin on net/minecraft/client/render/item/model/BasicItemModel gets unique name net/minecraft/client/render/item/model/BasicItemModel$Anonymous$713ef2cc80d431169c8c08a0e2a7e63a
[01:26:14] [main/DEBUG] (FabricLoader/Mixin) Inner class net/caffeinemc/mods/lithium/mixin/ai/poi/PoiSectionMixin$1 in net/caffeinemc/mods/lithium/mixin/ai/poi/PoiSectionMixin on net/minecraft/world/poi/PointOfInterestSet gets unique name net/minecraft/world/poi/PointOfInterestSet$Anonymous$6e41bbc8921a338ea4ba8b098a274faa
[01:26:14] [main/DEBUG] (FabricLoader/Mixin) Inner class net/caffeinemc/mods/lithium/mixin/ai/poi/SectionStorageMixin$1 in net/caffeinemc/mods/lithium/mixin/ai/poi/SectionStorageMixin on net/minecraft/world/storage/SerializingRegionBasedStorage gets unique name net/minecraft/world/storage/SerializingRegionBasedStorage$Anonymous$c91756a876a139f6904d44e69e5e21d7
[01:26:14] [main/DEBUG] (FabricLoader/Mixin) Inner class net/caffeinemc/mods/lithium/mixin/ai/useless_behaviors/BrainMixin$1 in net/caffeinemc/mods/lithium/mixin/ai/useless_behaviors/BrainMixin on net/minecraft/entity/ai/brain/Brain gets unique name net/minecraft/entity/ai/brain/Brain$Anonymous$f17b4f8efe7039bbac9f14e2394e633f
[01:26:14] [main/DEBUG] (FabricLoader/Mixin) Inner class net/caffeinemc/mods/lithium/mixin/minimal_nonvanilla/spawning/EntitySectionStorageMixin$1 in net/caffeinemc/mods/lithium/mixin/minimal_nonvanilla/spawning/EntitySectionStorageMixin on net/minecraft/world/entity/SectionedEntityCache gets unique name net/minecraft/world/entity/SectionedEntityCache$Anonymous$8bd463eeb1493ce79f3e2caef1941c86
[01:26:14] [main/DEBUG] (FabricLoader/Mixin) Inner class net/caffeinemc/mods/lithium/mixin/world/chunk_ticking/random_block_ticking/PalettedContainerMixin$1 in net/caffeinemc/mods/lithium/mixin/world/chunk_ticking/random_block_ticking/PalettedContainerMixin on net/minecraft/world/chunk/PalettedContainer gets unique name net/minecraft/world/chunk/PalettedContainer$Anonymous$575972630b53368581d4a92693344961
[01:26:14] [main/DEBUG] (FabricLoader/Mixin) Inner class net/caffeinemc/mods/lithium/mixin/world/explosions/entity_raycast/ServerExplosionMixin$1 in net/caffeinemc/mods/lithium/mixin/world/explosions/entity_raycast/ServerExplosionMixin on net/minecraft/world/explosion/ExplosionImpl gets unique name net/minecraft/world/explosion/ExplosionImpl$Anonymous$6e56f93541273671b65038ae9b14256f
[01:26:14] [main/DEBUG] (FabricLoader/Mixin) Inner class net/caffeinemc/mods/lithium/mixin/world/raycast/BlockGetterMixin$1 in net/caffeinemc/mods/lithium/mixin/world/raycast/BlockGetterMixin on net/minecraft/world/BlockView gets unique name net/minecraft/world/BlockView$Anonymous$b8cf0743f18c361ab1c3839a14be0047
[01:26:14] [main/DEBUG] (FabricLoader/Mixin) Inner class ca/fxco/moreculling/mixin/blocks/LeavesBlock_typesMixin$1 in ca/fxco/moreculling/mixin/blocks/LeavesBlock_typesMixin on net/minecraft/block/LeavesBlock gets unique name net/minecraft/block/LeavesBlock$Anonymous$2d8831b8c2f5383f925ddd43c157103b
[01:26:14] [main/DEBUG] (FabricLoader/Mixin) Inner class ca/fxco/moreculling/mixin/blocks/MangroveRootsBlock_typesMixin$1 in ca/fxco/moreculling/mixin/blocks/MangroveRootsBlock_typesMixin on net/minecraft/block/MangroveRootsBlock gets unique name net/minecraft/block/MangroveRootsBlock$Anonymous$25d713430eb03c0baee4af238c7fa525
[01:26:14] [main/DEBUG] (FabricLoader/Mixin) Inner class net/fabricmc/fabric/mixin/registry/sync/MappedRegistryMixin$1 in net/fabricmc/fabric/mixin/registry/sync/MappedRegistryMixin on net/minecraft/registry/SimpleRegistry gets unique name net/minecraft/registry/SimpleRegistry$Anonymous$0a3f9fa0a200368cad403406b73f8d7f
[01:26:14] [main/DEBUG] (FabricLoader/Mixin) Inner class com/axial/cosmetics/mixin/AxialConfigScreenEnchantGlintMixin$AxialGlintButton in com/axial/cosmetics/mixin/AxialConfigScreenEnchantGlintMixin on org/axial/axialutils/client/AxialConfigScreen gets unique name org/axial/axialutils/client/AxialConfigScreen$AxialGlintButton$28d21cb7bc6d3a2a9d188bc04552b43e
[01:26:14] [main/DEBUG] (FabricLoader/Mixin) Inner class net/fabricmc/fabric/mixin/itemgroup/CreativeModeTabsMixin$1ItemGroupPosition in net/fabricmc/fabric/mixin/itemgroup/CreativeModeTabsMixin on net/minecraft/item/ItemGroups gets unique name net/minecraft/item/ItemGroups$1ItemGroupPosition$a7c372a248503948890466983521f4d6
[01:26:14] [main/DEBUG] (FabricLoader/Mixin) Prepared 996 mixins in 0.627 sec (0.6ms avg) (0ms load, 0ms transform, 0ms plugin)
[01:26:14] [main/DEBUG] (io.netty.util.internal.logging.InternalLoggerFactory) Using SLF4J as the default logging framework
[01:26:14] [main/DEBUG] (io.netty.util.ResourceLeakDetector) -Dio.netty.leakDetection.level: simple
[01:26:14] [main/DEBUG] (io.netty.util.ResourceLeakDetector) -Dio.netty.leakDetection.targetRecords: 4
[01:26:14] [main/INFO] (FabricLoader/MixinExtras|Service) Initializing MixinExtras via com.llamalad7.mixinextras.service.MixinExtrasServiceImpl(version=0.5.5).
[01:26:14] [main/DEBUG] (FabricLoader/Mixin) Registering new injector for @SugarWrapper with com.llamalad7.mixinextras.sugar.impl.SugarWrapperInjectionInfo
[01:26:14] [main/DEBUG] (FabricLoader/Mixin) Registering new injector for @FactoryRedirectWrapper with com.llamalad7.mixinextras.wrapper.factory.FactoryRedirectWrapperInjectionInfo
[01:26:14] [main/DEBUG] (FabricLoader/Mixin) Registering new injector for @ExpressionInjectorWrapper with com.llamalad7.mixinextras.expression.impl.wrapper.ExpressionInjectorWrapperInjectionInfo
[01:26:14] [main/DEBUG] (FabricLoader/Mixin) Mixing math.sine_lut.MthMixin from lithium.mixins.json into net.minecraft.util.math.MathHelper
[01:26:14] [main/DEBUG] (FabricLoader/Mixin) lithium.mixins.json:math.sine_lut.MthMixin from mod lithium->@Inject::onClassInit(Lorg/spongepowered/asm/mixin/injection/callback/CallbackInfo;)V doesn't use it's CallbackInfo
[01:26:14] [main/DEBUG] (FabricLoader/Mixin) Mixing alloc.nbt.CompoundTagMixin from lithium.mixins.json into net.minecraft.nbt.NbtCompound
[01:26:14] [main/DEBUG] (FabricLoader/Mixin) Mixing TaggedChoiceMixin from fabric-dimensions-v1.mixins.json into com.mojang.datafixers.types.templates.TaggedChoice
[01:26:14] [main/DEBUG] (FabricLoader/Mixin) fabric-dimensions-v1.mixins.json:TaggedChoiceMixin from mod fabric-dimensions-v1->@Inject::onApply(Lcom/mojang/datafixers/util/Pair;Lorg/spongepowered/asm/mixin/injection/callback/CallbackInfoReturnable;)V does use it's CallbackInfoReturnable
[01:26:14] [main/DEBUG] (FabricLoader/Mixin) Mixing TaggedChoiceTaggedChoiceTypeMixin from fabric-dimensions-v1.mixins.json into com.mojang.datafixers.types.templates.TaggedChoice$TaggedChoiceType
[01:26:14] [main/DEBUG] (FabricLoader/Mixin) fabric-dimensions-v1.mixins.json:TaggedChoiceTaggedChoiceTypeMixin from mod fabric-dimensions-v1->@Inject::onGetCodec(Ljava/lang/Object;Lorg/spongepowered/asm/mixin/injection/callback/CallbackInfoReturnable;)V does use it's CallbackInfoReturnable
[01:26:15] [main/DEBUG] (FabricLoader/Mixin) Mixing V2832Mixin from fabric-dimensions-v1.mixins.json into net.minecraft.datafixer.schema.Schema2832
[01:26:15] [main/DEBUG] (FabricLoader/Mixin) Mixing SystemReportMixin from fabric-crash-report-info-v1.mixins.json into net.minecraft.util.SystemDetails
[01:26:15] [main/DEBUG] (FabricLoader/Mixin) Renaming synthetic method lambda$appendMods$1(Lnet/fabricmc/loader/api/ModContainer;)Ljava/lang/String; to mdfa83b2$fabric-crash-report-info-v1$lambda$appendMods$1$0 in fabric-crash-report-info-v1.mixins.json:SystemReportMixin from mod fabric-crash-report-info-v1
[01:26:15] [main/DEBUG] (FabricLoader/Mixin) Renaming synthetic method lambda$fillSystemDetails$0()Ljava/lang/String; to mdfa83b2$fabric-crash-report-info-v1$lambda$fillSystemDetails$0$1 in fabric-crash-report-info-v1.mixins.json:SystemReportMixin from mod fabric-crash-report-info-v1
[01:26:15] [main/DEBUG] (FabricLoader/Mixin) fabric-crash-report-info-v1.mixins.json:SystemReportMixin from mod fabric-crash-report-info-v1->@Inject::fillSystemDetails(Lorg/spongepowered/asm/mixin/injection/callback/CallbackInfo;)V doesn't use it's CallbackInfo
[01:26:15] [main/DEBUG] (FabricLoader/Mixin) fabric-crash-report-info-v1.mixins.json:SystemReportMixin from mod fabric-crash-report-info-v1->@Inject::fillSystemDetails(Lorg/spongepowered/asm/mixin/injection/callback/CallbackInfo;)V has 0 override(s) in child classes
[01:26:15] [main/DEBUG] (FabricLoader/Mixin) fabric-crash-report-info-v1.mixins.json:SystemReportMixin from mod fabric-crash-report-info-v1->@Inject::fillSystemDetails(Lorg/spongepowered/asm/mixin/injection/callback/CallbackInfo;)V won't be passed a CallbackInfo as a result
[01:26:15] [Datafixer Bootstrap/INFO] (com.mojang.datafixers.DataFixerBuilder) 287 Datafixer optimizations took 203 milliseconds
[01:26:15] [main/DEBUG] (FabricLoader/Mixin) Mixing BootstrapMixin from fabric-registry-sync-v0.mixins.json into net.minecraft.Bootstrap
[01:26:15] [main/DEBUG] (FabricLoader/Mixin) Renaming synthetic method lambda$afterInitialize$1(Lnet/minecraft/fluid/Fluid;)Ljava/util/Collection; to mdfa83b2$fabric-registry-sync-v0$lambda$afterInitialize$1$0 in fabric-registry-sync-v0.mixins.json:BootstrapMixin from mod fabric-registry-sync-v0
[01:26:15] [main/DEBUG] (FabricLoader/Mixin) Renaming synthetic method lambda$afterInitialize$0(Lnet/minecraft/block/Block;)Ljava/util/Collection; to mdfa83b2$fabric-registry-sync-v0$lambda$afterInitialize$0$1 in fabric-registry-sync-v0.mixins.json:BootstrapMixin from mod fabric-registry-sync-v0
[01:26:15] [main/DEBUG] (FabricLoader/Mixin) fabric-registry-sync-v0.mixins.json:BootstrapMixin from mod fabric-registry-sync-v0->@Inject::afterInitialize(Lorg/spongepowered/asm/mixin/injection/callback/CallbackInfo;)V doesn't use it's CallbackInfo
[01:26:15] [main/DEBUG] (FabricLoader/Mixin) Mixing RegistryMixin from fabric-registry-sync-v0.mixins.json into net.minecraft.registry.Registry
[01:26:15] [main/DEBUG] (FabricLoader/Mixin) Mixing BuiltInRegistriesMixin from fabric-item-api-v1.mixins.json into net.minecraft.registry.Registries
[01:26:15] [main/DEBUG] (FabricLoader/Mixin) Mixing BuiltInRegistriesAccessor from fabric-registry-sync-v0.mixins.json into net.minecraft.registry.Registries
[01:26:15] [main/DEBUG] (FabricLoader/Mixin) Renaming @Accessor method getWRITABLE_REGISTRY()Lnet/minecraft/registry/MutableRegistry; to getWRITABLE_REGISTRY$fabric-registry-sync-v0_$md$fa83b2$0 in fabric-registry-sync-v0.mixins.json:BuiltInRegistriesAccessor from mod fabric-registry-sync-v0
[01:26:15] [main/DEBUG] (FabricLoader/Mixin) Mixing BuiltInRegistriesMixin from fabric-registry-sync-v0.mixins.json into net.minecraft.registry.Registries
[01:26:15] [main/DEBUG] (FabricLoader/Mixin) fabric-item-api-v1.mixins.json:BuiltInRegistriesMixin from mod fabric-item-api-v1->@Inject::modifyDefaultItemComponents(Lorg/spongepowered/asm/mixin/injection/callback/CallbackInfo;)V doesn't use it's CallbackInfo
[01:26:15] [main/DEBUG] (FabricLoader/Mixin) fabric-registry-sync-v0.mixins.json:BuiltInRegistriesMixin from mod fabric-registry-sync-v0->@Inject::init(Lorg/spongepowered/asm/mixin/injection/callback/CallbackInfo;)V does use it's CallbackInfo
[01:26:15] [main/DEBUG] (FabricLoader/Mixin) Mixing MappedRegistryMixin from fabric-tag-api-v1.mixins.json into net.minecraft.registry.SimpleRegistry
[01:26:15] [main/DEBUG] (FabricLoader/Mixin) Mixing MappedRegistryAccessor from fabric-registry-sync-v0.mixins.json into net.minecraft.registry.SimpleRegistry
[01:26:15] [main/DEBUG] (FabricLoader/Mixin) Mixing MappedRegistryMixin from fabric-registry-sync-v0.mixins.json into net.minecraft.registry.SimpleRegistry
[01:26:15] [main/DEBUG] (FabricLoader/Mixin) Renaming synthetic method lambda$remap$5()Lnet/fabricmc/fabric/impl/registry/sync/RemapException; to mdfa83b2$fabric-registry-sync-v0$lambda$remap$5$0 in fabric-registry-sync-v0.mixins.json:MappedRegistryMixin from mod fabric-registry-sync-v0
[01:26:15] [main/DEBUG] (FabricLoader/Mixin) Renaming synthetic method lambda$init$4([Lnet/fabricmc/fabric/api/event/registry/RegistryIdRemapCallback;)Lnet/fabricmc/fabric/api/event/registry/RegistryIdRemapCallback; to mdfa83b2$fabric-registry-sync-v0$lambda$init$4$1 in fabric-registry-sync-v0.mixins.json:MappedRegistryMixin from mod fabric-registry-sync-v0
[01:26:15] [main/DEBUG] (FabricLoader/Mixin) Renaming synthetic method lambda$init$3([Lnet/fabricmc/fabric/api/event/registry/RegistryIdRemapCallback;Lnet/fabricmc/fabric/api/event/registry/RegistryIdRemapCallback$RemapState;)V to mdfa83b2$fabric-registry-sync-v0$lambda$init$3$2 in fabric-registry-sync-v0.mixins.json:MappedRegistryMixin from mod fabric-registry-sync-v0
[01:26:15] [main/DEBUG] (FabricLoader/Mixin) Renaming synthetic method lambda$init$2(ILnet/minecraft/util/Identifier;Ljava/lang/Object;)V to mdfa83b2$fabric-registry-sync-v0$lambda$init$2$3 in fabric-registry-sync-v0.mixins.json:MappedRegistryMixin from mod fabric-registry-sync-v0
[01:26:15] [main/DEBUG] (FabricLoader/Mixin) Renaming synthetic method lambda$init$1([Lnet/fabricmc/fabric/api/event/registry/RegistryEntryAddedCallback;)Lnet/fabricmc/fabric/api/event/registry/RegistryEntryAddedCallback; to mdfa83b2$fabric-registry-sync-v0$lambda$init$1$4 in fabric-registry-sync-v0.mixins.json:MappedRegistryMixin from mod fabric-registry-sync-v0
[01:26:15] [main/DEBUG] (FabricLoader/Mixin) Renaming synthetic method lambda$init$0([Lnet/fabricmc/fabric/api/event/registry/RegistryEntryAddedCallback;ILnet/minecraft/util/Identifier;Ljava/lang/Object;)V to mdfa83b2$fabric-registry-sync-v0$lambda$init$0$5 in fabric-registry-sync-v0.mixins.json:MappedRegistryMixin from mod fabric-registry-sync-v0
[01:26:15] [main/DEBUG] (FabricLoader/Mixin) fabric-registry-sync-v0.mixins.json:MappedRegistryMixin from mod fabric-registry-sync-v0->@Inject::init(Lnet/minecraft/registry/RegistryKey;Lcom/mojang/serialization/Lifecycle;ZLorg/spongepowered/asm/mixin/injection/callback/CallbackInfo;)V doesn't use it's CallbackInfo
[01:26:15] [main/DEBUG] (FabricLoader/Mixin) fabric-registry-sync-v0.mixins.json:MappedRegistryMixin from mod fabric-registry-sync-v0->@Inject::init(Lnet/minecraft/registry/RegistryKey;Lcom/mojang/serialization/Lifecycle;ZLorg/spongepowered/asm/mixin/injection/callback/CallbackInfo;)V has 0 override(s) in child classes
[01:26:15] [main/DEBUG] (FabricLoader/Mixin) fabric-registry-sync-v0.mixins.json:MappedRegistryMixin from mod fabric-registry-sync-v0->@Inject::init(Lnet/minecraft/registry/RegistryKey;Lcom/mojang/serialization/Lifecycle;ZLorg/spongepowered/asm/mixin/injection/callback/CallbackInfo;)V won't be passed a CallbackInfo as a result
[01:26:15] [main/DEBUG] (FabricLoader/Mixin) fabric-registry-sync-v0.mixins.json:MappedRegistryMixin from mod fabric-registry-sync-v0->@Inject::set(Lnet/minecraft/registry/RegistryKey;Ljava/lang/Object;Lnet/minecraft/registry/entry/RegistryEntryInfo;Lorg/spongepowered/asm/mixin/injection/callback/CallbackInfoReturnable;)V does use it's CallbackInfoReturnable
[01:26:15] [main/DEBUG] (FabricLoader/Mixin) Mixing RegistriesMixin from fabric-registry-sync-v0.mixins.json into net.minecraft.registry.RegistryKeys
[01:26:15] [main/DEBUG] (FabricLoader/Mixin) Mixing effect.MobEffectMixin from fabric-entity-events-v1.mixins.json into net.minecraft.entity.effect.StatusEffect
[01:26:15] [main/DEBUG] (FabricLoader/Mixin) Mixing ArgumentTypeInfosAccessor from fabric-command-api-v2.mixins.json into net.minecraft.command.argument.ArgumentTypes
[01:26:15] [main/DEBUG] (FabricLoader/Mixin) Renaming @Accessor method fabric_getClassMap()Ljava/util/Map; to fabric_getClassMap$fabric-command-api-v2_$md$fa83b2$0 in fabric-command-api-v2.mixins.json:ArgumentTypeInfosAccessor from mod fabric-command-api-v2
[01:26:15] [main/DEBUG] (FabricLoader/Mixin) Mixing collections.poi_types.PoiTypesMixin from lithium-fabric.mixins.json into net.minecraft.world.poi.PointOfInterestTypes
[01:26:15] [main/DEBUG] (FabricLoader/Mixin) Mixing CreativeModeTabsMixin from fabric-item-group-api-v1.mixins.json into net.minecraft.item.ItemGroups
[01:26:15] [main/DEBUG] (FabricLoader/Mixin) Renaming synthetic method lambda$paginateGroups$0(Lnet/minecraft/registry/entry/RegistryEntry$Reference;Lnet/minecraft/registry/entry/RegistryEntry$Reference;)I to mdfa83b2$fabric-item-group-api-v1$lambda$paginateGroups$0$0 in fabric-item-group-api-v1.mixins.json:CreativeModeTabsMixin from mod fabric-item-group-api-v1
[01:26:15] [main/DEBUG] (FabricLoader/Mixin) fabric-item-group-api-v1.mixins.json:CreativeModeTabsMixin from mod fabric-item-group-api-v1->@Inject::deferDuplicateCheck(Lorg/spongepowered/asm/mixin/injection/callback/CallbackInfo;)V does use it's CallbackInfo
[01:26:15] [main/DEBUG] (FabricLoader/Mixin) fabric-item-group-api-v1.mixins.json:CreativeModeTabsMixin from mod fabric-item-group-api-v1->@Inject::paginateGroups(Lorg/spongepowered/asm/mixin/injection/callback/CallbackInfo;)V doesn't use it's CallbackInfo
[01:26:15] [main/DEBUG] (FabricLoader/Mixin) Mixing CreativeModeTabAccessor from fabric-item-group-api-v1.mixins.json into net.minecraft.item.ItemGroup
[01:26:15] [main/DEBUG] (FabricLoader/Mixin) Mixing CreativeModeTabMixin from fabric-item-group-api-v1.mixins.json into net.minecraft.item.ItemGroup
[01:26:15] [main/DEBUG] (FabricLoader/Mixin) Renaming synthetic method lambda$getStacks$0(Lnet/minecraft/item/ItemGroup;)Ljava/lang/IllegalStateException; to mdfa83b2$fabric-item-group-api-v1$lambda$getStacks$0$0 in fabric-item-group-api-v1.mixins.json:CreativeModeTabMixin from mod fabric-item-group-api-v1
[01:26:15] [main/DEBUG] (FabricLoader/Mixin) fabric-item-group-api-v1.mixins.json:CreativeModeTabMixin from mod fabric-item-group-api-v1->@Inject::getStacks(Lnet/minecraft/item/ItemGroup$DisplayContext;Lorg/spongepowered/asm/mixin/injection/callback/CallbackInfo;)V doesn't use it's CallbackInfo
[01:26:15] [main/DEBUG] (FabricLoader/Mixin) fabric-item-group-api-v1.mixins.json:CreativeModeTabMixin from mod fabric-item-group-api-v1->@Inject::getStacks(Lnet/minecraft/item/ItemGroup$DisplayContext;Lorg/spongepowered/asm/mixin/injection/callback/CallbackInfo;)V has 0 override(s) in child classes
[01:26:15] [main/DEBUG] (FabricLoader/Mixin) fabric-item-group-api-v1.mixins.json:CreativeModeTabMixin from mod fabric-item-group-api-v1->@Inject::getStacks(Lnet/minecraft/item/ItemGroup$DisplayContext;Lorg/spongepowered/asm/mixin/injection/callback/CallbackInfo;)V won't be passed a CallbackInfo as a result
[01:26:15] [main/DEBUG] (FabricLoader/Mixin) Mixing GameRuleMixin from fabric-game-rule-api-v1.mixins.json into net.minecraft.world.rule.GameRule
[01:26:15] [main/DEBUG] (FabricLoader/Mixin) Renaming synthetic method lambda$deserializeEnum$1(Ljava/lang/String;)Ljava/lang/String; to mdfa83b2$fabric-game-rule-api-v1$lambda$deserializeEnum$1$0 in fabric-game-rule-api-v1.mixins.json:GameRuleMixin from mod fabric-game-rule-api-v1
[01:26:15] [main/DEBUG] (FabricLoader/Mixin) Renaming synthetic method lambda$deserializeEnum$0(Ljava/lang/String;Ljava/lang/Class;)Ljava/lang/String; to mdfa83b2$fabric-game-rule-api-v1$lambda$deserializeEnum$0$1 in fabric-game-rule-api-v1.mixins.json:GameRuleMixin from mod fabric-game-rule-api-v1
[01:26:15] [main/DEBUG] (FabricLoader/Mixin) Mixing FireBlockMixin from fabric-content-registries-v0.mixins.json into net.minecraft.block.FireBlock
[01:26:15] [main/DEBUG] (FabricLoader/Mixin) fabric-content-registries-v0.mixins.json:FireBlockMixin from mod fabric-content-registries-v0->@Inject::afterConstruct(Lnet/minecraft/block/AbstractBlock$Settings;Lorg/spongepowered/asm/mixin/injection/callback/CallbackInfo;)V doesn't use it's CallbackInfo
[01:26:15] [main/DEBUG] (FabricLoader/Mixin) fabric-content-registries-v0.mixins.json:FireBlockMixin from mod fabric-content-registries-v0->@Inject::afterConstruct(Lnet/minecraft/block/AbstractBlock$Settings;Lorg/spongepowered/asm/mixin/injection/callback/CallbackInfo;)V has 0 override(s) in child classes
[01:26:15] [main/DEBUG] (FabricLoader/Mixin) fabric-content-registries-v0.mixins.json:FireBlockMixin from mod fabric-content-registries-v0->@Inject::afterConstruct(Lnet/minecraft/block/AbstractBlock$Settings;Lorg/spongepowered/asm/mixin/injection/callback/CallbackInfo;)V won't be passed a CallbackInfo as a result
[01:26:15] [main/DEBUG] (FabricLoader/Mixin) fabric-content-registries-v0.mixins.json:FireBlockMixin from mod fabric-content-registries-v0->@Inject::getFabricBurnChance(Lnet/minecraft/block/BlockState;Lorg/spongepowered/asm/mixin/injection/callback/CallbackInfoReturnable;)V does use it's CallbackInfoReturnable
[01:26:15] [main/DEBUG] (FabricLoader/Mixin) fabric-content-registries-v0.mixins.json:FireBlockMixin from mod fabric-content-registries-v0->@Inject::getFabricSpreadChance(Lnet/minecraft/block/BlockState;Lorg/spongepowered/asm/mixin/injection/callback/CallbackInfoReturnable;)V does use it's CallbackInfoReturnable
[01:26:15] [main/DEBUG] (FabricLoader/Mixin) Mixing shapes.blockstate_cache.BlockMixin from lithium.mixins.json into net.minecraft.block.Block
[01:26:15] [main/DEBUG] (FabricLoader/Mixin) Renaming synthetic method lambda$static$0(Lnet/minecraft/util/shape/VoxelShape;)Z to mdfa83b2$lithium$lambda$static$0$0 in lithium.mixins.json:shapes.blockstate_cache.BlockMixin from mod lithium
[01:26:15] [main/DEBUG] (FabricLoader/Mixin) Mixing BlockMixin from fabric-block-api-v1.mixins.json into net.minecraft.block.Block
[01:26:15] [main/DEBUG] (FabricLoader/Mixin) Mixing blockstates.Block_drawSideMixin from moreculling.mixins.json into net.minecraft.block.Block
[01:26:15] [main/DEBUG] (FabricLoader/Mixin) Mixing blockstates.Block_fabricDrawSideMixin from moreculling.fabric.mixins.json into net.minecraft.block.Block
[01:26:15] [main/DEBUG] (FabricLoader/Mixin) moreculling.fabric.mixins.json:blockstates.Block_fabricDrawSideMixin from mod moreculling->@Inject::moreculling$customShouldDrawSide(Lnet/minecraft/block/BlockState;Lnet/minecraft/block/BlockState;Lnet/minecraft/util/math/Direction;Lorg/spongepowered/asm/mixin/injection/callback/CallbackInfoReturnable;)V does use it's CallbackInfoReturnable
[01:26:15] [main/DEBUG] (FabricLoader/Mixin) Mixing BlockBehaviourAccessor from fabric-content-registries-v0.mixins.json into net.minecraft.block.AbstractBlock
[01:26:15] [main/DEBUG] (FabricLoader/Mixin) Mixing block.hopper.BlockBehaviourMixin from lithium.mixins.json into net.minecraft.block.AbstractBlock
[01:26:15] [main/DEBUG] (FabricLoader/Mixin) lithium.mixins.json:block.hopper.BlockBehaviourMixin from mod lithium->@Inject::notifyOnShapeUpdate(Lnet/minecraft/block/BlockState;Lnet/minecraft/world/WorldView;Lnet/minecraft/world/tick/ScheduledTickView;Lnet/minecraft/util/math/BlockPos;Lnet/minecraft/util/math/Direction;Lnet/minecraft/util/math/BlockPos;Lnet/minecraft/block/BlockState;Lnet/minecraft/util/math/random/Random;Lorg/spongepowered/asm/mixin/injection/callback/CallbackInfoReturnable;)V doesn't use it's CallbackInfoReturnable
[01:26:15] [main/DEBUG] (FabricLoader/Mixin) lithium.mixins.json:block.hopper.BlockBehaviourMixin from mod lithium->@Inject::notifyOnShapeUpdate(Lnet/minecraft/block/BlockState;Lnet/minecraft/world/WorldView;Lnet/minecraft/world/tick/ScheduledTickView;Lnet/minecraft/util/math/BlockPos;Lnet/minecraft/util/math/Direction;Lnet/minecraft/util/math/BlockPos;Lnet/minecraft/block/BlockState;Lnet/minecraft/util/math/random/Random;Lorg/spongepowered/asm/mixin/injection/callback/CallbackInfoReturnable;)V has 0 override(s) in child classes
[01:26:15] [main/DEBUG] (FabricLoader/Mixin) lithium.mixins.json:block.hopper.BlockBehaviourMixin from mod lithium->@Inject::notifyOnShapeUpdate(Lnet/minecraft/block/BlockState;Lnet/minecraft/world/WorldView;Lnet/minecraft/world/tick/ScheduledTickView;Lnet/minecraft/util/math/BlockPos;Lnet/minecraft/util/math/Direction;Lnet/minecraft/util/math/BlockPos;Lnet/minecraft/block/BlockState;Lnet/minecraft/util/math/random/Random;Lorg/spongepowered/asm/mixin/injection/callback/CallbackInfoReturnable;)V won't be passed a CallbackInfoReturnable as a result
[01:26:15] [main/DEBUG] (FabricLoader/Mixin) Mixing BlockGetterMixin from fabric-block-view-api-v2.mixins.json into net.minecraft.world.BlockView
[01:26:15] [main/DEBUG] (FabricLoader/Mixin) Mixing world.raycast.BlockGetterMixin from lithium.mixins.json into net.minecraft.world.BlockView
[01:26:15] [main/DEBUG] (FabricLoader/Mixin) Mixing math.fast_blockpos.BlockPosMixin from lithium.mixins.json into net.minecraft.util.math.BlockPos
[01:26:15] [main/DEBUG] (FabricLoader/Mixin) Mixing EntityMixin from fabric-particles-v1.mixins.json into net.minecraft.entity.Entity
[01:26:15] [main/DEBUG] (FabricLoader/Mixin) Mixing CullableMixin from entityculling.mixins.json into net.minecraft.entity.Entity
[01:26:15] [main/DEBUG] (FabricLoader/Mixin) entityculling.mixins.json:CullableMixin from mod entityculling: Class version 65 required is higher than the class version supported by the current version of Mixin (JAVA_16 supports class version 60)
[01:26:15] [main/DEBUG] (FabricLoader/Mixin) Mixing AttachmentTargetsMixin from fabric-data-attachment-api-v1.mixins.json into net.minecraft.entity.Entity
[01:26:15] [main/DEBUG] (FabricLoader/Mixin) Renaming synthetic method lambda$fabric_readAttachmentsFromNbt$3(Lnet/minecraft/storage/ReadView;Lnet/fabricmc/fabric/api/attachment/v1/AttachmentType;Ljava/lang/Object;)V to mdfa83b2$fabric-data-attachment-api-v1$lambda$fabric_readAttachmentsFromNbt$3$0 in fabric-data-attachment-api-v1.mixins.json:AttachmentTargetsMixin from mod fabric-data-attachment-api-v1
[01:26:15] [main/DEBUG] (FabricLoader/Mixin) Renaming synthetic method lambda$onAttachedSet$2(Lnet/fabricmc/fabric/api/attachment/v1/AttachmentType;)Lnet/fabricmc/fabric/api/event/Event; to mdfa83b2$fabric-data-attachment-api-v1$lambda$onAttachedSet$2$1 in fabric-data-attachment-api-v1.mixins.json:AttachmentTargetsMixin from mod fabric-data-attachment-api-v1
[01:26:15] [main/DEBUG] (FabricLoader/Mixin) Renaming synthetic method lambda$onAttachedSet$1([Lnet/fabricmc/fabric/api/attachment/v1/AttachmentTarget$OnAttachedSet;)Lnet/fabricmc/fabric/api/attachment/v1/AttachmentTarget$OnAttachedSet; to mdfa83b2$fabric-data-attachment-api-v1$lambda$onAttachedSet$1$2 in fabric-data-attachment-api-v1.mixins.json:AttachmentTargetsMixin from mod fabric-data-attachment-api-v1
[01:26:15] [main/DEBUG] (FabricLoader/Mixin) Renaming synthetic method lambda$onAttachedSet$0([Lnet/fabricmc/fabric/api/attachment/v1/AttachmentTarget$OnAttachedSet;Ljava/lang/Object;Ljava/lang/Object;)V to mdfa83b2$fabric-data-attachment-api-v1$lambda$onAttachedSet$0$3 in fabric-data-attachment-api-v1.mixins.json:AttachmentTargetsMixin from mod fabric-data-attachment-api-v1
[01:26:15] [main/DEBUG] (FabricLoader/Mixin) Mixing EntityMixin from fabric-data-attachment-api-v1.mixins.json into net.minecraft.entity.Entity
[01:26:15] [main/DEBUG] (FabricLoader/Mixin) Renaming synthetic method lambda$fabric_syncChange$0(Lnet/fabricmc/fabric/api/attachment/v1/AttachmentSyncPredicate;Lnet/fabricmc/fabric/impl/attachment/sync/AttachmentChange;Lnet/minecraft/server/network/ServerPlayerEntity;)V to mdfa83b2$fabric-data-attachment-api-v1$lambda$fabric_syncChange$0$4 in fabric-data-attachment-api-v1.mixins.json:EntityMixin from mod fabric-data-attachment-api-v1
[01:26:15] [main/DEBUG] (FabricLoader/Mixin) Mixing alloc.deep_passengers.EntityMixin from lithium.mixins.json into net.minecraft.entity.Entity
[01:26:15] [main/DEBUG] (FabricLoader/Mixin) Mixing block.hopper.EntityAccessor from lithium.mixins.json into net.minecraft.entity.Entity
[01:26:15] [main/DEBUG] (FabricLoader/Mixin) Mixing collections.fluid_submersion.EntityMixin from lithium.mixins.json into net.minecraft.entity.Entity
[01:26:15] [main/DEBUG] (FabricLoader/Mixin) Mixing entity.collisions.movement.EntityMixin from lithium.mixins.json into net.minecraft.entity.Entity
[01:26:15] [main/DEBUG] (FabricLoader/Mixin) Mixing entity.collisions.unpushable_cramming.EntityMixin from lithium.mixins.json into net.minecraft.entity.Entity
[01:26:15] [main/DEBUG] (FabricLoader/Mixin) Mixing entity.sprinting_particles.EntityMixin from lithium.mixins.json into net.minecraft.entity.Entity
[01:26:15] [main/DEBUG] (FabricLoader/Mixin) Mixing util.in_world_tracking.entity.EntityMixin from lithium.mixins.json into net.minecraft.entity.Entity
[01:26:15] [main/DEBUG] (FabricLoader/Mixin) Mixing entity.collisions.fluid.EntityMixin from lithium-fabric.mixins.json into net.minecraft.entity.Entity
[01:26:15] [main/DEBUG] (FabricLoader/Mixin) Mixing EntityMixin from fabric-entity-events-v1.mixins.json into net.minecraft.entity.Entity
[01:26:15] [main/DEBUG] (FabricLoader/Mixin) Mixing ExtensionMixin from transition.mixins.json into net.minecraft.entity.Entity
[01:26:15] [main/DEBUG] (FabricLoader/Mixin) Mixing EntityAccessor from transition.mixins.json into net.minecraft.entity.Entity
[01:26:15] [main/DEBUG] (FabricLoader/Mixin) fabric-data-attachment-api-v1.mixins.json:EntityMixin from mod fabric-data-attachment-api-v1->@Inject::readEntityAttachments(Lnet/minecraft/storage/ReadView;Lorg/spongepowered/asm/mixin/injection/callback/CallbackInfo;)V doesn't use it's CallbackInfo
[01:26:15] [main/DEBUG] (FabricLoader/Mixin) fabric-data-attachment-api-v1.mixins.json:EntityMixin from mod fabric-data-attachment-api-v1->@Inject::readEntityAttachments(Lnet/minecraft/storage/ReadView;Lorg/spongepowered/asm/mixin/injection/callback/CallbackInfo;)V has 0 override(s) in child classes
[01:26:15] [main/DEBUG] (FabricLoader/Mixin) fabric-data-attachment-api-v1.mixins.json:EntityMixin from mod fabric-data-attachment-api-v1->@Inject::readEntityAttachments(Lnet/minecraft/storage/ReadView;Lorg/spongepowered/asm/mixin/injection/callback/CallbackInfo;)V won't be passed a CallbackInfo as a result
[01:26:15] [main/DEBUG] (FabricLoader/Mixin) fabric-data-attachment-api-v1.mixins.json:EntityMixin from mod fabric-data-attachment-api-v1->@Inject::writeEntityAttachments(Lnet/minecraft/storage/WriteView;Lorg/spongepowered/asm/mixin/injection/callback/CallbackInfo;)V doesn't use it's CallbackInfo
[01:26:15] [main/DEBUG] (FabricLoader/Mixin) fabric-data-attachment-api-v1.mixins.json:EntityMixin from mod fabric-data-attachment-api-v1->@Inject::writeEntityAttachments(Lnet/minecraft/storage/WriteView;Lorg/spongepowered/asm/mixin/injection/callback/CallbackInfo;)V has 0 override(s) in child classes
[01:26:15] [main/DEBUG] (FabricLoader/Mixin) fabric-data-attachment-api-v1.mixins.json:EntityMixin from mod fabric-data-attachment-api-v1->@Inject::writeEntityAttachments(Lnet/minecraft/storage/WriteView;Lorg/spongepowered/asm/mixin/injection/callback/CallbackInfo;)V won't be passed a CallbackInfo as a result
[01:26:15] [main/DEBUG] (FabricLoader/Mixin) lithium.mixins.json:collections.fluid_submersion.EntityMixin from mod lithium->@Inject::useReferenceArraySet(Lorg/spongepowered/asm/mixin/injection/callback/CallbackInfo;)V doesn't use it's CallbackInfo
[01:26:15] [main/DEBUG] (FabricLoader/Mixin) lithium.mixins.json:collections.fluid_submersion.EntityMixin from mod lithium->@Inject::useReferenceArraySet(Lorg/spongepowered/asm/mixin/injection/callback/CallbackInfo;)V has 0 override(s) in child classes
[01:26:15] [main/DEBUG] (FabricLoader/Mixin) lithium.mixins.json:collections.fluid_submersion.EntityMixin from mod lithium->@Inject::useReferenceArraySet(Lorg/spongepowered/asm/mixin/injection/callback/CallbackInfo;)V won't be passed a CallbackInfo as a result
[01:26:15] [main/DEBUG] (FabricLoader/Mixin) lithium.mixins.json:entity.collisions.unpushable_cramming.EntityMixin from mod lithium->@Inject::onPositionChanged(DDDLorg/spongepowered/asm/mixin/injection/callback/CallbackInfo;)V doesn't use it's CallbackInfo
[01:26:15] [main/DEBUG] (FabricLoader/Mixin) lithium.mixins.json:entity.collisions.unpushable_cramming.EntityMixin from mod lithium->@Inject::onPositionChanged(DDDLorg/spongepowered/asm/mixin/injection/callback/CallbackInfo;)V has 0 override(s) in child classes
[01:26:15] [main/DEBUG] (FabricLoader/Mixin) lithium.mixins.json:entity.collisions.unpushable_cramming.EntityMixin from mod lithium->@Inject::onPositionChanged(DDDLorg/spongepowered/asm/mixin/injection/callback/CallbackInfo;)V won't be passed a CallbackInfo as a result
[01:26:15] [main/DEBUG] (FabricLoader/Mixin) lithium.mixins.json:entity.collisions.unpushable_cramming.EntityMixin from mod lithium->@Inject::onBaseTick(Lorg/spongepowered/asm/mixin/injection/callback/CallbackInfo;)V doesn't use it's CallbackInfo
[01:26:15] [main/DEBUG] (FabricLoader/Mixin) lithium.mixins.json:entity.collisions.unpushable_cramming.EntityMixin from mod lithium->@Inject::onBaseTick(Lorg/spongepowered/asm/mixin/injection/callback/CallbackInfo;)V has 0 override(s) in child classes
[01:26:15] [main/DEBUG] (FabricLoader/Mixin) lithium.mixins.json:entity.collisions.unpushable_cramming.EntityMixin from mod lithium->@Inject::onBaseTick(Lorg/spongepowered/asm/mixin/injection/callback/CallbackInfo;)V won't be passed a CallbackInfo as a result
[01:26:15] [main/DEBUG] (FabricLoader/Mixin) lithium.mixins.json:entity.collisions.unpushable_cramming.EntityMixin from mod lithium->@Inject::onBlockCached(Lorg/spongepowered/asm/mixin/injection/callback/CallbackInfoReturnable;)V doesn't use it's CallbackInfoReturnable
[01:26:15] [main/DEBUG] (FabricLoader/Mixin) lithium.mixins.json:entity.collisions.unpushable_cramming.EntityMixin from mod lithium->@Inject::onBlockCached(Lorg/spongepowered/asm/mixin/injection/callback/CallbackInfoReturnable;)V has 0 override(s) in child classes
[01:26:15] [main/DEBUG] (FabricLoader/Mixin) lithium.mixins.json:entity.collisions.unpushable_cramming.EntityMixin from mod lithium->@Inject::onBlockCached(Lorg/spongepowered/asm/mixin/injection/callback/CallbackInfoReturnable;)V won't be passed a CallbackInfoReturnable as a result
[01:26:15] [main/DEBUG] (FabricLoader/Mixin) lithium.mixins.json:util.in_world_tracking.entity.EntityMixin from mod lithium->@Inject::emitMaybeInLevelEvents(Lnet/minecraft/world/entity/EntityChangeListener;Lorg/spongepowered/asm/mixin/injection/callback/CallbackInfo;)V doesn't use it's CallbackInfo
[01:26:15] [main/DEBUG] (FabricLoader/Mixin) lithium.mixins.json:util.in_world_tracking.entity.EntityMixin from mod lithium->@Inject::emitMaybeInLevelEvents(Lnet/minecraft/world/entity/EntityChangeListener;Lorg/spongepowered/asm/mixin/injection/callback/CallbackInfo;)V has 0 override(s) in child classes
[01:26:15] [main/DEBUG] (FabricLoader/Mixin) lithium.mixins.json:util.in_world_tracking.entity.EntityMixin from mod lithium->@Inject::emitMaybeInLevelEvents(Lnet/minecraft/world/entity/EntityChangeListener;Lorg/spongepowered/asm/mixin/injection/callback/CallbackInfo;)V won't be passed a CallbackInfo as a result
[01:26:15] [main/DEBUG] (FabricLoader/Mixin) lithium-fabric.mixins.json:entity.collisions.fluid.EntityMixin from mod lithium->@Inject::tryShortcutFluidPushing(Lnet/minecraft/registry/tag/TagKey;DLorg/spongepowered/asm/mixin/injection/callback/CallbackInfoReturnable;)V does use it's CallbackInfoReturnable
[01:26:15] [main/DEBUG] (FabricLoader/Mixin) Mixing MixinFabricPlayerEntity from xaerohud.fabric.mixins.json into net.minecraft.entity.player.PlayerEntity
[01:26:15] [main/DEBUG] (FabricLoader/Mixin) xaerohud.fabric.mixins.json:MixinFabricPlayerEntity from mod xaerominimap: Class version 65 required is higher than the class version supported by the current version of Mixin (JAVA_17 supports class version 61)
[01:26:15] [main/DEBUG] (FabricLoader/Mixin) Mixing PlayerMixin from emotecraft-arch.mixins.json into net.minecraft.entity.player.PlayerEntity
[01:26:15] [main/DEBUG] (FabricLoader/Mixin) emotecraft-arch.mixins.json:PlayerMixin from mod emotecraft: Class version 65 required is higher than the class version supported by the current version of Mixin (JAVA_16 supports class version 60)
[01:26:15] [main/DEBUG] (FabricLoader/Mixin) Mixing MixinPlayerFabric from xaerolib.fabric.mixins.json into net.minecraft.entity.player.PlayerEntity
[01:26:15] [main/DEBUG] (FabricLoader/Mixin) xaerolib.fabric.mixins.json:MixinPlayerFabric from mod xaerolib: Class version 65 required is higher than the class version supported by the current version of Mixin (JAVA_17 supports class version 61)
[01:26:15] [main/DEBUG] (FabricLoader/Mixin) Mixing PlayerMixin from fabric-entity-events-v1.mixins.json into net.minecraft.entity.player.PlayerEntity
[01:26:15] [main/DEBUG] (FabricLoader/Mixin) xaerohud.fabric.mixins.json:MixinFabricPlayerEntity from mod xaerominimap->@Inject::onTickStart(Lorg/spongepowered/asm/mixin/injection/callback/CallbackInfo;)V doesn't use it's CallbackInfo
[01:26:15] [main/DEBUG] (FabricLoader/Mixin) xaerohud.fabric.mixins.json:MixinFabricPlayerEntity from mod xaerominimap->@Inject::onTickStart(Lorg/spongepowered/asm/mixin/injection/callback/CallbackInfo;)V has 0 override(s) in child classes
[01:26:15] [main/DEBUG] (FabricLoader/Mixin) xaerohud.fabric.mixins.json:MixinFabricPlayerEntity from mod xaerominimap->@Inject::onTickStart(Lorg/spongepowered/asm/mixin/injection/callback/CallbackInfo;)V won't be passed a CallbackInfo as a result
[01:26:15] [main/DEBUG] (FabricLoader/Mixin) emotecraft-arch.mixins.json:PlayerMixin from mod emotecraft->@Inject::updatePlayerPoseEvent(Lorg/spongepowered/asm/mixin/injection/callback/CallbackInfo;)V doesn't use it's CallbackInfo
[01:26:15] [main/DEBUG] (FabricLoader/Mixin) emotecraft-arch.mixins.json:PlayerMixin from mod emotecraft->@Inject::updatePlayerPoseEvent(Lorg/spongepowered/asm/mixin/injection/callback/CallbackInfo;)V has 0 override(s) in child classes
[01:26:15] [main/DEBUG] (FabricLoader/Mixin) emotecraft-arch.mixins.json:PlayerMixin from mod emotecraft->@Inject::updatePlayerPoseEvent(Lorg/spongepowered/asm/mixin/injection/callback/CallbackInfo;)V won't be passed a CallbackInfo as a result
[01:26:15] [main/DEBUG] (FabricLoader/Mixin) xaerolib.fabric.mixins.json:MixinPlayerFabric from mod xaerolib->@Inject::onTickHead(Lorg/spongepowered/asm/mixin/injection/callback/CallbackInfo;)V doesn't use it's CallbackInfo
[01:26:15] [main/DEBUG] (FabricLoader/Mixin) xaerolib.fabric.mixins.json:MixinPlayerFabric from mod xaerolib->@Inject::onTickHead(Lorg/spongepowered/asm/mixin/injection/callback/CallbackInfo;)V has 0 override(s) in child classes
[01:26:15] [main/DEBUG] (FabricLoader/Mixin) xaerolib.fabric.mixins.json:MixinPlayerFabric from mod xaerolib->@Inject::onTickHead(Lorg/spongepowered/asm/mixin/injection/callback/CallbackInfo;)V won't be passed a CallbackInfo as a result
[01:26:15] [main/DEBUG] (FabricLoader/Mixin) xaerolib.fabric.mixins.json:MixinPlayerFabric from mod xaerolib->@Inject::onTickTail(Lorg/spongepowered/asm/mixin/injection/callback/CallbackInfo;)V doesn't use it's CallbackInfo
[01:26:15] [main/DEBUG] (FabricLoader/Mixin) xaerolib.fabric.mixins.json:MixinPlayerFabric from mod xaerolib->@Inject::onTickTail(Lorg/spongepowered/asm/mixin/injection/callback/CallbackInfo;)V has 0 override(s) in child classes
[01:26:15] [main/DEBUG] (FabricLoader/Mixin) xaerolib.fabric.mixins.json:MixinPlayerFabric from mod xaerolib->@Inject::onTickTail(Lorg/spongepowered/asm/mixin/injection/callback/CallbackInfo;)V won't be passed a CallbackInfo as a result
[01:26:15] [main/DEBUG] (FabricLoader/Mixin) fabric-entity-events-v1.mixins.json:PlayerMixin from mod fabric-entity-events-v1->@Inject::onTrySleep(Lnet/minecraft/util/math/BlockPos;Lorg/spongepowered/asm/mixin/injection/callback/CallbackInfoReturnable;)V does use it's CallbackInfoReturnable
[01:26:15] [main/DEBUG] (FabricLoader/Mixin) fabric-entity-events-v1.mixins.json:PlayerMixin from mod fabric-entity-events-v1->@Inject::onIsSleepingLongEnough(Lorg/spongepowered/asm/mixin/injection/callback/CallbackInfoReturnable;)V does use it's CallbackInfoReturnable
[01:26:15] [main/DEBUG] (FabricLoader/Mixin) Mixing EmoteAvatarMixin from emotecraft-arch.mixins.json into net.minecraft.entity.PlayerLikeEntity
[01:26:15] [main/DEBUG] (FabricLoader/Mixin) emotecraft-arch.mixins.json:EmoteAvatarMixin from mod emotecraft: Class version 65 required is higher than the class version supported by the current version of Mixin (JAVA_16 supports class version 60)
[01:26:15] [main/DEBUG] (FabricLoader/Mixin) Mixing AvatarMixin from player_animation_library.mixins.json into net.minecraft.entity.PlayerLikeEntity
[01:26:15] [main/DEBUG] (FabricLoader/Mixin) emotecraft-arch.mixins.json:EmoteAvatarMixin from mod emotecraft->@Inject::init(Lnet/minecraft/entity/EntityType;Lnet/minecraft/world/World;Lorg/spongepowered/asm/mixin/injection/callback/CallbackInfo;)V doesn't use it's CallbackInfo
[01:26:15] [main/DEBUG] (FabricLoader/Mixin) emotecraft-arch.mixins.json:EmoteAvatarMixin from mod emotecraft->@Inject::init(Lnet/minecraft/entity/EntityType;Lnet/minecraft/world/World;Lorg/spongepowered/asm/mixin/injection/callback/CallbackInfo;)V has 0 override(s) in child classes
[01:26:15] [main/DEBUG] (FabricLoader/Mixin) emotecraft-arch.mixins.json:EmoteAvatarMixin from mod emotecraft->@Inject::init(Lnet/minecraft/entity/EntityType;Lnet/minecraft/world/World;Lorg/spongepowered/asm/mixin/injection/callback/CallbackInfo;)V won't be passed a CallbackInfo as a result
[01:26:15] [main/DEBUG] (FabricLoader/Mixin) emotecraft-arch.mixins.json:EmoteAvatarMixin from mod emotecraft->@Inject::tick(Lorg/spongepowered/asm/mixin/injection/callback/CallbackInfo;)V doesn't use it's CallbackInfo
[01:26:15] [main/DEBUG] (FabricLoader/Mixin) emotecraft-arch.mixins.json:EmoteAvatarMixin from mod emotecraft->@Inject::tick(Lorg/spongepowered/asm/mixin/injection/callback/CallbackInfo;)V has 0 override(s) in child classes
[01:26:15] [main/DEBUG] (FabricLoader/Mixin) emotecraft-arch.mixins.json:EmoteAvatarMixin from mod emotecraft->@Inject::tick(Lorg/spongepowered/asm/mixin/injection/callback/CallbackInfo;)V won't be passed a CallbackInfo as a result
[01:26:15] [main/DEBUG] (FabricLoader/Mixin) player_animation_library.mixins.json:AvatarMixin from mod player_animation_library->@Inject::tick(Lorg/spongepowered/asm/mixin/injection/callback/CallbackInfo;)V doesn't use it's CallbackInfo
[01:26:15] [main/DEBUG] (FabricLoader/Mixin) player_animation_library.mixins.json:AvatarMixin from mod player_animation_library->@Inject::tick(Lorg/spongepowered/asm/mixin/injection/callback/CallbackInfo;)V has 0 override(s) in child classes
[01:26:15] [main/DEBUG] (FabricLoader/Mixin) player_animation_library.mixins.json:AvatarMixin from mod player_animation_library->@Inject::tick(Lorg/spongepowered/asm/mixin/injection/callback/CallbackInfo;)V won't be passed a CallbackInfo as a result
[01:26:15] [main/DEBUG] (FabricLoader/Mixin) Mixing LivingEntityMixin from fabric-item-api-v1.mixins.json into net.minecraft.entity.LivingEntity
[01:26:15] [main/DEBUG] (FabricLoader/Mixin) Mixing LivingEntityMixin from fabric-particles-v1.mixins.json into net.minecraft.entity.LivingEntity
[01:26:15] [main/DEBUG] (FabricLoader/Mixin) Mixing common.LivingEntityMixin from geckolib.mixins.json into net.minecraft.entity.LivingEntity
[01:26:15] [main/DEBUG] (FabricLoader/Mixin) geckolib.mixins.json:common.LivingEntityMixin from mod geckolib: Class version 65 required is higher than the class version supported by the current version of Mixin (JAVA_17 supports class version 61)
[01:26:15] [main/DEBUG] (FabricLoader/Mixin) Mixing LivingEntityMixin from fabric-lifecycle-events-v1.mixins.json into net.minecraft.entity.LivingEntity
[01:26:15] [main/DEBUG] (FabricLoader/Mixin) Mixing entity.collisions.unpushable_cramming.LivingEntityMixin from lithium.mixins.json into net.minecraft.entity.LivingEntity
[01:26:15] [main/DEBUG] (FabricLoader/Mixin) Mixing entity.equipment_tracking.enchantment_ticking.LivingEntityMixin from lithium.mixins.json into net.minecraft.entity.LivingEntity
[01:26:15] [main/DEBUG] (FabricLoader/Mixin) Mixing entity.equipment_tracking.equipment_changes.LivingEntityMixin from lithium.mixins.json into net.minecraft.entity.LivingEntity
[01:26:15] [main/DEBUG] (FabricLoader/Mixin) Mixing entity.fast_elytra_check.LivingEntityMixin from lithium.mixins.json into net.minecraft.entity.LivingEntity
[01:26:15] [main/DEBUG] (FabricLoader/Mixin) Mixing entity.fast_hand_swing.LivingEntityMixin from lithium.mixins.json into net.minecraft.entity.LivingEntity
[01:26:15] [main/DEBUG] (FabricLoader/Mixin) Mixing entity.fast_powder_snow_check.LivingEntityMixin from lithium.mixins.json into net.minecraft.entity.LivingEntity
[01:26:15] [main/DEBUG] (FabricLoader/Mixin) Mixing entity.inactive_navigations.LivingEntityMixin from lithium.mixins.json into net.minecraft.entity.LivingEntity
[01:26:15] [main/DEBUG] (FabricLoader/Mixin) Mixing util.in_world_tracking.entity.LivingEntityMixin from lithium.mixins.json into net.minecraft.entity.LivingEntity
[01:26:15] [main/DEBUG] (FabricLoader/Mixin) Mixing LivingEntityMixin from fabric-entity-events-v1.mixins.json into net.minecraft.entity.LivingEntity
[01:26:15] [main/DEBUG] (FabricLoader/Mixin) Mixing effect.LivingEntityMixin from fabric-entity-events-v1.mixins.json into net.minecraft.entity.LivingEntity
[01:26:15] [main/DEBUG] (FabricLoader/Mixin) Mixing elytra.LivingEntityMixin from fabric-entity-events-v1.mixins.json into net.minecraft.entity.LivingEntity
[01:26:15] [main/DEBUG] (FabricLoader/Mixin) Mixing LivingEntityMixin from fabric-block-api-v1.mixins.json into net.minecraft.entity.LivingEntity
[01:26:15] [main/DEBUG] (FabricLoader/Mixin) fabric-item-api-v1.mixins.json:LivingEntityMixin from mod fabric-item-api-v1->@Inject::onGetPreferredEquipmentSlot(Lnet/minecraft/item/ItemStack;Lorg/spongepowered/asm/mixin/injection/callback/CallbackInfoReturnable;)V does use it's CallbackInfoReturnable
[01:26:15] [main/DEBUG] (FabricLoader/Mixin) fabric-lifecycle-events-v1.mixins.json:LivingEntityMixin from mod fabric-lifecycle-events-v1->@Inject::getEquipmentChanges(Lorg/spongepowered/asm/mixin/injection/callback/CallbackInfoReturnable;)V doesn't use it's CallbackInfoReturnable
[01:26:15] [main/DEBUG] (FabricLoader/Mixin) fabric-lifecycle-events-v1.mixins.json:LivingEntityMixin from mod fabric-lifecycle-events-v1->@Inject::getEquipmentChanges(Lorg/spongepowered/asm/mixin/injection/callback/CallbackInfoReturnable;)V has 0 override(s) in child classes
[01:26:15] [main/DEBUG] (FabricLoader/Mixin) fabric-lifecycle-events-v1.mixins.json:LivingEntityMixin from mod fabric-lifecycle-events-v1->@Inject::getEquipmentChanges(Lorg/spongepowered/asm/mixin/injection/callback/CallbackInfoReturnable;)V won't be passed a CallbackInfoReturnable as a result
[01:26:15] [main/DEBUG] (FabricLoader/Mixin) lithium.mixins.json:entity.equipment_tracking.equipment_changes.LivingEntityMixin from mod lithium->@Inject::skipSentEquipmentComparison(Lorg/spongepowered/asm/mixin/injection/callback/CallbackInfoReturnable;)V does use it's CallbackInfoReturnable
[01:26:15] [main/DEBUG] (FabricLoader/Mixin) lithium.mixins.json:entity.equipment_tracking.equipment_changes.LivingEntityMixin from mod lithium->@Inject::resetEquipmentChanged(Lorg/spongepowered/asm/mixin/injection/callback/CallbackInfo;)V doesn't use it's CallbackInfo
[01:26:15] [main/DEBUG] (FabricLoader/Mixin) lithium.mixins.json:entity.equipment_tracking.equipment_changes.LivingEntityMixin from mod lithium->@Inject::resetEquipmentChanged(Lorg/spongepowered/asm/mixin/injection/callback/CallbackInfo;)V has 0 override(s) in child classes
[01:26:15] [main/DEBUG] (FabricLoader/Mixin) lithium.mixins.json:entity.equipment_tracking.equipment_changes.LivingEntityMixin from mod lithium->@Inject::resetEquipmentChanged(Lorg/spongepowered/asm/mixin/injection/callback/CallbackInfo;)V won't be passed a CallbackInfo as a result
[01:26:15] [main/DEBUG] (FabricLoader/Mixin) lithium.mixins.json:entity.fast_elytra_check.LivingEntityMixin from mod lithium->@Inject::skipStopFlying(Lorg/spongepowered/asm/mixin/injection/callback/CallbackInfo;)V does use it's CallbackInfo
[01:26:15] [main/DEBUG] (FabricLoader/Mixin) lithium.mixins.json:entity.fast_hand_swing.LivingEntityMixin from mod lithium->@Inject::skipGetDuration(Lorg/spongepowered/asm/mixin/injection/callback/CallbackInfo;)V does use it's CallbackInfo
[01:26:15] [main/DEBUG] (FabricLoader/Mixin) lithium.mixins.json:entity.inactive_navigations.LivingEntityMixin from mod lithium->@Inject::handleStopRiding(Lorg/spongepowered/asm/mixin/injection/callback/CallbackInfo;)V doesn't use it's CallbackInfo
[01:26:15] [main/DEBUG] (FabricLoader/Mixin) lithium.mixins.json:entity.inactive_navigations.LivingEntityMixin from mod lithium->@Inject::handleStopRiding(Lorg/spongepowered/asm/mixin/injection/callback/CallbackInfo;)V has 0 override(s) in child classes
[01:26:15] [main/DEBUG] (FabricLoader/Mixin) lithium.mixins.json:entity.inactive_navigations.LivingEntityMixin from mod lithium->@Inject::handleStopRiding(Lorg/spongepowered/asm/mixin/injection/callback/CallbackInfo;)V won't be passed a CallbackInfo as a result
[01:26:15] [main/DEBUG] (FabricLoader/Mixin) fabric-entity-events-v1.mixins.json:LivingEntityMixin from mod fabric-entity-events-v1->@Inject::notifyDeath(Lnet/minecraft/entity/damage/DamageSource;Lorg/spongepowered/asm/mixin/injection/callback/CallbackInfo;)V doesn't use it's CallbackInfo
[01:26:15] [main/DEBUG] (FabricLoader/Mixin) fabric-entity-events-v1.mixins.json:LivingEntityMixin from mod fabric-entity-events-v1->@Inject::notifyDeath(Lnet/minecraft/entity/damage/DamageSource;Lorg/spongepowered/asm/mixin/injection/callback/CallbackInfo;)V has 0 override(s) in child classes
[01:26:15] [main/DEBUG] (FabricLoader/Mixin) fabric-entity-events-v1.mixins.json:LivingEntityMixin from mod fabric-entity-events-v1->@Inject::notifyDeath(Lnet/minecraft/entity/damage/DamageSource;Lorg/spongepowered/asm/mixin/injection/callback/CallbackInfo;)V won't be passed a CallbackInfo as a result
[01:26:15] [main/DEBUG] (FabricLoader/Mixin) fabric-entity-events-v1.mixins.json:LivingEntityMixin from mod fabric-entity-events-v1->@Inject::beforeDamage(Lnet/minecraft/server/world/ServerWorld;Lnet/minecraft/entity/damage/DamageSource;FLorg/spongepowered/asm/mixin/injection/callback/CallbackInfoReturnable;)V does use it's CallbackInfoReturnable
[01:26:15] [main/DEBUG] (FabricLoader/Mixin) fabric-entity-events-v1.mixins.json:LivingEntityMixin from mod fabric-entity-events-v1->@Inject::afterDamage(Lnet/minecraft/server/world/ServerWorld;Lnet/minecraft/entity/damage/DamageSource;FLorg/spongepowered/asm/mixin/injection/callback/CallbackInfoReturnable;)V doesn't use it's CallbackInfoReturnable
[01:26:15] [main/DEBUG] (FabricLoader/Mixin) fabric-entity-events-v1.mixins.json:LivingEntityMixin from mod fabric-entity-events-v1->@Inject::afterDamage(Lnet/minecraft/server/world/ServerWorld;Lnet/minecraft/entity/damage/DamageSource;FLorg/spongepowered/asm/mixin/injection/callback/CallbackInfoReturnable;)V has 0 override(s) in child classes
[01:26:15] [main/DEBUG] (FabricLoader/Mixin) fabric-entity-events-v1.mixins.json:LivingEntityMixin from mod fabric-entity-events-v1->@Inject::afterDamage(Lnet/minecraft/server/world/ServerWorld;Lnet/minecraft/entity/damage/DamageSource;FLorg/spongepowered/asm/mixin/injection/callback/CallbackInfoReturnable;)V won't be passed a CallbackInfoReturnable as a result
[01:26:15] [main/DEBUG] (FabricLoader/Mixin) fabric-entity-events-v1.mixins.json:LivingEntityMixin from mod fabric-entity-events-v1->@Inject::onSleep(Lnet/minecraft/util/math/BlockPos;Lorg/spongepowered/asm/mixin/injection/callback/CallbackInfo;)V doesn't use it's CallbackInfo
[01:26:15] [main/DEBUG] (FabricLoader/Mixin) fabric-entity-events-v1.mixins.json:LivingEntityMixin from mod fabric-entity-events-v1->@Inject::onSleep(Lnet/minecraft/util/math/BlockPos;Lorg/spongepowered/asm/mixin/injection/callback/CallbackInfo;)V has 0 override(s) in child classes
[01:26:15] [main/DEBUG] (FabricLoader/Mixin) fabric-entity-events-v1.mixins.json:LivingEntityMixin from mod fabric-entity-events-v1->@Inject::onSleep(Lnet/minecraft/util/math/BlockPos;Lorg/spongepowered/asm/mixin/injection/callback/CallbackInfo;)V won't be passed a CallbackInfo as a result
[01:26:15] [main/DEBUG] (FabricLoader/Mixin) fabric-entity-events-v1.mixins.json:LivingEntityMixin from mod fabric-entity-events-v1->@Inject::onWakeUp(Lorg/spongepowered/asm/mixin/injection/callback/CallbackInfo;)V doesn't use it's CallbackInfo
[01:26:15] [main/DEBUG] (FabricLoader/Mixin) fabric-entity-events-v1.mixins.json:LivingEntityMixin from mod fabric-entity-events-v1->@Inject::onWakeUp(Lorg/spongepowered/asm/mixin/injection/callback/CallbackInfo;)V has 0 override(s) in child classes
[01:26:15] [main/DEBUG] (FabricLoader/Mixin) fabric-entity-events-v1.mixins.json:LivingEntityMixin from mod fabric-entity-events-v1->@Inject::onWakeUp(Lorg/spongepowered/asm/mixin/injection/callback/CallbackInfo;)V won't be passed a CallbackInfo as a result
[01:26:15] [main/DEBUG] (FabricLoader/Mixin) fabric-entity-events-v1.mixins.json:LivingEntityMixin from mod fabric-entity-events-v1->@Inject::onIsSleepingInBed(Lnet/minecraft/util/math/BlockPos;Lorg/spongepowered/asm/mixin/injection/callback/CallbackInfoReturnable;)V does use it's CallbackInfoReturnable
[01:26:15] [main/DEBUG] (FabricLoader/Mixin) fabric-entity-events-v1.mixins.json:effect.LivingEntityMixin from mod fabric-entity-events-v1->@Inject::beforeAddEffect(Lnet/minecraft/entity/effect/StatusEffectInstance;Lnet/minecraft/entity/Entity;Lorg/spongepowered/asm/mixin/injection/callback/CallbackInfoReturnable;)V doesn't use it's CallbackInfoReturnable
[01:26:15] [main/DEBUG] (FabricLoader/Mixin) fabric-entity-events-v1.mixins.json:effect.LivingEntityMixin from mod fabric-entity-events-v1->@Inject::beforeAddEffect(Lnet/minecraft/entity/effect/StatusEffectInstance;Lnet/minecraft/entity/Entity;Lorg/spongepowered/asm/mixin/injection/callback/CallbackInfoReturnable;)V has 0 override(s) in child classes
[01:26:15] [main/DEBUG] (FabricLoader/Mixin) fabric-entity-events-v1.mixins.json:effect.LivingEntityMixin from mod fabric-entity-events-v1->@Inject::beforeAddEffect(Lnet/minecraft/entity/effect/StatusEffectInstance;Lnet/minecraft/entity/Entity;Lorg/spongepowered/asm/mixin/injection/callback/CallbackInfoReturnable;)V won't be passed a CallbackInfoReturnable as a result
[01:26:15] [main/DEBUG] (FabricLoader/Mixin) fabric-entity-events-v1.mixins.json:effect.LivingEntityMixin from mod fabric-entity-events-v1->@Inject::beforeForceAddEffect(Lnet/minecraft/entity/effect/StatusEffectInstance;Lnet/minecraft/entity/Entity;Lorg/spongepowered/asm/mixin/injection/callback/CallbackInfo;)V doesn't use it's CallbackInfo
[01:26:15] [main/DEBUG] (FabricLoader/Mixin) fabric-entity-events-v1.mixins.json:effect.LivingEntityMixin from mod fabric-entity-events-v1->@Inject::beforeForceAddEffect(Lnet/minecraft/entity/effect/StatusEffectInstance;Lnet/minecraft/entity/Entity;Lorg/spongepowered/asm/mixin/injection/callback/CallbackInfo;)V has 0 override(s) in child classes
[01:26:15] [main/DEBUG] (FabricLoader/Mixin) fabric-entity-events-v1.mixins.json:effect.LivingEntityMixin from mod fabric-entity-events-v1->@Inject::beforeForceAddEffect(Lnet/minecraft/entity/effect/StatusEffectInstance;Lnet/minecraft/entity/Entity;Lorg/spongepowered/asm/mixin/injection/callback/CallbackInfo;)V won't be passed a CallbackInfo as a result
[01:26:15] [main/DEBUG] (FabricLoader/Mixin) fabric-entity-events-v1.mixins.json:effect.LivingEntityMixin from mod fabric-entity-events-v1->@Inject::afterAddEffect(Lnet/minecraft/entity/effect/StatusEffectInstance;Lnet/minecraft/entity/Entity;Lorg/spongepowered/asm/mixin/injection/callback/CallbackInfo;)V doesn't use it's CallbackInfo
[01:26:15] [main/DEBUG] (FabricLoader/Mixin) fabric-entity-events-v1.mixins.json:effect.LivingEntityMixin from mod fabric-entity-events-v1->@Inject::afterAddEffect(Lnet/minecraft/entity/effect/StatusEffectInstance;Lnet/minecraft/entity/Entity;Lorg/spongepowered/asm/mixin/injection/callback/CallbackInfo;)V has 0 override(s) in child classes
[01:26:15] [main/DEBUG] (FabricLoader/Mixin) fabric-entity-events-v1.mixins.json:effect.LivingEntityMixin from mod fabric-entity-events-v1->@Inject::afterAddEffect(Lnet/minecraft/entity/effect/StatusEffectInstance;Lnet/minecraft/entity/Entity;Lorg/spongepowered/asm/mixin/injection/callback/CallbackInfo;)V won't be passed a CallbackInfo as a result
[01:26:15] [main/DEBUG] (FabricLoader/Mixin) fabric-entity-events-v1.mixins.json:effect.LivingEntityMixin from mod fabric-entity-events-v1->@Inject::beforeRemoveEffect(Lnet/minecraft/registry/entry/RegistryEntry;Lorg/spongepowered/asm/mixin/injection/callback/CallbackInfoReturnable;)V doesn't use it's CallbackInfoReturnable
[01:26:15] [main/DEBUG] (FabricLoader/Mixin) fabric-entity-events-v1.mixins.json:effect.LivingEntityMixin from mod fabric-entity-events-v1->@Inject::beforeRemoveEffect(Lnet/minecraft/registry/entry/RegistryEntry;Lorg/spongepowered/asm/mixin/injection/callback/CallbackInfoReturnable;)V has 0 override(s) in child classes
[01:26:15] [main/DEBUG] (FabricLoader/Mixin) fabric-entity-events-v1.mixins.json:effect.LivingEntityMixin from mod fabric-entity-events-v1->@Inject::beforeRemoveEffect(Lnet/minecraft/registry/entry/RegistryEntry;Lorg/spongepowered/asm/mixin/injection/callback/CallbackInfoReturnable;)V won't be passed a CallbackInfoReturnable as a result
[01:26:15] [main/DEBUG] (FabricLoader/Mixin) fabric-entity-events-v1.mixins.json:effect.LivingEntityMixin from mod fabric-entity-events-v1->@Inject::beforeExpireRemoveEffect(Lorg/spongepowered/asm/mixin/injection/callback/CallbackInfo;)V doesn't use it's CallbackInfo
[01:26:15] [main/DEBUG] (FabricLoader/Mixin) fabric-entity-events-v1.mixins.json:effect.LivingEntityMixin from mod fabric-entity-events-v1->@Inject::beforeExpireRemoveEffect(Lorg/spongepowered/asm/mixin/injection/callback/CallbackInfo;)V has 0 override(s) in child classes
[01:26:15] [main/DEBUG] (FabricLoader/Mixin) fabric-entity-events-v1.mixins.json:effect.LivingEntityMixin from mod fabric-entity-events-v1->@Inject::beforeExpireRemoveEffect(Lorg/spongepowered/asm/mixin/injection/callback/CallbackInfo;)V won't be passed a CallbackInfo as a result
[01:26:15] [main/DEBUG] (FabricLoader/Mixin) fabric-entity-events-v1.mixins.json:effect.LivingEntityMixin from mod fabric-entity-events-v1->@Inject::beforeRemoveAllEffects(Lorg/spongepowered/asm/mixin/injection/callback/CallbackInfoReturnable;)V doesn't use it's CallbackInfoReturnable
[01:26:15] [main/DEBUG] (FabricLoader/Mixin) fabric-entity-events-v1.mixins.json:effect.LivingEntityMixin from mod fabric-entity-events-v1->@Inject::beforeRemoveAllEffects(Lorg/spongepowered/asm/mixin/injection/callback/CallbackInfoReturnable;)V has 0 override(s) in child classes
[01:26:15] [main/DEBUG] (FabricLoader/Mixin) fabric-entity-events-v1.mixins.json:effect.LivingEntityMixin from mod fabric-entity-events-v1->@Inject::beforeRemoveAllEffects(Lorg/spongepowered/asm/mixin/injection/callback/CallbackInfoReturnable;)V won't be passed a CallbackInfoReturnable as a result
[01:26:15] [main/DEBUG] (FabricLoader/Mixin) fabric-entity-events-v1.mixins.json:effect.LivingEntityMixin from mod fabric-entity-events-v1->@Inject::afterRemoveEffect(Ljava/util/Collection;Lorg/spongepowered/asm/mixin/injection/callback/CallbackInfo;)V doesn't use it's CallbackInfo
[01:26:15] [main/DEBUG] (FabricLoader/Mixin) fabric-entity-events-v1.mixins.json:effect.LivingEntityMixin from mod fabric-entity-events-v1->@Inject::afterRemoveEffect(Ljava/util/Collection;Lorg/spongepowered/asm/mixin/injection/callback/CallbackInfo;)V has 0 override(s) in child classes
[01:26:15] [main/DEBUG] (FabricLoader/Mixin) fabric-entity-events-v1.mixins.json:effect.LivingEntityMixin from mod fabric-entity-events-v1->@Inject::afterRemoveEffect(Ljava/util/Collection;Lorg/spongepowered/asm/mixin/injection/callback/CallbackInfo;)V won't be passed a CallbackInfo as a result
[01:26:15] [main/DEBUG] (FabricLoader/Mixin) fabric-entity-events-v1.mixins.json:effect.LivingEntityMixin from mod fabric-entity-events-v1->@Inject::afterRemoveEffect(Ljava/util/Collection;Lorg/spongepowered/asm/mixin/injection/callback/CallbackInfo;)V doesn't use it's CallbackInfo
[01:26:15] [main/DEBUG] (FabricLoader/Mixin) fabric-entity-events-v1.mixins.json:effect.LivingEntityMixin from mod fabric-entity-events-v1->@Inject::afterRemoveEffect(Ljava/util/Collection;Lorg/spongepowered/asm/mixin/injection/callback/CallbackInfo;)V has 0 override(s) in child classes
[01:26:15] [main/DEBUG] (FabricLoader/Mixin) fabric-entity-events-v1.mixins.json:effect.LivingEntityMixin from mod fabric-entity-events-v1->@Inject::afterRemoveEffect(Ljava/util/Collection;Lorg/spongepowered/asm/mixin/injection/callback/CallbackInfo;)V won't be passed a CallbackInfo as a result
[01:26:15] [main/DEBUG] (FabricLoader/Mixin) fabric-entity-events-v1.mixins.json:elytra.LivingEntityMixin from mod fabric-entity-events-v1->@Inject::injectElytraTick(Lorg/spongepowered/asm/mixin/injection/callback/CallbackInfo;)V does use it's CallbackInfo
[01:26:15] [main/DEBUG] (FabricLoader/Mixin) fabric-entity-events-v1.mixins.json:elytra.LivingEntityMixin from mod fabric-entity-events-v1->@Inject::injectElytraCheck(Lorg/spongepowered/asm/mixin/injection/callback/CallbackInfoReturnable;)V does use it's CallbackInfoReturnable
[01:26:15] [main/DEBUG] (FabricLoader/Mixin) fabric-block-api-v1.mixins.json:LivingEntityMixin from mod fabric-block-api-v1->@Inject::allowTaggedBlocksForTrapdoorClimbing(Lnet/minecraft/util/math/BlockPos;Lnet/minecraft/block/BlockState;Lorg/spongepowered/asm/mixin/injection/callback/CallbackInfoReturnable;)V does use it's CallbackInfoReturnable
[01:26:15] [main/DEBUG] (FabricLoader/Mixin) Mixing LevelReaderMixin from fabric-block-view-api-v2.mixins.json into net.minecraft.world.WorldView
[01:26:15] [main/DEBUG] (FabricLoader/Mixin) Mixing util.chunk_access.LevelReaderMixin from lithium.mixins.json into net.minecraft.world.WorldView
[01:26:15] [main/DEBUG] (FabricLoader/Mixin) Mixing LevelMixin from fabric-lifecycle-events-v1.mixins.json into net.minecraft.world.World
[01:26:15] [main/DEBUG] (FabricLoader/Mixin) Mixing AttachmentTargetsMixin from fabric-data-attachment-api-v1.mixins.json into net.minecraft.world.World
[01:26:15] [main/DEBUG] (FabricLoader/Mixin) Mixing LevelMixin from fabric-data-attachment-api-v1.mixins.json into net.minecraft.world.World
[01:26:15] [main/DEBUG] (FabricLoader/Mixin) Mixing alloc.chunk_random.LevelMixin from lithium.mixins.json into net.minecraft.world.World
[01:26:15] [main/DEBUG] (FabricLoader/Mixin) Mixing entity.collisions.intersection.LevelMixin from lithium.mixins.json into net.minecraft.world.World
[01:26:15] [main/DEBUG] (FabricLoader/Mixin) Mixing entity.collisions.unpushable_cramming.LevelMixin from lithium.mixins.json into net.minecraft.world.World
[01:26:15] [main/DEBUG] (FabricLoader/Mixin) Mixing minimal_nonvanilla.collisions.empty_space.LevelMixin from lithium.mixins.json into net.minecraft.world.World
[01:26:15] [main/DEBUG] (FabricLoader/Mixin) Renaming synthetic method lambda$findFreePosition$0(Lnet/minecraft/world/border/WorldBorder;Lnet/minecraft/util/shape/VoxelShape;)Z to mdfa83b2$lithium$lambda$findFreePosition$0$0 in lithium.mixins.json:minimal_nonvanilla.collisions.empty_space.LevelMixin from mod lithium
[01:26:15] [main/DEBUG] (FabricLoader/Mixin) Mixing util.accessors.LevelAccessor from lithium.mixins.json into net.minecraft.world.World
[01:26:15] [main/DEBUG] (FabricLoader/Mixin) Mixing util.block_entity_retrieval.LevelMixin from lithium.mixins.json into net.minecraft.world.World
[01:26:15] [main/DEBUG] (FabricLoader/Mixin) Mixing util.data_storage.LevelMixin from lithium.mixins.json into net.minecraft.world.World
[01:26:15] [main/DEBUG] (FabricLoader/Mixin) Mixing world.block_entity_ticking.chunk_tickable.LevelMixin from lithium.mixins.json into net.minecraft.world.World
[01:26:15] [main/DEBUG] (FabricLoader/Mixin) Mixing world.block_entity_ticking.sleeping.LevelMixin from lithium.mixins.json into net.minecraft.world.World
[01:26:15] [main/DEBUG] (FabricLoader/Mixin) Mixing world.chunk_access.LevelMixin from lithium.mixins.json into net.minecraft.world.World
[01:26:15] [main/DEBUG] (FabricLoader/Mixin) Mixing world.inline_block_access.LevelMixin from lithium.mixins.json into net.minecraft.world.World
[01:26:15] [main/DEBUG] (FabricLoader/Mixin) Mixing world.inline_height.LevelMixin from lithium.mixins.json into net.minecraft.world.World
[01:26:15] [main/DEBUG] (FabricLoader/Mixin) Mixing block.hopper.LevelMixin from lithium-fabric.mixins.json into net.minecraft.world.World
[01:26:15] [main/DEBUG] (FabricLoader/Mixin) lithium.mixins.json:util.data_storage.LevelMixin from mod lithium->@Inject::initLithiumData(Lnet/minecraft/world/MutableWorldProperties;Lnet/minecraft/registry/RegistryKey;Lnet/minecraft/registry/DynamicRegistryManager;Lnet/minecraft/registry/entry/RegistryEntry;ZZJILorg/spongepowered/asm/mixin/injection/callback/CallbackInfo;)V doesn't use it's CallbackInfo
[01:26:15] [main/DEBUG] (FabricLoader/Mixin) lithium.mixins.json:util.data_storage.LevelMixin from mod lithium->@Inject::initLithiumData(Lnet/minecraft/world/MutableWorldProperties;Lnet/minecraft/registry/RegistryKey;Lnet/minecraft/registry/DynamicRegistryManager;Lnet/minecraft/registry/entry/RegistryEntry;ZZJILorg/spongepowered/asm/mixin/injection/callback/CallbackInfo;)V has 0 override(s) in child classes
[01:26:15] [main/DEBUG] (FabricLoader/Mixin) lithium.mixins.json:util.data_storage.LevelMixin from mod lithium->@Inject::initLithiumData(Lnet/minecraft/world/MutableWorldProperties;Lnet/minecraft/registry/RegistryKey;Lnet/minecraft/registry/DynamicRegistryManager;Lnet/minecraft/registry/entry/RegistryEntry;ZZJILorg/spongepowered/asm/mixin/injection/callback/CallbackInfo;)V won't be passed a CallbackInfo as a result
[01:26:15] [main/DEBUG] (FabricLoader/Mixin) lithium.mixins.json:world.inline_height.LevelMixin from mod lithium->@Inject::initHeightCache(Lnet/minecraft/world/MutableWorldProperties;Lnet/minecraft/registry/RegistryKey;Lnet/minecraft/registry/DynamicRegistryManager;Lnet/minecraft/registry/entry/RegistryEntry;ZZJILorg/spongepowered/asm/mixin/injection/callback/CallbackInfo;)V doesn't use it's CallbackInfo
[01:26:15] [main/DEBUG] (FabricLoader/Mixin) lithium.mixins.json:world.inline_height.LevelMixin from mod lithium->@Inject::initHeightCache(Lnet/minecraft/world/MutableWorldProperties;Lnet/minecraft/registry/RegistryKey;Lnet/minecraft/registry/DynamicRegistryManager;Lnet/minecraft/registry/entry/RegistryEntry;ZZJILorg/spongepowered/asm/mixin/injection/callback/CallbackInfo;)V has 0 override(s) in child classes
[01:26:15] [main/DEBUG] (FabricLoader/Mixin) lithium.mixins.json:world.inline_height.LevelMixin from mod lithium->@Inject::initHeightCache(Lnet/minecraft/world/MutableWorldProperties;Lnet/minecraft/registry/RegistryKey;Lnet/minecraft/registry/DynamicRegistryManager;Lnet/minecraft/registry/entry/RegistryEntry;ZZJILorg/spongepowered/asm/mixin/injection/callback/CallbackInfo;)V won't be passed a CallbackInfo as a result
[01:26:15] [main/DEBUG] (FabricLoader/Mixin) lithium-fabric.mixins.json:block.hopper.LevelMixin from mod lithium->@Inject::updateHopperOnUpdateSuppression(Lnet/minecraft/util/math/BlockPos;Lnet/minecraft/block/BlockState;IILorg/spongepowered/asm/mixin/injection/callback/CallbackInfoReturnable;)V doesn't use it's CallbackInfoReturnable
[01:26:15] [main/DEBUG] (FabricLoader/Mixin) lithium-fabric.mixins.json:block.hopper.LevelMixin from mod lithium->@Inject::updateHopperOnUpdateSuppression(Lnet/minecraft/util/math/BlockPos;Lnet/minecraft/block/BlockState;IILorg/spongepowered/asm/mixin/injection/callback/CallbackInfoReturnable;)V has 0 override(s) in child classes
[01:26:15] [main/DEBUG] (FabricLoader/Mixin) lithium-fabric.mixins.json:block.hopper.LevelMixin from mod lithium->@Inject::updateHopperOnUpdateSuppression(Lnet/minecraft/util/math/BlockPos;Lnet/minecraft/block/BlockState;IILorg/spongepowered/asm/mixin/injection/callback/CallbackInfoReturnable;)V won't be passed a CallbackInfoReturnable as a result
[01:26:15] [main/DEBUG] (FabricLoader/Mixin) Mixing entity.collisions.intersection.EntityGetterMixin from lithium.mixins.json into net.minecraft.world.EntityView
[01:26:15] [main/DEBUG] (FabricLoader/Mixin) Mixing ServerLevelMixin from fabric-api-lookup-api-v1.mixins.json into net.minecraft.server.world.ServerWorld
[01:26:15] [main/DEBUG] (FabricLoader/Mixin) Renaming synthetic method lambda$fabric_invalidateCache$5(Ljava/util/Map$Entry;)Z to mdfa83b2$fabric-api-lookup-api-v1$lambda$fabric_invalidateCache$5$0 in fabric-api-lookup-api-v1.mixins.json:ServerLevelMixin from mod fabric-api-lookup-api-v1
[01:26:15] [main/DEBUG] (FabricLoader/Mixin) Renaming synthetic method lambda$fabric_invalidateCache$4(Ljava/lang/ref/WeakReference;)Z to mdfa83b2$fabric-api-lookup-api-v1$lambda$fabric_invalidateCache$4$1 in fabric-api-lookup-api-v1.mixins.json:ServerLevelMixin from mod fabric-api-lookup-api-v1
[01:26:15] [main/DEBUG] (FabricLoader/Mixin) Renaming synthetic method lambda$fabric_invalidateCache$3(Ljava/lang/ref/WeakReference;)V to mdfa83b2$fabric-api-lookup-api-v1$lambda$fabric_invalidateCache$3$2 in fabric-api-lookup-api-v1.mixins.json:ServerLevelMixin from mod fabric-api-lookup-api-v1
[01:26:15] [main/DEBUG] (FabricLoader/Mixin) Renaming synthetic method lambda$fabric_invalidateCache$2(Ljava/lang/ref/WeakReference;)Z to mdfa83b2$fabric-api-lookup-api-v1$lambda$fabric_invalidateCache$2$3 in fabric-api-lookup-api-v1.mixins.json:ServerLevelMixin from mod fabric-api-lookup-api-v1
[01:26:15] [main/DEBUG] (FabricLoader/Mixin) Renaming synthetic method lambda$fabric_registerCache$1(Ljava/lang/ref/WeakReference;)Z to mdfa83b2$fabric-api-lookup-api-v1$lambda$fabric_registerCache$1$4 in fabric-api-lookup-api-v1.mixins.json:ServerLevelMixin from mod fabric-api-lookup-api-v1
[01:26:15] [main/DEBUG] (FabricLoader/Mixin) Renaming synthetic method lambda$fabric_registerCache$0(Lnet/minecraft/util/math/BlockPos;)Ljava/util/List; to mdfa83b2$fabric-api-lookup-api-v1$lambda$fabric_registerCache$0$5 in fabric-api-lookup-api-v1.mixins.json:ServerLevelMixin from mod fabric-api-lookup-api-v1
[01:26:15] [main/DEBUG] (FabricLoader/Mixin) Mixing ServerLevelMixin from fabric-lifecycle-events-v1.mixins.json into net.minecraft.server.world.ServerWorld
[01:26:15] [main/DEBUG] (FabricLoader/Mixin) Mixing ServerLevelMixin from fabric-data-attachment-api-v1.mixins.json into net.minecraft.server.world.ServerWorld
[01:26:15] [main/DEBUG] (FabricLoader/Mixin) Discarding sythetic bridge method synthetic in getEnvironmentAttributes because existing method in fabric-data-attachment-api-v1.mixins.json:ServerLevelMixin from mod fabric-data-attachment-api-v1 is compatible
[01:26:15] [main/DEBUG] (FabricLoader/Mixin) Renaming synthetic method lambda$fabric_syncChange$1(Lnet/fabricmc/fabric/api/attachment/v1/AttachmentType;Lnet/fabricmc/fabric/impl/attachment/sync/AttachmentChange;Lnet/minecraft/server/network/ServerPlayerEntity;)V to mdfa83b2$fabric-data-attachment-api-v1$lambda$fabric_syncChange$1$6 in fabric-data-attachment-api-v1.mixins.json:ServerLevelMixin from mod fabric-data-attachment-api-v1
[01:26:15] [main/DEBUG] (FabricLoader/Mixin) Renaming synthetic method lambda$createAttachmentsPersistentState$0(Lnet/minecraft/server/world/ServerWorld;)Lnet/fabricmc/fabric/impl/attachment/AttachmentPersistentState; to mdfa83b2$fabric-data-attachment-api-v1$lambda$createAttachmentsPersistentState$0$7 in fabric-data-attachment-api-v1.mixins.json:ServerLevelMixin from mod fabric-data-attachment-api-v1
[01:26:15] [main/DEBUG] (FabricLoader/Mixin) Mixing alloc.chunk_random.ServerLevelMixin from lithium.mixins.json into net.minecraft.server.world.ServerWorld
[01:26:15] [main/DEBUG] (FabricLoader/Mixin) Mixing entity.inactive_navigations.ServerLevelMixin from lithium.mixins.json into net.minecraft.server.world.ServerWorld
[01:26:15] [main/DEBUG] (FabricLoader/Mixin) Discarding sythetic bridge method synthetic in getEnvironmentAttributes because existing method in lithium.mixins.json:entity.inactive_navigations.ServerLevelMixin from mod lithium is compatible
[01:26:15] [main/DEBUG] (FabricLoader/Mixin) Discarding sythetic bridge method synthetic in getChunk because existing method in lithium.mixins.json:entity.inactive_navigations.ServerLevelMixin from mod lithium is compatible
[01:26:15] [main/DEBUG] (FabricLoader/Mixin) Mixing minimal_nonvanilla.spawning.ServerLevelAccessor from lithium.mixins.json into net.minecraft.server.world.ServerWorld
[01:26:15] [main/DEBUG] (FabricLoader/Mixin) Mixing util.accessors.ServerLevelAccessor from lithium.mixins.json into net.minecraft.server.world.ServerWorld
[01:26:15] [main/DEBUG] (FabricLoader/Mixin) Mixing util.entity_movement_tracking.ServerLevelAccessor from lithium.mixins.json into net.minecraft.server.world.ServerWorld
[01:26:15] [main/DEBUG] (FabricLoader/Mixin) Mixing world.block_entity_ticking.sleeping.ServerLevelMixin from lithium.mixins.json into net.minecraft.server.world.ServerWorld
[01:26:15] [main/DEBUG] (FabricLoader/Mixin) Mixing world.chunk_ticking.precipitation.ServerLevelMixin from lithium.mixins.json into net.minecraft.server.world.ServerWorld
[01:26:15] [main/DEBUG] (FabricLoader/Mixin) Discarding sythetic bridge method synthetic in getEnvironmentAttributes because existing method in lithium.mixins.json:world.chunk_ticking.precipitation.ServerLevelMixin from mod lithium is compatible
[01:26:15] [main/DEBUG] (FabricLoader/Mixin) Discarding sythetic bridge method synthetic in getChunk because existing method in lithium.mixins.json:world.chunk_ticking.precipitation.ServerLevelMixin from mod lithium is compatible
[01:26:15] [main/DEBUG] (FabricLoader/Mixin) Mixing world.chunk_ticking.random_block_ticking.ServerLevelMixin from lithium.mixins.json into net.minecraft.server.world.ServerWorld
[01:26:15] [main/DEBUG] (FabricLoader/Mixin) Discarding sythetic bridge method synthetic in getEnvironmentAttributes because existing method in lithium.mixins.json:world.chunk_ticking.random_block_ticking.ServerLevelMixin from mod lithium is compatible
[01:26:15] [main/DEBUG] (FabricLoader/Mixin) Discarding sythetic bridge method synthetic in getChunk because existing method in lithium.mixins.json:world.chunk_ticking.random_block_ticking.ServerLevelMixin from mod lithium is compatible
[01:26:15] [main/DEBUG] (FabricLoader/Mixin) fabric-lifecycle-events-v1.mixins.json:ServerLevelMixin from mod fabric-lifecycle-events-v1->@Inject::startWorldTick(Ljava/util/function/BooleanSupplier;Lorg/spongepowered/asm/mixin/injection/callback/CallbackInfo;)V doesn't use it's CallbackInfo
[01:26:15] [main/DEBUG] (FabricLoader/Mixin) fabric-lifecycle-events-v1.mixins.json:ServerLevelMixin from mod fabric-lifecycle-events-v1->@Inject::startWorldTick(Ljava/util/function/BooleanSupplier;Lorg/spongepowered/asm/mixin/injection/callback/CallbackInfo;)V has 0 override(s) in child classes
[01:26:15] [main/DEBUG] (FabricLoader/Mixin) fabric-lifecycle-events-v1.mixins.json:ServerLevelMixin from mod fabric-lifecycle-events-v1->@Inject::startWorldTick(Ljava/util/function/BooleanSupplier;Lorg/spongepowered/asm/mixin/injection/callback/CallbackInfo;)V won't be passed a CallbackInfo as a result
[01:26:15] [main/DEBUG] (FabricLoader/Mixin) fabric-lifecycle-events-v1.mixins.json:ServerLevelMixin from mod fabric-lifecycle-events-v1->@Inject::endWorldTick(Ljava/util/function/BooleanSupplier;Lorg/spongepowered/asm/mixin/injection/callback/CallbackInfo;)V doesn't use it's CallbackInfo
[01:26:15] [main/DEBUG] (FabricLoader/Mixin) fabric-lifecycle-events-v1.mixins.json:ServerLevelMixin from mod fabric-lifecycle-events-v1->@Inject::endWorldTick(Ljava/util/function/BooleanSupplier;Lorg/spongepowered/asm/mixin/injection/callback/CallbackInfo;)V has 0 override(s) in child classes
[01:26:15] [main/DEBUG] (FabricLoader/Mixin) fabric-lifecycle-events-v1.mixins.json:ServerLevelMixin from mod fabric-lifecycle-events-v1->@Inject::endWorldTick(Ljava/util/function/BooleanSupplier;Lorg/spongepowered/asm/mixin/injection/callback/CallbackInfo;)V won't be passed a CallbackInfo as a result
[01:26:15] [main/DEBUG] (FabricLoader/Mixin) fabric-data-attachment-api-v1.mixins.json:ServerLevelMixin from mod fabric-data-attachment-api-v1->@Inject::createAttachmentsPersistentState(Lorg/spongepowered/asm/mixin/injection/callback/CallbackInfo;)V doesn't use it's CallbackInfo
[01:26:15] [main/DEBUG] (FabricLoader/Mixin) fabric-data-attachment-api-v1.mixins.json:ServerLevelMixin from mod fabric-data-attachment-api-v1->@Inject::createAttachmentsPersistentState(Lorg/spongepowered/asm/mixin/injection/callback/CallbackInfo;)V has 0 override(s) in child classes
[01:26:15] [main/DEBUG] (FabricLoader/Mixin) fabric-data-attachment-api-v1.mixins.json:ServerLevelMixin from mod fabric-data-attachment-api-v1->@Inject::createAttachmentsPersistentState(Lorg/spongepowered/asm/mixin/injection/callback/CallbackInfo;)V won't be passed a CallbackInfo as a result
[01:26:15] [main/DEBUG] (FabricLoader/Mixin) lithium.mixins.json:entity.inactive_navigations.ServerLevelMixin from mod lithium->@Inject::init(Lnet/minecraft/server/MinecraftServer;Ljava/util/concurrent/Executor;Lnet/minecraft/world/level/storage/LevelStorage$Session;Lnet/minecraft/world/level/ServerWorldProperties;Lnet/minecraft/registry/RegistryKey;Lnet/minecraft/world/dimension/DimensionOptions;ZJLjava/util/List;ZLnet/minecraft/util/math/random/RandomSequencesState;Lorg/spongepowered/asm/mixin/injection/callback/CallbackInfo;)V doesn't use it's CallbackInfo
[01:26:15] [main/DEBUG] (FabricLoader/Mixin) lithium.mixins.json:entity.inactive_navigations.ServerLevelMixin from mod lithium->@Inject::init(Lnet/minecraft/server/MinecraftServer;Ljava/util/concurrent/Executor;Lnet/minecraft/world/level/storage/LevelStorage$Session;Lnet/minecraft/world/level/ServerWorldProperties;Lnet/minecraft/registry/RegistryKey;Lnet/minecraft/world/dimension/DimensionOptions;ZJLjava/util/List;ZLnet/minecraft/util/math/random/RandomSequencesState;Lorg/spongepowered/asm/mixin/injection/callback/CallbackInfo;)V has 0 override(s) in child classes
[01:26:15] [main/DEBUG] (FabricLoader/Mixin) lithium.mixins.json:entity.inactive_navigations.ServerLevelMixin from mod lithium->@Inject::init(Lnet/minecraft/server/MinecraftServer;Ljava/util/concurrent/Executor;Lnet/minecraft/world/level/storage/LevelStorage$Session;Lnet/minecraft/world/level/ServerWorldProperties;Lnet/minecraft/registry/RegistryKey;Lnet/minecraft/world/dimension/DimensionOptions;ZJLjava/util/List;ZLnet/minecraft/util/math/random/RandomSequencesState;Lorg/spongepowered/asm/mixin/injection/callback/CallbackInfo;)V won't be passed a CallbackInfo as a result
[01:26:15] [main/DEBUG] (FabricLoader/Mixin) lithium.mixins.json:entity.inactive_navigations.ServerLevelMixin from mod lithium->@Inject::updateActiveListeners(Lnet/minecraft/util/math/BlockPos;Lnet/minecraft/block/BlockState;Lnet/minecraft/block/BlockState;ILorg/spongepowered/asm/mixin/injection/callback/CallbackInfo;Lnet/minecraft/util/shape/VoxelShape;Lnet/minecraft/util/shape/VoxelShape;Ljava/util/List;)V doesn't use it's CallbackInfo
[01:26:15] [main/DEBUG] (FabricLoader/Mixin) lithium.mixins.json:entity.inactive_navigations.ServerLevelMixin from mod lithium->@Inject::updateActiveListeners(Lnet/minecraft/util/math/BlockPos;Lnet/minecraft/block/BlockState;Lnet/minecraft/block/BlockState;ILorg/spongepowered/asm/mixin/injection/callback/CallbackInfo;Lnet/minecraft/util/shape/VoxelShape;Lnet/minecraft/util/shape/VoxelShape;Ljava/util/List;)V has 0 override(s) in child classes
[01:26:15] [main/DEBUG] (FabricLoader/Mixin) lithium.mixins.json:entity.inactive_navigations.ServerLevelMixin from mod lithium->@Inject::updateActiveListeners(Lnet/minecraft/util/math/BlockPos;Lnet/minecraft/block/BlockState;Lnet/minecraft/block/BlockState;ILorg/spongepowered/asm/mixin/injection/callback/CallbackInfo;Lnet/minecraft/util/shape/VoxelShape;Lnet/minecraft/util/shape/VoxelShape;Ljava/util/List;)V won't be passed a CallbackInfo as a result
[01:26:15] [main/DEBUG] (FabricLoader/Mixin) lithium.mixins.json:world.chunk_ticking.precipitation.ServerLevelMixin from mod lithium->@Inject::skipIfAllBiomesDoNotCreateIceOrSnowAtPos(Lnet/minecraft/util/math/BlockPos;Lorg/spongepowered/asm/mixin/injection/callback/CallbackInfo;)V does use it's CallbackInfo
[01:26:15] [main/DEBUG] (FabricLoader/Mixin) Unexpected: Registered method getEntityManager()Lnet/minecraft/server/world/ServerEntityManager; in net.minecraft.server.world.ServerWorld was not merged
[01:26:15] [main/DEBUG] (FabricLoader/Mixin) Unexpected: Registered method getEntityManager()Lnet/minecraft/server/world/ServerEntityManager; in net.minecraft.server.world.ServerWorld was not merged
[01:26:15] [main/DEBUG] (FabricLoader/Mixin) Mixing util.accessors.ItemEntityAccessor from lithium.mixins.json into net.minecraft.entity.ItemEntity
[01:26:15] [main/DEBUG] (FabricLoader/Mixin) Mixing util.item_component_and_count_tracking.ItemEntityMixin from lithium.mixins.json into net.minecraft.entity.ItemEntity
[01:26:15] [main/DEBUG] (FabricLoader/Mixin) lithium.mixins.json:util.item_component_and_count_tracking.ItemEntityMixin from mod lithium->@Inject::beforeSetStack(Lnet/minecraft/item/ItemStack;Lorg/spongepowered/asm/mixin/injection/callback/CallbackInfo;)V doesn't use it's CallbackInfo
[01:26:15] [main/DEBUG] (FabricLoader/Mixin) lithium.mixins.json:util.item_component_and_count_tracking.ItemEntityMixin from mod lithium->@Inject::beforeSetStack(Lnet/minecraft/item/ItemStack;Lorg/spongepowered/asm/mixin/injection/callback/CallbackInfo;)V has 0 override(s) in child classes
[01:26:15] [main/DEBUG] (FabricLoader/Mixin) lithium.mixins.json:util.item_component_and_count_tracking.ItemEntityMixin from mod lithium->@Inject::beforeSetStack(Lnet/minecraft/item/ItemStack;Lorg/spongepowered/asm/mixin/injection/callback/CallbackInfo;)V won't be passed a CallbackInfo as a result
[01:26:15] [main/DEBUG] (FabricLoader/Mixin) Mixing FastMapStateHolderMixin from ferritecore.fastmap.mixin.json into net.minecraft.state.State
[01:26:15] [main/DEBUG] (FabricLoader/Mixin) ferritecore.fastmap.mixin.json:FastMapStateHolderMixin from mod ferritecore: Class version 65 required is higher than the class version supported by the current version of Mixin (JAVA_17 supports class version 61)
[01:26:15] [main/DEBUG] (FabricLoader/Mixin) Mixing BlockStateMixin from fabric-block-api-v1.mixins.json into net.minecraft.block.BlockState
[01:26:15] [main/DEBUG] (FabricLoader/Mixin) Mixing BlockStateBaseMixin from ferritecore.blockstatecache.mixin.json into net.minecraft.block.AbstractBlock$AbstractBlockState
[01:26:15] [main/DEBUG] (FabricLoader/Mixin) ferritecore.blockstatecache.mixin.json:BlockStateBaseMixin from mod ferritecore: Class version 65 required is higher than the class version supported by the current version of Mixin (JAVA_17 supports class version 61)
[01:26:15] [main/DEBUG] (FabricLoader/Mixin) Mixing BlockBehaviourBlockStateBaseMixin from fabric-content-registries-v0.mixins.json into net.minecraft.block.AbstractBlock$AbstractBlockState
[01:26:15] [main/DEBUG] (FabricLoader/Mixin) Mixing ai.pathing.BlockStateBaseMixin from lithium.mixins.json into net.minecraft.block.AbstractBlock$AbstractBlockState
[01:26:15] [main/DEBUG] (FabricLoader/Mixin) Mixing blockstates.BlockStateBase_moreMixin from moreculling.mixins.json into net.minecraft.block.AbstractBlock$AbstractBlockState
[01:26:15] [main/DEBUG] (FabricLoader/Mixin) Mixing models.cullshape.BlockStateBase_cullShapeMixin from moreculling.mixins.json into net.minecraft.block.AbstractBlock$AbstractBlockState
[01:26:15] [main/DEBUG] (FabricLoader/Mixin) Mixing BlockBehaviourBlockStateBaseMixin from fabric-events-interaction-v0.mixins.json into net.minecraft.block.AbstractBlock$AbstractBlockState
[01:26:15] [main/DEBUG] (FabricLoader/Mixin) Mixing util.block_tracking.BlockStateBaseMixin from lithium.mixins.json into net.minecraft.block.AbstractBlock$AbstractBlockState
[01:26:15] [main/DEBUG] (FabricLoader/Mixin) ferritecore.blockstatecache.mixin.json:BlockStateBaseMixin from mod ferritecore->@Inject::cacheStateHead(Lorg/spongepowered/asm/mixin/injection/callback/CallbackInfo;)V doesn't use it's CallbackInfo
[01:26:15] [main/DEBUG] (FabricLoader/Mixin) ferritecore.blockstatecache.mixin.json:BlockStateBaseMixin from mod ferritecore->@Inject::cacheStateHead(Lorg/spongepowered/asm/mixin/injection/callback/CallbackInfo;)V has 0 override(s) in child classes
[01:26:15] [main/DEBUG] (FabricLoader/Mixin) ferritecore.blockstatecache.mixin.json:BlockStateBaseMixin from mod ferritecore->@Inject::cacheStateHead(Lorg/spongepowered/asm/mixin/injection/callback/CallbackInfo;)V won't be passed a CallbackInfo as a result
[01:26:15] [main/DEBUG] (FabricLoader/Mixin) ferritecore.blockstatecache.mixin.json:BlockStateBaseMixin from mod ferritecore->@Inject::cacheStateTail(Lorg/spongepowered/asm/mixin/injection/callback/CallbackInfo;)V doesn't use it's CallbackInfo
[01:26:15] [main/DEBUG] (FabricLoader/Mixin) ferritecore.blockstatecache.mixin.json:BlockStateBaseMixin from mod ferritecore->@Inject::cacheStateTail(Lorg/spongepowered/asm/mixin/injection/callback/CallbackInfo;)V has 0 override(s) in child classes
[01:26:15] [main/DEBUG] (FabricLoader/Mixin) ferritecore.blockstatecache.mixin.json:BlockStateBaseMixin from mod ferritecore->@Inject::cacheStateTail(Lorg/spongepowered/asm/mixin/injection/callback/CallbackInfo;)V won't be passed a CallbackInfo as a result
[01:26:15] [main/DEBUG] (FabricLoader/Mixin) fabric-events-interaction-v0.mixins.json:BlockBehaviourBlockStateBaseMixin from mod fabric-events-interaction-v0->@Inject::callUseItemOnEvent(Lnet/minecraft/item/ItemStack;Lnet/minecraft/world/World;Lnet/minecraft/entity/player/PlayerEntity;Lnet/minecraft/util/Hand;Lnet/minecraft/util/hit/BlockHitResult;Lorg/spongepowered/asm/mixin/injection/callback/CallbackInfoReturnable;)V does use it's CallbackInfoReturnable
[01:26:15] [main/DEBUG] (FabricLoader/Mixin) fabric-events-interaction-v0.mixins.json:BlockBehaviourBlockStateBaseMixin from mod fabric-events-interaction-v0->@Inject::callUseWithoutItemEvent(Lnet/minecraft/world/World;Lnet/minecraft/entity/player/PlayerEntity;Lnet/minecraft/util/hit/BlockHitResult;Lorg/spongepowered/asm/mixin/injection/callback/CallbackInfoReturnable;)V does use it's CallbackInfoReturnable
[01:26:15] [main/DEBUG] (FabricLoader/Mixin) Mixing math.fast_blockpos.DirectionMixin from lithium.mixins.json into net.minecraft.util.math.Direction
[01:26:15] [main/DEBUG] (FabricLoader/Mixin) Mixing math.fast_util.DirectionMixin from lithium.mixins.json into net.minecraft.util.math.Direction
[01:26:15] [main/DEBUG] (FabricLoader/Mixin) lithium.mixins.json:math.fast_blockpos.DirectionMixin from mod lithium->@Inject::reinit(Ljava/lang/String;IIIILjava/lang/String;Lnet/minecraft/util/math/Direction$AxisDirection;Lnet/minecraft/util/math/Direction$Axis;Lnet/minecraft/util/math/Vec3i;Lorg/spongepowered/asm/mixin/injection/callback/CallbackInfo;)V doesn't use it's CallbackInfo
[01:26:15] [main/DEBUG] (FabricLoader/Mixin) Mixing IdMapperMixin from fabric-registry-sync-v0.mixins.json into net.minecraft.util.collection.IdList
[01:26:15] [main/DEBUG] (FabricLoader/Mixin) Renaming synthetic method lambda$fabric_remapIds$0(Lit/unimi/dsi/fastutil/ints/Int2IntMap;Ljava/lang/Object;Ljava/lang/Integer;)Ljava/lang/Integer; to mdfa83b2$fabric-registry-sync-v0$lambda$fabric_remapIds$0$0 in fabric-registry-sync-v0.mixins.json:IdMapperMixin from mod fabric-registry-sync-v0
[01:26:15] [main/DEBUG] (FabricLoader/Mixin) Mixing VoxelShapeAccess from ferritecore.accessors.mixin.json into net.minecraft.util.shape.VoxelShape
[01:26:15] [main/DEBUG] (FabricLoader/Mixin) ferritecore.accessors.mixin.json:VoxelShapeAccess from mod ferritecore: Class version 65 required is higher than the class version supported by the current version of Mixin (JAVA_17 supports class version 61)
[01:26:15] [main/DEBUG] (FabricLoader/Mixin) Mixing block.moving_block_shapes.VoxelShapeMixin from lithium.mixins.json into net.minecraft.util.shape.VoxelShape
[01:26:15] [main/DEBUG] (FabricLoader/Mixin) Mixing shapes.specialized_shapes.VoxelShapeMixin from lithium.mixins.json into net.minecraft.util.shape.VoxelShape
[01:26:15] [main/DEBUG] (FabricLoader/Mixin) Mixing shapes.optimized_matching.ShapesMixin from lithium.mixins.json into net.minecraft.util.shape.VoxelShapes
[01:26:15] [main/DEBUG] (FabricLoader/Mixin) Mixing shapes.shape_merging.ShapesMixin from lithium.mixins.json into net.minecraft.util.shape.VoxelShapes
[01:26:15] [main/DEBUG] (FabricLoader/Mixin) Mixing shapes.specialized_shapes.ShapesMixin from lithium.mixins.json into net.minecraft.util.shape.VoxelShapes
[01:26:15] [main/DEBUG] (FabricLoader/Mixin) lithium.mixins.json:shapes.optimized_matching.ShapesMixin from mod lithium->@Inject::cuboidMatchesAnywhere(Lnet/minecraft/util/shape/VoxelShape;Lnet/minecraft/util/shape/VoxelShape;Lnet/minecraft/util/function/BooleanBiFunction;Lorg/spongepowered/asm/mixin/injection/callback/CallbackInfoReturnable;)V does use it's CallbackInfoReturnable
[01:26:15] [main/DEBUG] (FabricLoader/Mixin) lithium.mixins.json:shapes.shape_merging.ShapesMixin from mod lithium->@Inject::injectCustomListPair(ILit/unimi/dsi/fastutil/doubles/DoubleList;Lit/unimi/dsi/fastutil/doubles/DoubleList;ZZLorg/spongepowered/asm/mixin/injection/callback/CallbackInfoReturnable;)V does use it's CallbackInfoReturnable
[01:26:15] [main/DEBUG] (FabricLoader/Mixin) Mixing DiscreteVSAccess from ferritecore.accessors.mixin.json into net.minecraft.util.shape.VoxelSet
[01:26:15] [main/DEBUG] (FabricLoader/Mixin) ferritecore.accessors.mixin.json:DiscreteVSAccess from mod ferritecore: Class version 65 required is higher than the class version supported by the current version of Mixin (JAVA_17 supports class version 61)
[01:26:15] [main/DEBUG] (FabricLoader/Mixin) Mixing BitSetDVSAccess from ferritecore.accessors.mixin.json into net.minecraft.util.shape.BitSetVoxelSet
[01:26:15] [main/DEBUG] (FabricLoader/Mixin) ferritecore.accessors.mixin.json:BitSetDVSAccess from mod ferritecore: Class version 65 required is higher than the class version supported by the current version of Mixin (JAVA_17 supports class version 61)
[01:26:15] [main/DEBUG] (FabricLoader/Mixin) Mixing minimal_nonvanilla.collisions.empty_space.BitSetDiscreteVoxelShapeAccessor from lithium.mixins.json into net.minecraft.util.shape.BitSetVoxelSet
[01:26:15] [main/DEBUG] (FabricLoader/Mixin) Unexpected: Registered method getStorage()Ljava/util/BitSet; in net.minecraft.util.shape.BitSetVoxelSet was not merged
[01:26:15] [main/DEBUG] (FabricLoader/Mixin) Mixing ArrayVSAccess from ferritecore.accessors.mixin.json into net.minecraft.util.shape.ArrayVoxelShape
[01:26:15] [main/DEBUG] (FabricLoader/Mixin) ferritecore.accessors.mixin.json:ArrayVSAccess from mod ferritecore: Class version 65 required is higher than the class version supported by the current version of Mixin (JAVA_17 supports class version 61)
[01:26:15] [main/DEBUG] (FabricLoader/Mixin) Mixing minimal_nonvanilla.collisions.empty_space.ArrayVoxelShapeInvoker from lithium.mixins.json into net.minecraft.util.shape.ArrayVoxelShape
[01:26:15] [main/DEBUG] (FabricLoader/Mixin) Renaming @Invoker method init(Lnet/minecraft/util/shape/VoxelSet;Lit/unimi/dsi/fastutil/doubles/DoubleList;Lit/unimi/dsi/fastutil/doubles/DoubleList;Lit/unimi/dsi/fastutil/doubles/DoubleList;)Lnet/minecraft/util/shape/ArrayVoxelShape; to init$lithium_$md$fa83b2$0 in lithium.mixins.json:minimal_nonvanilla.collisions.empty_space.ArrayVoxelShapeInvoker from mod lithium
[01:26:15] [main/DEBUG] (FabricLoader/Mixin) Mixing shapes.precompute_shape_arrays.CubeVoxelShapeMixin from lithium.mixins.json into net.minecraft.util.shape.SimpleVoxelShape
[01:26:15] [main/DEBUG] (FabricLoader/Mixin) lithium.mixins.json:shapes.precompute_shape_arrays.CubeVoxelShapeMixin from mod lithium->@Inject::onConstructed(Lnet/minecraft/util/shape/VoxelSet;Lorg/spongepowered/asm/mixin/injection/callback/CallbackInfo;)V doesn't use it's CallbackInfo
[01:26:15] [main/DEBUG] (FabricLoader/Mixin) Mixing SliceShapeAccess from ferritecore.accessors.mixin.json into net.minecraft.util.shape.SlicedVoxelShape
[01:26:15] [main/DEBUG] (FabricLoader/Mixin) ferritecore.accessors.mixin.json:SliceShapeAccess from mod ferritecore: Class version 65 required is higher than the class version supported by the current version of Mixin (JAVA_17 supports class version 61)
[01:26:15] [main/DEBUG] (FabricLoader/Mixin) Mixing shapes.precompute_shape_arrays.CubePointRangeMixin from lithium.mixins.json into net.minecraft.util.shape.FractionalDoubleList
[01:26:15] [main/DEBUG] (FabricLoader/Mixin) lithium.mixins.json:shapes.precompute_shape_arrays.CubePointRangeMixin from mod lithium->@Inject::initScale(ILorg/spongepowered/asm/mixin/injection/callback/CallbackInfo;)V doesn't use it's CallbackInfo
[01:26:15] [main/DEBUG] (FabricLoader/Mixin) lithium.mixins.json:shapes.precompute_shape_arrays.CubePointRangeMixin from mod lithium->@Inject::initScale(ILorg/spongepowered/asm/mixin/injection/callback/CallbackInfo;)V has 0 override(s) in child classes
[01:26:15] [main/DEBUG] (FabricLoader/Mixin) lithium.mixins.json:shapes.precompute_shape_arrays.CubePointRangeMixin from mod lithium->@Inject::initScale(ILorg/spongepowered/asm/mixin/injection/callback/CallbackInfo;)V won't be passed a CallbackInfo as a result
[01:26:15] [main/DEBUG] (FabricLoader/Mixin) Mixing RegistryFriendlyByteBufMixin from fabric-networking-api-v1.mixins.json into net.minecraft.network.RegistryByteBuf
[01:26:15] [main/DEBUG] (FabricLoader/Mixin) Mixing FriendlyByteBufMixin from fabric-networking-api-v1.mixins.json into net.minecraft.network.PacketByteBuf
[01:26:16] [main/DEBUG] (FabricLoader/Mixin) Mixing BlocksMixin from fabric-registry-sync-v0.mixins.json into net.minecraft.block.Blocks
[01:26:16] [main/DEBUG] (FabricLoader/Mixin) Renaming synthetic method lambda$initShapeCache$0(ILnet/minecraft/util/Identifier;Lnet/minecraft/block/Block;)V to mdfa83b2$fabric-registry-sync-v0$lambda$initShapeCache$0$0 in fabric-registry-sync-v0.mixins.json:BlocksMixin from mod fabric-registry-sync-v0
[01:26:16] [main/DEBUG] (FabricLoader/Mixin) fabric-registry-sync-v0.mixins.json:BlocksMixin from mod fabric-registry-sync-v0->@Inject::initShapeCache(Lorg/spongepowered/asm/mixin/injection/callback/CallbackInfo;)V doesn't use it's CallbackInfo
[01:26:16] [main/DEBUG] (FabricLoader/Mixin) Mixing WeatheringCopperMixin from fabric-content-registries-v0.mixins.json into net.minecraft.block.Oxidizable
[01:26:16] [main/DEBUG] (FabricLoader/Mixin) fabric-content-registries-v0.mixins.json:WeatheringCopperMixin from mod fabric-content-registries-v0->@Inject::createOxidationLevelIncreasesMap(Lorg/spongepowered/asm/mixin/injection/callback/CallbackInfoReturnable;)V does use it's CallbackInfoReturnable
[01:26:16] [main/DEBUG] (FabricLoader/Mixin) Mixing blocks.cullshape.LightningRodBlock_voxelMixin from moreculling.mixins.json into net.minecraft.block.LightningRodBlock
[01:26:16] [main/DEBUG] (FabricLoader/Mixin) Mixing blocks.DoorBlock_cullAgainstMixin from moreculling.mixins.json into net.minecraft.block.DoorBlock
[01:26:16] [main/DEBUG] (FabricLoader/Mixin) Mixing blocks.cullshape.CampfireBlock_voxelMixin from moreculling.mixins.json into net.minecraft.block.CampfireBlock
[01:26:16] [main/DEBUG] (FabricLoader/Mixin) Mixing blocks.ShulkerBoxBlock_cullMixin from moreculling.mixins.json into net.minecraft.block.ShulkerBoxBlock
[01:26:16] [main/DEBUG] (FabricLoader/Mixin) Mixing blocks.cullshape.ChorusFlowerBlock_voxelMixin from moreculling.mixins.json into net.minecraft.block.ChorusFlowerBlock
[01:26:16] [main/DEBUG] (FabricLoader/Mixin) Mixing blocks.cullshape.BaseTorchBlock_voxelMixin from moreculling.mixins.json into net.minecraft.block.AbstractTorchBlock
[01:26:16] [main/DEBUG] (FabricLoader/Mixin) Mixing alloc.enum_values.piston_block.PistonBaseBlockMixin from lithium.mixins.json into net.minecraft.block.PistonBlock
[01:26:16] [main/DEBUG] (FabricLoader/Mixin) Mixing blocks.LeavesBlock_typesMixin from moreculling.mixins.json into net.minecraft.block.LeavesBlock
[01:26:16] [main/DEBUG] (FabricLoader/Mixin) moreculling.mixins.json:blocks.LeavesBlock_typesMixin from mod moreculling->@Inject::skipRendering(Lnet/minecraft/block/BlockState;Lnet/minecraft/block/BlockState;Lnet/minecraft/util/math/Direction;Lorg/spongepowered/asm/mixin/injection/callback/CallbackInfoReturnable;)V does use it's CallbackInfoReturnable
[01:26:16] [main/DEBUG] (FabricLoader/Mixin) Mixing EntityTypeMixin from fabric-object-builder-v1.mixins.json into net.minecraft.entity.EntityType
[01:26:16] [main/DEBUG] (FabricLoader/Mixin) fabric-object-builder-v1.mixins.json:EntityTypeMixin from mod fabric-object-builder-api-v1->@Inject::onAlwaysUpdateVelocity(Lorg/spongepowered/asm/mixin/injection/callback/CallbackInfoReturnable;)V does use it's CallbackInfoReturnable
[01:26:16] [main/DEBUG] (FabricLoader/Mixin) fabric-object-builder-v1.mixins.json:EntityTypeMixin from mod fabric-object-builder-api-v1->@Inject::onCanPotentiallyExecuteCommands(Lorg/spongepowered/asm/mixin/injection/callback/CallbackInfoReturnable;)V does use it's CallbackInfoReturnable
[01:26:16] [main/DEBUG] (FabricLoader/Mixin) Mixing FluidMixin from fabric-transfer-api-v1.mixins.json into net.minecraft.fluid.Fluid
[01:26:16] [main/DEBUG] (FabricLoader/Mixin) fabric-transfer-api-v1.mixins.json:FluidMixin from mod fabric-transfer-api-v1->@Inject::hookGetBucketFillSound(Lorg/spongepowered/asm/mixin/injection/callback/CallbackInfoReturnable;)V does use it's CallbackInfoReturnable
[01:26:16] [main/DEBUG] (FabricLoader/Mixin) Mixing block.fluid.flow.FlowingFluidMixin from lithium.mixins.json into net.minecraft.fluid.FlowableFluid
[01:26:16] [main/DEBUG] (FabricLoader/Mixin) lithium.mixins.json:block.fluid.flow.FlowingFluidMixin from mod lithium->@Inject::getSpread(Lnet/minecraft/server/world/ServerWorld;Lnet/minecraft/util/math/BlockPos;Lnet/minecraft/block/BlockState;Lorg/spongepowered/asm/mixin/injection/callback/CallbackInfoReturnable;)V does use it's CallbackInfoReturnable
[01:26:16] [main/DEBUG] (FabricLoader/Mixin) Mixing DataComponentMapBuilderMixin from fabric-item-api-v1.mixins.json into net.minecraft.component.ComponentMap$Builder
[01:26:16] [main/DEBUG] (FabricLoader/Mixin) Mixing block.flatten_states.FluidStateMixin from lithium.mixins.json into net.minecraft.fluid.FluidState
[01:26:16] [main/DEBUG] (FabricLoader/Mixin) lithium.mixins.json:block.flatten_states.FluidStateMixin from mod lithium->@Inject::initFluidCache(Lnet/minecraft/fluid/Fluid;Lit/unimi/dsi/fastutil/objects/Reference2ObjectArrayMap;Lcom/mojang/serialization/MapCodec;Lorg/spongepowered/asm/mixin/injection/callback/CallbackInfo;)V doesn't use it's CallbackInfo
[01:26:16] [main/DEBUG] (FabricLoader/Mixin) Mixing CullableMixin from entityculling.mixins.json into net.minecraft.block.entity.BlockEntity
[01:26:16] [main/DEBUG] (FabricLoader/Mixin) entityculling.mixins.json:CullableMixin from mod entityculling: Class version 65 required is higher than the class version supported by the current version of Mixin (JAVA_16 supports class version 60)
[01:26:16] [main/DEBUG] (FabricLoader/Mixin) Mixing AttachmentTargetsMixin from fabric-data-attachment-api-v1.mixins.json into net.minecraft.block.entity.BlockEntity
[01:26:16] [main/DEBUG] (FabricLoader/Mixin) Mixing BlockEntityMixin from fabric-data-attachment-api-v1.mixins.json into net.minecraft.block.entity.BlockEntity
[01:26:16] [main/DEBUG] (FabricLoader/Mixin) Renaming synthetic method lambda$fabric_syncChange$0(Lnet/fabricmc/fabric/api/attachment/v1/AttachmentType;Lnet/fabricmc/fabric/impl/attachment/sync/AttachmentChange;Lnet/minecraft/server/network/ServerPlayerEntity;)V to mdfa83b2$fabric-data-attachment-api-v1$lambda$fabric_syncChange$0$0 in fabric-data-attachment-api-v1.mixins.json:BlockEntityMixin from mod fabric-data-attachment-api-v1
[01:26:16] [main/DEBUG] (FabricLoader/Mixin) Mixing BlockEntityMixin from fabric-block-view-api-v2.mixins.json into net.minecraft.block.entity.BlockEntity
[01:26:16] [main/DEBUG] (FabricLoader/Mixin) Mixing minimal_nonvanilla.world.block_entity_ticking.support_cache.BlockEntityMixin from lithium.mixins.json into net.minecraft.block.entity.BlockEntity
[01:26:16] [main/DEBUG] (FabricLoader/Mixin) Mixing util.inventory_change_listening.BlockEntityMixin from lithium.mixins.json into net.minecraft.block.entity.BlockEntity
[01:26:16] [main/DEBUG] (FabricLoader/Mixin) Mixing util.inventory_comparator_tracking.BlockEntityMixin from lithium.mixins.json into net.minecraft.block.entity.BlockEntity
[01:26:16] [main/DEBUG] (FabricLoader/Mixin) Mixing world.block_entity_ticking.sleeping.BlockEntityMixin from lithium.mixins.json into net.minecraft.block.entity.BlockEntity
[01:26:16] [main/DEBUG] (FabricLoader/Mixin) Mixing util.inventory_change_listening.BlockEntityMixin from lithium-fabric.mixins.json into net.minecraft.block.entity.BlockEntity
[01:26:16] [main/DEBUG] (FabricLoader/Mixin) fabric-data-attachment-api-v1.mixins.json:BlockEntityMixin from mod fabric-data-attachment-api-v1->@Inject::readBlockEntityAttachments(Lnet/minecraft/storage/ReadView;Lorg/spongepowered/asm/mixin/injection/callback/CallbackInfo;)V doesn't use it's CallbackInfo
[01:26:16] [main/DEBUG] (FabricLoader/Mixin) fabric-data-attachment-api-v1.mixins.json:BlockEntityMixin from mod fabric-data-attachment-api-v1->@Inject::readBlockEntityAttachments(Lnet/minecraft/storage/ReadView;Lorg/spongepowered/asm/mixin/injection/callback/CallbackInfo;)V has 0 override(s) in child classes
[01:26:16] [main/DEBUG] (FabricLoader/Mixin) fabric-data-attachment-api-v1.mixins.json:BlockEntityMixin from mod fabric-data-attachment-api-v1->@Inject::readBlockEntityAttachments(Lnet/minecraft/storage/ReadView;Lorg/spongepowered/asm/mixin/injection/callback/CallbackInfo;)V won't be passed a CallbackInfo as a result
[01:26:16] [main/DEBUG] (FabricLoader/Mixin) fabric-data-attachment-api-v1.mixins.json:BlockEntityMixin from mod fabric-data-attachment-api-v1->@Inject::writeBlockEntityAttachments(Lnet/minecraft/storage/WriteView;Lorg/spongepowered/asm/mixin/injection/callback/CallbackInfo;)V doesn't use it's CallbackInfo
[01:26:16] [main/DEBUG] (FabricLoader/Mixin) fabric-data-attachment-api-v1.mixins.json:BlockEntityMixin from mod fabric-data-attachment-api-v1->@Inject::writeBlockEntityAttachments(Lnet/minecraft/storage/WriteView;Lorg/spongepowered/asm/mixin/injection/callback/CallbackInfo;)V has 0 override(s) in child classes
[01:26:16] [main/DEBUG] (FabricLoader/Mixin) fabric-data-attachment-api-v1.mixins.json:BlockEntityMixin from mod fabric-data-attachment-api-v1->@Inject::writeBlockEntityAttachments(Lnet/minecraft/storage/WriteView;Lorg/spongepowered/asm/mixin/injection/callback/CallbackInfo;)V won't be passed a CallbackInfo as a result
[01:26:16] [main/DEBUG] (FabricLoader/Mixin) lithium.mixins.json:minimal_nonvanilla.world.block_entity_ticking.support_cache.BlockEntityMixin from mod lithium->@Inject::initSupportCache(Lnet/minecraft/block/entity/BlockEntityType;Lnet/minecraft/util/math/BlockPos;Lnet/minecraft/block/BlockState;Lorg/spongepowered/asm/mixin/injection/callback/CallbackInfo;)V doesn't use it's CallbackInfo
[01:26:16] [main/DEBUG] (FabricLoader/Mixin) lithium.mixins.json:minimal_nonvanilla.world.block_entity_ticking.support_cache.BlockEntityMixin from mod lithium->@Inject::initSupportCache(Lnet/minecraft/block/entity/BlockEntityType;Lnet/minecraft/util/math/BlockPos;Lnet/minecraft/block/BlockState;Lorg/spongepowered/asm/mixin/injection/callback/CallbackInfo;)V has 0 override(s) in child classes
[01:26:16] [main/DEBUG] (FabricLoader/Mixin) lithium.mixins.json:minimal_nonvanilla.world.block_entity_ticking.support_cache.BlockEntityMixin from mod lithium->@Inject::initSupportCache(Lnet/minecraft/block/entity/BlockEntityType;Lnet/minecraft/util/math/BlockPos;Lnet/minecraft/block/BlockState;Lorg/spongepowered/asm/mixin/injection/callback/CallbackInfo;)V won't be passed a CallbackInfo as a result
[01:26:16] [main/DEBUG] (FabricLoader/Mixin) lithium.mixins.json:minimal_nonvanilla.world.block_entity_ticking.support_cache.BlockEntityMixin from mod lithium->@Inject::updateSupportCache(Lnet/minecraft/block/BlockState;Lorg/spongepowered/asm/mixin/injection/callback/CallbackInfo;)V doesn't use it's CallbackInfo
[01:26:16] [main/DEBUG] (FabricLoader/Mixin) lithium.mixins.json:minimal_nonvanilla.world.block_entity_ticking.support_cache.BlockEntityMixin from mod lithium->@Inject::updateSupportCache(Lnet/minecraft/block/BlockState;Lorg/spongepowered/asm/mixin/injection/callback/CallbackInfo;)V has 0 override(s) in child classes
[01:26:16] [main/DEBUG] (FabricLoader/Mixin) lithium.mixins.json:minimal_nonvanilla.world.block_entity_ticking.support_cache.BlockEntityMixin from mod lithium->@Inject::updateSupportCache(Lnet/minecraft/block/BlockState;Lorg/spongepowered/asm/mixin/injection/callback/CallbackInfo;)V won't be passed a CallbackInfo as a result
[01:26:16] [main/DEBUG] (FabricLoader/Mixin) lithium.mixins.json:util.inventory_change_listening.BlockEntityMixin from mod lithium->@Inject::updateStackListTracking(Lorg/spongepowered/asm/mixin/injection/callback/CallbackInfo;)V doesn't use it's CallbackInfo
[01:26:16] [main/DEBUG] (FabricLoader/Mixin) lithium.mixins.json:util.inventory_change_listening.BlockEntityMixin from mod lithium->@Inject::updateStackListTracking(Lorg/spongepowered/asm/mixin/injection/callback/CallbackInfo;)V has 0 override(s) in child classes
[01:26:16] [main/DEBUG] (FabricLoader/Mixin) lithium.mixins.json:util.inventory_change_listening.BlockEntityMixin from mod lithium->@Inject::updateStackListTracking(Lorg/spongepowered/asm/mixin/injection/callback/CallbackInfo;)V won't be passed a CallbackInfo as a result
[01:26:16] [main/DEBUG] (FabricLoader/Mixin) lithium.mixins.json:util.inventory_comparator_tracking.BlockEntityMixin from mod lithium->@Inject::init(Lnet/minecraft/block/entity/BlockEntityType;Lnet/minecraft/util/math/BlockPos;Lnet/minecraft/block/BlockState;Lorg/spongepowered/asm/mixin/injection/callback/CallbackInfo;)V doesn't use it's CallbackInfo
[01:26:16] [main/DEBUG] (FabricLoader/Mixin) lithium.mixins.json:util.inventory_comparator_tracking.BlockEntityMixin from mod lithium->@Inject::init(Lnet/minecraft/block/entity/BlockEntityType;Lnet/minecraft/util/math/BlockPos;Lnet/minecraft/block/BlockState;Lorg/spongepowered/asm/mixin/injection/callback/CallbackInfo;)V has 0 override(s) in child classes
[01:26:16] [main/DEBUG] (FabricLoader/Mixin) lithium.mixins.json:util.inventory_comparator_tracking.BlockEntityMixin from mod lithium->@Inject::init(Lnet/minecraft/block/entity/BlockEntityType;Lnet/minecraft/util/math/BlockPos;Lnet/minecraft/block/BlockState;Lorg/spongepowered/asm/mixin/injection/callback/CallbackInfo;)V won't be passed a CallbackInfo as a result
[01:26:16] [main/DEBUG] (FabricLoader/Mixin) lithium.mixins.json:util.inventory_comparator_tracking.BlockEntityMixin from mod lithium->@Inject::forgetNearbyComparators(Lorg/spongepowered/asm/mixin/injection/callback/CallbackInfo;)V doesn't use it's CallbackInfo
[01:26:16] [main/DEBUG] (FabricLoader/Mixin) lithium.mixins.json:util.inventory_comparator_tracking.BlockEntityMixin from mod lithium->@Inject::forgetNearbyComparators(Lorg/spongepowered/asm/mixin/injection/callback/CallbackInfo;)V has 0 override(s) in child classes
[01:26:16] [main/DEBUG] (FabricLoader/Mixin) lithium.mixins.json:util.inventory_comparator_tracking.BlockEntityMixin from mod lithium->@Inject::forgetNearbyComparators(Lorg/spongepowered/asm/mixin/injection/callback/CallbackInfo;)V won't be passed a CallbackInfo as a result
[01:26:16] [main/DEBUG] (FabricLoader/Mixin) lithium.mixins.json:world.block_entity_ticking.sleeping.BlockEntityMixin from mod lithium->@Inject::handleSetChanged(Lorg/spongepowered/asm/mixin/injection/callback/CallbackInfo;)V doesn't use it's CallbackInfo
[01:26:16] [main/DEBUG] (FabricLoader/Mixin) lithium.mixins.json:world.block_entity_ticking.sleeping.BlockEntityMixin from mod lithium->@Inject::handleSetChanged(Lorg/spongepowered/asm/mixin/injection/callback/CallbackInfo;)V has 0 override(s) in child classes
[01:26:16] [main/DEBUG] (FabricLoader/Mixin) lithium.mixins.json:world.block_entity_ticking.sleeping.BlockEntityMixin from mod lithium->@Inject::handleSetChanged(Lorg/spongepowered/asm/mixin/injection/callback/CallbackInfo;)V won't be passed a CallbackInfo as a result
[01:26:16] [main/DEBUG] (FabricLoader/Mixin) lithium-fabric.mixins.json:util.inventory_change_listening.BlockEntityMixin from mod lithium->@Inject::emitRemovedOnSetCachedState(Lorg/spongepowered/asm/mixin/injection/callback/CallbackInfo;)V doesn't use it's CallbackInfo
[01:26:16] [main/DEBUG] (FabricLoader/Mixin) lithium-fabric.mixins.json:util.inventory_change_listening.BlockEntityMixin from mod lithium->@Inject::emitRemovedOnSetCachedState(Lorg/spongepowered/asm/mixin/injection/callback/CallbackInfo;)V has 0 override(s) in child classes
[01:26:16] [main/DEBUG] (FabricLoader/Mixin) lithium-fabric.mixins.json:util.inventory_change_listening.BlockEntityMixin from mod lithium->@Inject::emitRemovedOnSetCachedState(Lorg/spongepowered/asm/mixin/injection/callback/CallbackInfo;)V won't be passed a CallbackInfo as a result
[01:26:16] [main/DEBUG] (FabricLoader/Mixin) Mixing blocks.MangroveRootsBlock_typesMixin from moreculling.mixins.json into net.minecraft.block.MangroveRootsBlock
[01:26:16] [main/DEBUG] (FabricLoader/Mixin) moreculling.mixins.json:blocks.MangroveRootsBlock_typesMixin from mod moreculling->@Inject::moreculling$skipRendering(Lnet/minecraft/block/BlockState;Lnet/minecraft/block/BlockState;Lnet/minecraft/util/math/Direction;Lorg/spongepowered/asm/mixin/injection/callback/CallbackInfoReturnable;)V does use it's CallbackInfoReturnable
[01:26:16] [main/DEBUG] (FabricLoader/Mixin) Mixing BlockParticleOptionMixin from fabric-particles-v1.mixins.json into net.minecraft.particle.BlockStateParticleEffect
[01:26:16] [main/DEBUG] (FabricLoader/Mixin) Mixing block.hopper.InventoryAccessors$DispenserBlockEntityMixin from lithium.mixins.json into net.minecraft.block.entity.DispenserBlockEntity
[01:26:16] [main/DEBUG] (FabricLoader/Mixin) Mixing util.inventory_change_listening.StackListReplacementTracking$DispenserBlockEntityMixin from lithium.mixins.json into net.minecraft.block.entity.DispenserBlockEntity
[01:26:16] [main/DEBUG] (FabricLoader/Mixin) lithium.mixins.json:util.inventory_change_listening.StackListReplacementTracking$DispenserBlockEntityMixin from mod lithium->@Inject::setInventoryStackListReplacement(Lnet/minecraft/util/collection/DefaultedList;Lorg/spongepowered/asm/mixin/injection/callback/CallbackInfo;)V doesn't use it's CallbackInfo
[01:26:16] [main/DEBUG] (FabricLoader/Mixin) lithium.mixins.json:util.inventory_change_listening.StackListReplacementTracking$DispenserBlockEntityMixin from mod lithium->@Inject::setInventoryStackListReplacement(Lnet/minecraft/util/collection/DefaultedList;Lorg/spongepowered/asm/mixin/injection/callback/CallbackInfo;)V has 0 override(s) in child classes
[01:26:16] [main/DEBUG] (FabricLoader/Mixin) lithium.mixins.json:util.inventory_change_listening.StackListReplacementTracking$DispenserBlockEntityMixin from mod lithium->@Inject::setInventoryStackListReplacement(Lnet/minecraft/util/collection/DefaultedList;Lorg/spongepowered/asm/mixin/injection/callback/CallbackInfo;)V won't be passed a CallbackInfo as a result
[01:26:16] [main/DEBUG] (FabricLoader/Mixin) Mixing block.hopper.ContainerMixin from lithium.mixins.json into net.minecraft.inventory.Inventory
[01:26:16] [main/DEBUG] (FabricLoader/Mixin) Mixing BaseContainerBlockEntityMixin from fabric-transfer-api-v1.mixins.json into net.minecraft.block.entity.LockableContainerBlockEntity
[01:26:16] [main/DEBUG] (FabricLoader/Mixin) Mixing util.inventory_change_listening.BaseContainerBlockEntityMixin from lithium.mixins.json into net.minecraft.block.entity.LockableContainerBlockEntity
[01:26:16] [main/DEBUG] (FabricLoader/Mixin) Renaming synthetic method lambda$lithium$emitFirstComparatorAdded$0(Lnet/caffeinemc/mods/lithium/common/block/entity/inventory_change_tracking/InventoryChangeListener;)Z to mdfa83b2$lithium$lambda$lithium$emitFirstComparatorAdded$0$0 in lithium.mixins.json:util.inventory_change_listening.BaseContainerBlockEntityMixin from mod lithium
[01:26:16] [main/DEBUG] (FabricLoader/Mixin) Mixing util.inventory_change_listening.StackListReplacementTracking$BaseContainerBlockEntityMixin from lithium.mixins.json into net.minecraft.block.entity.LockableContainerBlockEntity
[01:26:16] [main/DEBUG] (FabricLoader/Mixin) lithium.mixins.json:util.inventory_change_listening.StackListReplacementTracking$BaseContainerBlockEntityMixin from mod lithium->@Inject::readNbtStackListReplacement(Lnet/minecraft/storage/ReadView;Lorg/spongepowered/asm/mixin/injection/callback/CallbackInfo;)V doesn't use it's CallbackInfo
[01:26:16] [main/DEBUG] (FabricLoader/Mixin) lithium.mixins.json:util.inventory_change_listening.StackListReplacementTracking$BaseContainerBlockEntityMixin from mod lithium->@Inject::readNbtStackListReplacement(Lnet/minecraft/storage/ReadView;Lorg/spongepowered/asm/mixin/injection/callback/CallbackInfo;)V has 0 override(s) in child classes
[01:26:16] [main/DEBUG] (FabricLoader/Mixin) lithium.mixins.json:util.inventory_change_listening.StackListReplacementTracking$BaseContainerBlockEntityMixin from mod lithium->@Inject::readNbtStackListReplacement(Lnet/minecraft/storage/ReadView;Lorg/spongepowered/asm/mixin/injection/callback/CallbackInfo;)V won't be passed a CallbackInfo as a result
[01:26:16] [main/DEBUG] (FabricLoader/Mixin) Mixing MenuProviderMixin from fabric-screen-handler-api-v1.mixins.json into net.minecraft.screen.NamedScreenHandlerFactory
[01:26:16] [main/DEBUG] (FabricLoader/Mixin) Mixing math.fast_util.AxisCycleDirectionMixin$ForwardMixin from lithium.mixins.json into net.minecraft.util.math.AxisCycleDirection$2
[01:26:16] [main/DEBUG] (FabricLoader/Mixin) Mixing math.fast_util.AxisCycleDirectionMixin$BackwardMixin from lithium.mixins.json into net.minecraft.util.math.AxisCycleDirection$3
[01:26:16] [main/DEBUG] (FabricLoader/Mixin) Mixing blocks.BaseRailBlock_cullAgainstMixin from moreculling.mixins.json into net.minecraft.block.AbstractRailBlock
[01:26:16] [main/DEBUG] (FabricLoader/Mixin) Mixing DetectorRailBlockMixin from fabric-object-builder-v1.mixins.json into net.minecraft.block.DetectorRailBlock
[01:26:16] [main/DEBUG] (FabricLoader/Mixin) Renaming synthetic method lambda$getCustomComparatorOutput$0(Lnet/minecraft/entity/Entity;)Z to mdfa83b2$fabric-object-builder-api-v1$lambda$getCustomComparatorOutput$0$0 in fabric-object-builder-v1.mixins.json:DetectorRailBlockMixin from mod fabric-object-builder-api-v1
[01:26:16] [main/DEBUG] (FabricLoader/Mixin) fabric-object-builder-v1.mixins.json:DetectorRailBlockMixin from mod fabric-object-builder-api-v1->@Inject::getCustomComparatorOutput(Lnet/minecraft/block/BlockState;Lnet/minecraft/world/World;Lnet/minecraft/util/math/BlockPos;Lnet/minecraft/util/math/Direction;Lorg/spongepowered/asm/mixin/injection/callback/CallbackInfoReturnable;)V does use it's CallbackInfoReturnable
[01:26:16] [main/DEBUG] (FabricLoader/Mixin) Mixing block.moving_block_shapes.PistonMovingBlockEntityMixin from lithium.mixins.json into net.minecraft.block.entity.PistonBlockEntity
[01:26:16] [main/DEBUG] (FabricLoader/Mixin) lithium.mixins.json:block.moving_block_shapes.PistonMovingBlockEntityMixin from mod lithium->@Inject::skipVoxelShapeUnion(Lnet/minecraft/world/BlockView;Lnet/minecraft/util/math/BlockPos;Lorg/spongepowered/asm/mixin/injection/callback/CallbackInfoReturnable;Lnet/minecraft/util/shape/VoxelShape;Lnet/minecraft/util/math/Direction;Lnet/minecraft/block/BlockState;F)V does use it's CallbackInfoReturnable
[01:26:16] [main/DEBUG] (FabricLoader/Mixin) Mixing entity.inactive_navigations.MobMixin from lithium.mixins.json into net.minecraft.entity.mob.MobEntity
[01:26:16] [main/DEBUG] (FabricLoader/Mixin) Mixing MobMixin from fabric-entity-events-v1.mixins.json into net.minecraft.entity.mob.MobEntity
[01:26:16] [main/DEBUG] (FabricLoader/Mixin) lithium.mixins.json:entity.inactive_navigations.MobMixin from mod lithium->@Inject::onNavigationReplacement(Lnet/minecraft/entity/Entity;ZZLorg/spongepowered/asm/mixin/injection/callback/CallbackInfoReturnable;)V doesn't use it's CallbackInfoReturnable
[01:26:16] [main/DEBUG] (FabricLoader/Mixin) lithium.mixins.json:entity.inactive_navigations.MobMixin from mod lithium->@Inject::onNavigationReplacement(Lnet/minecraft/entity/Entity;ZZLorg/spongepowered/asm/mixin/injection/callback/CallbackInfoReturnable;)V has 0 override(s) in child classes
[01:26:16] [main/DEBUG] (FabricLoader/Mixin) lithium.mixins.json:entity.inactive_navigations.MobMixin from mod lithium->@Inject::onNavigationReplacement(Lnet/minecraft/entity/Entity;ZZLorg/spongepowered/asm/mixin/injection/callback/CallbackInfoReturnable;)V won't be passed a CallbackInfoReturnable as a result
[01:26:16] [main/DEBUG] (FabricLoader/Mixin) Mixing ChiseledBookShelfBlockEntityMixin from fabric-transfer-api-v1.mixins.json into net.minecraft.block.entity.ChiseledBookshelfBlockEntity
[01:26:16] [main/DEBUG] (FabricLoader/Mixin) Mixing block.hopper.ChiseledBookShelfBlockEntityMixin from lithium.mixins.json into net.minecraft.block.entity.ChiseledBookshelfBlockEntity
[01:26:16] [main/DEBUG] (FabricLoader/Mixin) fabric-transfer-api-v1.mixins.json:ChiseledBookShelfBlockEntityMixin from mod fabric-transfer-api-v1->@Inject::setStackBypass(ILnet/minecraft/item/ItemStack;Lorg/spongepowered/asm/mixin/injection/callback/CallbackInfo;)V does use it's CallbackInfo
[01:26:16] [main/DEBUG] (FabricLoader/Mixin) Mixing ListBackedContainerMixin from fabric-transfer-api-v1.mixins.json into net.minecraft.inventory.ListInventory
[01:26:16] [main/DEBUG] (FabricLoader/Mixin) Mixing ShelfBlockEntityMixin from fabric-transfer-api-v1.mixins.json into net.minecraft.block.entity.ShelfBlockEntity
[01:26:16] [main/DEBUG] (FabricLoader/Mixin) Mixing util.inventory_change_listening.ChestBlockEntityMixin from lithium-fabric.mixins.json into net.minecraft.block.entity.ChestBlockEntity
[01:26:16] [main/DEBUG] (FabricLoader/Mixin) Mixing block.hopper.InventoryAccessors$ChestBlockEntityMixin from lithium.mixins.json into net.minecraft.block.entity.ChestBlockEntity
[01:26:16] [main/DEBUG] (FabricLoader/Mixin) Mixing util.inventory_change_listening.StackListReplacementTracking$ChestBlockEntityMixin from lithium.mixins.json into net.minecraft.block.entity.ChestBlockEntity
[01:26:16] [main/DEBUG] (FabricLoader/Mixin) Mixing world.block_entity_ticking.sleeping.chest_animation.ChestBlockEntityMixin from lithium.mixins.json into net.minecraft.block.entity.ChestBlockEntity
[01:26:16] [main/DEBUG] (FabricLoader/Mixin) lithium.mixins.json:util.inventory_change_listening.StackListReplacementTracking$ChestBlockEntityMixin from mod lithium->@Inject::setInventoryStackListReplacement(Lnet/minecraft/util/collection/DefaultedList;Lorg/spongepowered/asm/mixin/injection/callback/CallbackInfo;)V doesn't use it's CallbackInfo
[01:26:16] [main/DEBUG] (FabricLoader/Mixin) lithium.mixins.json:util.inventory_change_listening.StackListReplacementTracking$ChestBlockEntityMixin from mod lithium->@Inject::setInventoryStackListReplacement(Lnet/minecraft/util/collection/DefaultedList;Lorg/spongepowered/asm/mixin/injection/callback/CallbackInfo;)V has 0 override(s) in child classes
[01:26:16] [main/DEBUG] (FabricLoader/Mixin) lithium.mixins.json:util.inventory_change_listening.StackListReplacementTracking$ChestBlockEntityMixin from mod lithium->@Inject::setInventoryStackListReplacement(Lnet/minecraft/util/collection/DefaultedList;Lorg/spongepowered/asm/mixin/injection/callback/CallbackInfo;)V won't be passed a CallbackInfo as a result
[01:26:16] [main/DEBUG] (FabricLoader/Mixin) lithium.mixins.json:world.block_entity_ticking.sleeping.chest_animation.ChestBlockEntityMixin from mod lithium->@Inject::wakeUpOnSyncedBlockEvent(IILorg/spongepowered/asm/mixin/injection/callback/CallbackInfoReturnable;)V doesn't use it's CallbackInfoReturnable
[01:26:16] [main/DEBUG] (FabricLoader/Mixin) lithium.mixins.json:world.block_entity_ticking.sleeping.chest_animation.ChestBlockEntityMixin from mod lithium->@Inject::wakeUpOnSyncedBlockEvent(IILorg/spongepowered/asm/mixin/injection/callback/CallbackInfoReturnable;)V has 0 override(s) in child classes
[01:26:16] [main/DEBUG] (FabricLoader/Mixin) lithium.mixins.json:world.block_entity_ticking.sleeping.chest_animation.ChestBlockEntityMixin from mod lithium->@Inject::wakeUpOnSyncedBlockEvent(IILorg/spongepowered/asm/mixin/injection/callback/CallbackInfoReturnable;)V won't be passed a CallbackInfoReturnable as a result
[01:26:16] [main/DEBUG] (FabricLoader/Mixin) lithium.mixins.json:world.block_entity_ticking.sleeping.chest_animation.ChestBlockEntityMixin from mod lithium->@Inject::sleepOnAnimationEnd(Lnet/minecraft/world/World;Lnet/minecraft/util/math/BlockPos;Lnet/minecraft/block/BlockState;Lnet/minecraft/block/entity/ChestBlockEntity;Lorg/spongepowered/asm/mixin/injection/callback/CallbackInfo;)V doesn't use it's CallbackInfo
[01:26:16] [main/DEBUG] (FabricLoader/Mixin) Mixing BlockEntityTypeAccessor from fabric-api-lookup-api-v1.mixins.json into net.minecraft.block.entity.BlockEntityType
[01:26:16] [main/DEBUG] (FabricLoader/Mixin) Mixing BlockEntityTypeMixin from fabric-object-builder-v1.mixins.json into net.minecraft.block.entity.BlockEntityType
[01:26:16] [main/DEBUG] (FabricLoader/Mixin) fabric-object-builder-v1.mixins.json:BlockEntityTypeMixin from mod fabric-object-builder-api-v1->@Inject::mutableBlocks(Lnet/minecraft/block/entity/BlockEntityType$BlockEntityFactory;Ljava/util/Set;Lorg/spongepowered/asm/mixin/injection/callback/CallbackInfo;)V doesn't use it's CallbackInfo
[01:26:16] [main/DEBUG] (FabricLoader/Mixin) fabric-object-builder-v1.mixins.json:BlockEntityTypeMixin from mod fabric-object-builder-api-v1->@Inject::mutableBlocks(Lnet/minecraft/block/entity/BlockEntityType$BlockEntityFactory;Ljava/util/Set;Lorg/spongepowered/asm/mixin/injection/callback/CallbackInfo;)V has 0 override(s) in child classes
[01:26:16] [main/DEBUG] (FabricLoader/Mixin) fabric-object-builder-v1.mixins.json:BlockEntityTypeMixin from mod fabric-object-builder-api-v1->@Inject::mutableBlocks(Lnet/minecraft/block/entity/BlockEntityType$BlockEntityFactory;Ljava/util/Set;Lorg/spongepowered/asm/mixin/injection/callback/CallbackInfo;)V won't be passed a CallbackInfo as a result
[01:26:16] [main/DEBUG] (FabricLoader/Mixin) Mixing alloc.enum_values.redstone_wire.RedStoneWireBlockMixin from lithium.mixins.json into net.minecraft.block.RedstoneWireBlock
[01:26:16] [main/DEBUG] (FabricLoader/Mixin) Mixing block.redstone_wire.RedStoneWireBlockMixin from lithium.mixins.json into net.minecraft.block.RedstoneWireBlock
[01:26:16] [main/DEBUG] (FabricLoader/Mixin) lithium.mixins.json:block.redstone_wire.RedStoneWireBlockMixin from mod lithium->@Inject::getBlockSignalFaster(Lnet/minecraft/world/World;Lnet/minecraft/util/math/BlockPos;Lorg/spongepowered/asm/mixin/injection/callback/CallbackInfoReturnable;)V does use it's CallbackInfoReturnable
[01:26:16] [main/DEBUG] (FabricLoader/Mixin) Mixing block.redstone_wire.RedstoneWireEvaluatorMixin from lithium.mixins.json into net.minecraft.world.RedstoneController
[01:26:16] [main/DEBUG] (FabricLoader/Mixin) lithium.mixins.json:block.redstone_wire.RedstoneWireEvaluatorMixin from mod lithium->@Inject::getIncomingWireSignalFaster(Lnet/minecraft/world/World;Lnet/minecraft/util/math/BlockPos;Lorg/spongepowered/asm/mixin/injection/callback/CallbackInfoReturnable;)V does use it's CallbackInfoReturnable
[01:26:16] [main/DEBUG] (FabricLoader/Mixin) Mixing block.redstone_wire.DefaultRedstoneWireEvaluatorMixin from lithium.mixins.json into net.minecraft.world.DefaultRedstoneController
[01:26:16] [main/DEBUG] (FabricLoader/Mixin) lithium.mixins.json:block.redstone_wire.DefaultRedstoneWireEvaluatorMixin from mod lithium->@Inject::calculateTargetStrengthFaster(Lnet/minecraft/world/World;Lnet/minecraft/util/math/BlockPos;Lorg/spongepowered/asm/mixin/injection/callback/CallbackInfoReturnable;)V does use it's CallbackInfoReturnable
[01:26:16] [main/DEBUG] (FabricLoader/Mixin) Mixing common.AbstractContainerMenuMixin from geckolib.mixins.json into net.minecraft.screen.ScreenHandler
[01:26:16] [main/DEBUG] (FabricLoader/Mixin) geckolib.mixins.json:common.AbstractContainerMenuMixin from mod geckolib: Class version 65 required is higher than the class version supported by the current version of Mixin (JAVA_17 supports class version 61)
[01:26:16] [main/DEBUG] (FabricLoader/Mixin) Mixing block.hopper.AbstractContainerMenuMixin from lithium.mixins.json into net.minecraft.screen.ScreenHandler
[01:26:16] [main/DEBUG] (FabricLoader/Mixin) lithium.mixins.json:block.hopper.AbstractContainerMenuMixin from mod lithium->@Inject::getFastOutputStrength(Lnet/minecraft/inventory/Inventory;Lorg/spongepowered/asm/mixin/injection/callback/CallbackInfoReturnable;)V does use it's CallbackInfoReturnable
[01:26:16] [main/DEBUG] (FabricLoader/Mixin) Mixing AbstractFurnaceBlockEntityMixin from fabric-item-api-v1.mixins.json into net.minecraft.block.entity.AbstractFurnaceBlockEntity
[01:26:16] [main/DEBUG] (FabricLoader/Mixin) Mixing AbstractFurnaceBlockEntityMixin from fabric-transfer-api-v1.mixins.json into net.minecraft.block.entity.AbstractFurnaceBlockEntity
[01:26:16] [main/DEBUG] (FabricLoader/Mixin) Mixing block.hopper.InventoryAccessors$AbstractFurnaceBlockEntityMixin from lithium.mixins.json into net.minecraft.block.entity.AbstractFurnaceBlockEntity
[01:26:16] [main/DEBUG] (FabricLoader/Mixin) Mixing util.inventory_change_listening.StackListReplacementTracking$AbstractFurnaceBlockEntityMixin from lithium.mixins.json into net.minecraft.block.entity.AbstractFurnaceBlockEntity
[01:26:16] [main/DEBUG] (FabricLoader/Mixin) Mixing world.block_entity_ticking.sleeping.furnace.AbstractFurnaceBlockEntityMixin from lithium.mixins.json into net.minecraft.block.entity.AbstractFurnaceBlockEntity
[01:26:16] [main/DEBUG] (FabricLoader/Mixin) fabric-item-api-v1.mixins.json:AbstractFurnaceBlockEntityMixin from mod fabric-item-api-v1->@Inject::getStackRemainder(Lnet/minecraft/server/world/ServerWorld;Lnet/minecraft/util/math/BlockPos;Lnet/minecraft/block/BlockState;Lnet/minecraft/block/entity/AbstractFurnaceBlockEntity;Lorg/spongepowered/asm/mixin/injection/callback/CallbackInfo;)V doesn't use it's CallbackInfo
[01:26:16] [main/DEBUG] (FabricLoader/Mixin) fabric-transfer-api-v1.mixins.json:AbstractFurnaceBlockEntityMixin from mod fabric-transfer-api-v1->@Inject::setStackSuppressUpdate(ILnet/minecraft/item/ItemStack;Lorg/spongepowered/asm/mixin/injection/callback/CallbackInfo;)V does use it's CallbackInfo
[01:26:16] [main/DEBUG] (FabricLoader/Mixin) lithium.mixins.json:world.block_entity_ticking.sleeping.furnace.AbstractFurnaceBlockEntityMixin from mod lithium->@Inject::checkSleep(Lnet/minecraft/server/world/ServerWorld;Lnet/minecraft/util/math/BlockPos;Lnet/minecraft/block/BlockState;Lnet/minecraft/block/entity/AbstractFurnaceBlockEntity;Lorg/spongepowered/asm/mixin/injection/callback/CallbackInfo;)V doesn't use it's CallbackInfo
[01:26:16] [main/DEBUG] (FabricLoader/Mixin) lithium.mixins.json:world.block_entity_ticking.sleeping.furnace.AbstractFurnaceBlockEntityMixin from mod lithium->@Inject::wakeUpAfterFromTag(Lorg/spongepowered/asm/mixin/injection/callback/CallbackInfo;)V doesn't use it's CallbackInfo
[01:26:16] [main/DEBUG] (FabricLoader/Mixin) lithium.mixins.json:world.block_entity_ticking.sleeping.furnace.AbstractFurnaceBlockEntityMixin from mod lithium->@Inject::wakeUpAfterFromTag(Lorg/spongepowered/asm/mixin/injection/callback/CallbackInfo;)V has 0 override(s) in child classes
[01:26:16] [main/DEBUG] (FabricLoader/Mixin) lithium.mixins.json:world.block_entity_ticking.sleeping.furnace.AbstractFurnaceBlockEntityMixin from mod lithium->@Inject::wakeUpAfterFromTag(Lorg/spongepowered/asm/mixin/injection/callback/CallbackInfo;)V won't be passed a CallbackInfo as a result
[01:26:16] [main/DEBUG] (FabricLoader/Mixin) Mixing WoodTypeMixin from fabric-object-builder-v1.client.mixins.json into net.minecraft.block.WoodType
[01:26:16] [main/DEBUG] (FabricLoader/Mixin) fabric-object-builder-v1.client.mixins.json:WoodTypeMixin from mod fabric-object-builder-api-v1->@Inject::onReturnRegister(Lnet/minecraft/block/WoodType;Lorg/spongepowered/asm/mixin/injection/callback/CallbackInfoReturnable;)V doesn't use it's CallbackInfoReturnable
[01:26:16] [main/DEBUG] (FabricLoader/Mixin) Mixing blocks.LadderBlock_cullAgainstMixin from moreculling.mixins.json into net.minecraft.block.LadderBlock
[01:26:16] [main/DEBUG] (FabricLoader/Mixin) Mixing math.fast_util.AABBMixin from lithium.mixins.json into net.minecraft.util.math.Box
[01:26:16] [main/DEBUG] (FabricLoader/Mixin) Mixing JukeboxBlockEntityMixin from fabric-transfer-api-v1.mixins.json into net.minecraft.block.entity.JukeboxBlockEntity
[01:26:16] [main/DEBUG] (FabricLoader/Mixin) fabric-transfer-api-v1.mixins.json:JukeboxBlockEntityMixin from mod fabric-transfer-api-v1->@Inject::setStackBypass(Lnet/minecraft/item/ItemStack;Lorg/spongepowered/asm/mixin/injection/callback/CallbackInfo;)V does use it's CallbackInfo
[01:26:16] [main/DEBUG] (FabricLoader/Mixin) Mixing util.inventory_comparator_tracking.DiodeBlockMixin from lithium.mixins.json into net.minecraft.block.AbstractRedstoneGateBlock
[01:26:16] [main/DEBUG] (FabricLoader/Mixin) lithium.mixins.json:util.inventory_comparator_tracking.DiodeBlockMixin from mod lithium->@Inject::notifyOnBlockAdded(Lnet/minecraft/block/BlockState;Lnet/minecraft/world/World;Lnet/minecraft/util/math/BlockPos;Lnet/minecraft/block/BlockState;ZLorg/spongepowered/asm/mixin/injection/callback/CallbackInfo;)V doesn't use it's CallbackInfo
[01:26:16] [main/DEBUG] (FabricLoader/Mixin) lithium.mixins.json:util.inventory_comparator_tracking.DiodeBlockMixin from mod lithium->@Inject::notifyOnBlockAdded(Lnet/minecraft/block/BlockState;Lnet/minecraft/world/World;Lnet/minecraft/util/math/BlockPos;Lnet/minecraft/block/BlockState;ZLorg/spongepowered/asm/mixin/injection/callback/CallbackInfo;)V has 0 override(s) in child classes
[01:26:16] [main/DEBUG] (FabricLoader/Mixin) lithium.mixins.json:util.inventory_comparator_tracking.DiodeBlockMixin from mod lithium->@Inject::notifyOnBlockAdded(Lnet/minecraft/block/BlockState;Lnet/minecraft/world/World;Lnet/minecraft/util/math/BlockPos;Lnet/minecraft/block/BlockState;ZLorg/spongepowered/asm/mixin/injection/callback/CallbackInfo;)V won't be passed a CallbackInfo as a result
[01:26:16] [main/DEBUG] (FabricLoader/Mixin) Mixing blocks.cullshape.BrewingStandBlock_voxelMixin from moreculling.mixins.json into net.minecraft.block.BrewingStandBlock
[01:26:16] [main/DEBUG] (FabricLoader/Mixin) Mixing BrewingStandBlockEntityMixin from fabric-item-api-v1.mixins.json into net.minecraft.block.entity.BrewingStandBlockEntity
[01:26:16] [main/DEBUG] (FabricLoader/Mixin) Mixing block.hopper.InventoryAccessors$BrewingStandBlockEntityMixin from lithium.mixins.json into net.minecraft.block.entity.BrewingStandBlockEntity
[01:26:16] [main/DEBUG] (FabricLoader/Mixin) Mixing util.inventory_change_listening.StackListReplacementTracking$BrewingStandBlockEntityMixin from lithium.mixins.json into net.minecraft.block.entity.BrewingStandBlockEntity
[01:26:16] [main/DEBUG] (FabricLoader/Mixin) Mixing world.block_entity_ticking.sleeping.brewing_stand.BrewingStandBlockEntityMixin from lithium.mixins.json into net.minecraft.block.entity.BrewingStandBlockEntity
[01:26:16] [main/DEBUG] (FabricLoader/Mixin) fabric-item-api-v1.mixins.json:BrewingStandBlockEntityMixin from mod fabric-item-api-v1->@Inject::captureItemStack(Lnet/minecraft/world/World;Lnet/minecraft/util/math/BlockPos;Lnet/minecraft/util/collection/DefaultedList;Lorg/spongepowered/asm/mixin/injection/callback/CallbackInfo;)V doesn't use it's CallbackInfo
[01:26:16] [main/DEBUG] (FabricLoader/Mixin) lithium.mixins.json:world.block_entity_ticking.sleeping.brewing_stand.BrewingStandBlockEntityMixin from mod lithium->@Inject::checkSleep(Lnet/minecraft/world/World;Lnet/minecraft/util/math/BlockPos;Lnet/minecraft/block/BlockState;Lnet/minecraft/block/entity/BrewingStandBlockEntity;Lorg/spongepowered/asm/mixin/injection/callback/CallbackInfo;)V doesn't use it's CallbackInfo
[01:26:16] [main/DEBUG] (FabricLoader/Mixin) lithium.mixins.json:world.block_entity_ticking.sleeping.brewing_stand.BrewingStandBlockEntityMixin from mod lithium->@Inject::wakeUpOnMarkDirty(Lnet/minecraft/world/World;Lnet/minecraft/util/math/BlockPos;Lnet/minecraft/block/BlockState;Lnet/minecraft/block/entity/BrewingStandBlockEntity;Lorg/spongepowered/asm/mixin/injection/callback/CallbackInfo;)V doesn't use it's CallbackInfo
[01:26:16] [main/DEBUG] (FabricLoader/Mixin) lithium.mixins.json:world.block_entity_ticking.sleeping.brewing_stand.BrewingStandBlockEntityMixin from mod lithium->@Inject::wakeUpOnMarkDirty(Lnet/minecraft/world/World;Lnet/minecraft/util/math/BlockPos;Lnet/minecraft/block/BlockState;Lnet/minecraft/block/entity/BrewingStandBlockEntity;Lorg/spongepowered/asm/mixin/injection/callback/CallbackInfo;)V doesn't use it's CallbackInfo
[01:26:16] [main/DEBUG] (FabricLoader/Mixin) lithium.mixins.json:world.block_entity_ticking.sleeping.brewing_stand.BrewingStandBlockEntityMixin from mod lithium->@Inject::wakeUpOnMarkDirty(Lnet/minecraft/world/World;Lnet/minecraft/util/math/BlockPos;Lnet/minecraft/block/BlockState;Lnet/minecraft/block/entity/BrewingStandBlockEntity;Lorg/spongepowered/asm/mixin/injection/callback/CallbackInfo;)V doesn't use it's CallbackInfo
[01:26:16] [main/DEBUG] (FabricLoader/Mixin) lithium.mixins.json:world.block_entity_ticking.sleeping.brewing_stand.BrewingStandBlockEntityMixin from mod lithium->@Inject::wakeUpAfterFromTag(Lorg/spongepowered/asm/mixin/injection/callback/CallbackInfo;)V doesn't use it's CallbackInfo
[01:26:16] [main/DEBUG] (FabricLoader/Mixin) lithium.mixins.json:world.block_entity_ticking.sleeping.brewing_stand.BrewingStandBlockEntityMixin from mod lithium->@Inject::wakeUpAfterFromTag(Lorg/spongepowered/asm/mixin/injection/callback/CallbackInfo;)V has 0 override(s) in child classes
[01:26:16] [main/DEBUG] (FabricLoader/Mixin) lithium.mixins.json:world.block_entity_ticking.sleeping.brewing_stand.BrewingStandBlockEntityMixin from mod lithium->@Inject::wakeUpAfterFromTag(Lorg/spongepowered/asm/mixin/injection/callback/CallbackInfo;)V won't be passed a CallbackInfo as a result
[01:26:16] [main/DEBUG] (FabricLoader/Mixin) Mixing ItemStackMixin from fabric-item-api-v1.mixins.json into net.minecraft.item.ItemStack
[01:26:16] [main/DEBUG] (FabricLoader/Mixin) Renaming synthetic method lambda$hookDamage$0(Lorg/apache/commons/lang3/mutable/MutableBoolean;Ljava/util/function/Consumer;)V to mdfa83b2$fabric-item-api-v1$lambda$hookDamage$0$0 in fabric-item-api-v1.mixins.json:ItemStackMixin from mod fabric-item-api-v1
[01:26:16] [main/DEBUG] (FabricLoader/Mixin) Mixing ItemStackMixin from fabric-item-api-v1.client.mixins.json into net.minecraft.item.ItemStack
[01:26:16] [main/DEBUG] (FabricLoader/Mixin) Mixing common.ItemStackMixin from geckolib.mixins.json into net.minecraft.item.ItemStack
[01:26:16] [main/DEBUG] (FabricLoader/Mixin) geckolib.mixins.json:common.ItemStackMixin from mod geckolib: Class version 65 required is higher than the class version supported by the current version of Mixin (JAVA_17 supports class version 61)
[01:26:16] [main/DEBUG] (FabricLoader/Mixin) Mixing util.accessors.ItemStackAccessor from lithium.mixins.json into net.minecraft.item.ItemStack
[01:26:16] [main/DEBUG] (FabricLoader/Mixin) Mixing util.item_component_and_count_tracking.ItemStackMixin from lithium.mixins.json into net.minecraft.item.ItemStack
[01:26:16] [main/DEBUG] (FabricLoader/Mixin) Mixing ItemStackMixin from fabric-events-interaction-v0.mixins.json into net.minecraft.item.ItemStack
[01:26:16] [main/DEBUG] (FabricLoader/Mixin) fabric-item-api-v1.mixins.json:ItemStackMixin from mod fabric-item-api-v1->@Inject::preAttributeModifiers(Lnet/minecraft/item/Item$TooltipContext;Lnet/minecraft/component/type/TooltipDisplayComponent;Lnet/minecraft/entity/player/PlayerEntity;Lnet/minecraft/item/tooltip/TooltipType;Ljava/util/function/Consumer;Lorg/spongepowered/asm/mixin/injection/callback/CallbackInfo;)V doesn't use it's CallbackInfo
[01:26:16] [main/DEBUG] (FabricLoader/Mixin) fabric-item-api-v1.mixins.json:ItemStackMixin from mod fabric-item-api-v1->@Inject::postTooltipsAdvanced(Lnet/minecraft/item/Item$TooltipContext;Lnet/minecraft/component/type/TooltipDisplayComponent;Lnet/minecraft/entity/player/PlayerEntity;Lnet/minecraft/item/tooltip/TooltipType;Ljava/util/function/Consumer;Lorg/spongepowered/asm/mixin/injection/callback/CallbackInfo;)V doesn't use it's CallbackInfo
[01:26:16] [main/DEBUG] (FabricLoader/Mixin) fabric-item-api-v1.client.mixins.json:ItemStackMixin from mod fabric-item-api-v1->@Inject::getTooltip(Lnet/minecraft/item/Item$TooltipContext;Lnet/minecraft/entity/player/PlayerEntity;Lnet/minecraft/item/tooltip/TooltipType;Lorg/spongepowered/asm/mixin/injection/callback/CallbackInfoReturnable;)V does use it's CallbackInfoReturnable
[01:26:16] [main/DEBUG] (FabricLoader/Mixin) lithium.mixins.json:util.item_component_and_count_tracking.ItemStackMixin from mod lithium->@Inject::beforeChangeCount(ILorg/spongepowered/asm/mixin/injection/callback/CallbackInfo;)V doesn't use it's CallbackInfo
[01:26:16] [main/DEBUG] (FabricLoader/Mixin) lithium.mixins.json:util.item_component_and_count_tracking.ItemStackMixin from mod lithium->@Inject::onSetComponent(Lnet/minecraft/component/ComponentType;Ljava/lang/Object;Lorg/spongepowered/asm/mixin/injection/callback/CallbackInfoReturnable;)V doesn't use it's CallbackInfoReturnable
[01:26:16] [main/DEBUG] (FabricLoader/Mixin) Mixing world.chunk_ticking.spread_ice.BiomeMixin from lithium.mixins.json into net.minecraft.world.biome.Biome
[01:26:16] [main/DEBUG] (FabricLoader/Mixin) Mixing world.temperature_cache.BiomeMixin from lithium.mixins.json into net.minecraft.world.biome.Biome
[01:26:16] [main/DEBUG] (FabricLoader/Mixin) Mixing world.block_entity_ticking.sleeping.chest_animation.EnderChestBlockEntityMixin from lithium.mixins.json into net.minecraft.block.entity.EnderChestBlockEntity
[01:26:16] [main/DEBUG] (FabricLoader/Mixin) lithium.mixins.json:world.block_entity_ticking.sleeping.chest_animation.EnderChestBlockEntityMixin from mod lithium->@Inject::wakeUpOnSyncedBlockEvent(IILorg/spongepowered/asm/mixin/injection/callback/CallbackInfoReturnable;)V doesn't use it's CallbackInfoReturnable
[01:26:16] [main/DEBUG] (FabricLoader/Mixin) lithium.mixins.json:world.block_entity_ticking.sleeping.chest_animation.EnderChestBlockEntityMixin from mod lithium->@Inject::wakeUpOnSyncedBlockEvent(IILorg/spongepowered/asm/mixin/injection/callback/CallbackInfoReturnable;)V has 0 override(s) in child classes
[01:26:16] [main/DEBUG] (FabricLoader/Mixin) lithium.mixins.json:world.block_entity_ticking.sleeping.chest_animation.EnderChestBlockEntityMixin from mod lithium->@Inject::wakeUpOnSyncedBlockEvent(IILorg/spongepowered/asm/mixin/injection/callback/CallbackInfoReturnable;)V won't be passed a CallbackInfoReturnable as a result
[01:26:16] [main/DEBUG] (FabricLoader/Mixin) lithium.mixins.json:world.block_entity_ticking.sleeping.chest_animation.EnderChestBlockEntityMixin from mod lithium->@Inject::sleepOnAnimationEnd(Lnet/minecraft/world/World;Lnet/minecraft/util/math/BlockPos;Lnet/minecraft/block/BlockState;Lnet/minecraft/block/entity/EnderChestBlockEntity;Lorg/spongepowered/asm/mixin/injection/callback/CallbackInfo;)V doesn't use it's CallbackInfo
[01:26:16] [main/DEBUG] (FabricLoader/Mixin) Mixing AnvilMenuMixin from fabric-item-api-v1.mixins.json into net.minecraft.screen.AnvilScreenHandler
[01:26:16] [main/DEBUG] (FabricLoader/Mixin) Mixing block.hopper.HopperBlockMixin from lithium.mixins.json into net.minecraft.block.HopperBlock
[01:26:16] [main/DEBUG] (FabricLoader/Mixin) lithium.mixins.json:block.hopper.HopperBlockMixin from mod lithium->@Inject::updateBlockEntity(Lnet/minecraft/block/BlockState;Lnet/minecraft/world/World;Lnet/minecraft/util/math/BlockPos;Lnet/minecraft/block/Block;Lnet/minecraft/world/block/WireOrientation;ZLorg/spongepowered/asm/mixin/injection/callback/CallbackInfo;)V doesn't use it's CallbackInfo
[01:26:16] [main/DEBUG] (FabricLoader/Mixin) lithium.mixins.json:block.hopper.HopperBlockMixin from mod lithium->@Inject::updateBlockEntity(Lnet/minecraft/block/BlockState;Lnet/minecraft/world/World;Lnet/minecraft/util/math/BlockPos;Lnet/minecraft/block/Block;Lnet/minecraft/world/block/WireOrientation;ZLorg/spongepowered/asm/mixin/injection/callback/CallbackInfo;)V has 0 override(s) in child classes
[01:26:16] [main/DEBUG] (FabricLoader/Mixin) lithium.mixins.json:block.hopper.HopperBlockMixin from mod lithium->@Inject::updateBlockEntity(Lnet/minecraft/block/BlockState;Lnet/minecraft/world/World;Lnet/minecraft/util/math/BlockPos;Lnet/minecraft/block/Block;Lnet/minecraft/world/block/WireOrientation;ZLorg/spongepowered/asm/mixin/injection/callback/CallbackInfo;)V won't be passed a CallbackInfo as a result
[01:26:16] [main/DEBUG] (FabricLoader/Mixin) lithium.mixins.json:block.hopper.HopperBlockMixin from mod lithium->@Inject::workAroundVanillaUpdateSuppression(Lnet/minecraft/block/BlockState;Lnet/minecraft/world/World;Lnet/minecraft/util/math/BlockPos;Lnet/minecraft/block/BlockState;ZLorg/spongepowered/asm/mixin/injection/callback/CallbackInfo;)V doesn't use it's CallbackInfo
[01:26:16] [main/DEBUG] (FabricLoader/Mixin) lithium.mixins.json:block.hopper.HopperBlockMixin from mod lithium->@Inject::workAroundVanillaUpdateSuppression(Lnet/minecraft/block/BlockState;Lnet/minecraft/world/World;Lnet/minecraft/util/math/BlockPos;Lnet/minecraft/block/BlockState;ZLorg/spongepowered/asm/mixin/injection/callback/CallbackInfo;)V has 0 override(s) in child classes
[01:26:16] [main/DEBUG] (FabricLoader/Mixin) lithium.mixins.json:block.hopper.HopperBlockMixin from mod lithium->@Inject::workAroundVanillaUpdateSuppression(Lnet/minecraft/block/BlockState;Lnet/minecraft/world/World;Lnet/minecraft/util/math/BlockPos;Lnet/minecraft/block/BlockState;ZLorg/spongepowered/asm/mixin/injection/callback/CallbackInfo;)V won't be passed a CallbackInfo as a result
[01:26:16] [main/DEBUG] (FabricLoader/Mixin) Mixing block.hopper.HopperBlockEntityMixin from lithium.mixins.json into net.minecraft.block.entity.HopperBlockEntity
[01:26:16] [main/DEBUG] (FabricLoader/Mixin) Mixing HopperBlockEntityMixin from fabric-transfer-api-v1.mixins.json into net.minecraft.block.entity.HopperBlockEntity
[01:26:16] [main/DEBUG] (FabricLoader/Mixin) Renaming synthetic method lambda$hookExtract$1(Lnet/fabricmc/fabric/api/transfer/v1/item/ItemVariant;)Z to mdfa83b2$fabric-transfer-api-v1$lambda$hookExtract$1$0 in fabric-transfer-api-v1.mixins.json:HopperBlockEntityMixin from mod fabric-transfer-api-v1
[01:26:16] [main/DEBUG] (FabricLoader/Mixin) Renaming synthetic method lambda$hookInsert$0(Lnet/fabricmc/fabric/api/transfer/v1/item/ItemVariant;)Z to mdfa83b2$fabric-transfer-api-v1$lambda$hookInsert$0$1 in fabric-transfer-api-v1.mixins.json:HopperBlockEntityMixin from mod fabric-transfer-api-v1
[01:26:16] [main/DEBUG] (FabricLoader/Mixin) Mixing block.hopper.InventoryAccessors$HopperBlockEntityMixin from lithium.mixins.json into net.minecraft.block.entity.HopperBlockEntity
[01:26:16] [main/DEBUG] (FabricLoader/Mixin) Mixing util.inventory_change_listening.StackListReplacementTracking$HopperBlockEntityMixin from lithium.mixins.json into net.minecraft.block.entity.HopperBlockEntity
[01:26:16] [main/DEBUG] (FabricLoader/Mixin) Mixing world.block_entity_ticking.sleeping.hopper.HopperBlockEntityMixin from lithium.mixins.json into net.minecraft.block.entity.HopperBlockEntity
[01:26:16] [main/DEBUG] (FabricLoader/Mixin) lithium.mixins.json:block.hopper.HopperBlockEntityMixin from mod lithium->@Inject::lithiumInsert(Lnet/minecraft/world/World;Lnet/minecraft/util/math/BlockPos;Lnet/minecraft/block/entity/HopperBlockEntity;Lorg/spongepowered/asm/mixin/injection/callback/CallbackInfoReturnable;)V does use it's CallbackInfoReturnable
[01:26:16] [main/DEBUG] (FabricLoader/Mixin) lithium.mixins.json:block.hopper.HopperBlockEntityMixin from mod lithium->@Inject::lithiumExtract(Lnet/minecraft/world/World;Lnet/minecraft/block/entity/Hopper;Lorg/spongepowered/asm/mixin/injection/callback/CallbackInfoReturnable;)V does use it's CallbackInfoReturnable
[01:26:16] [main/DEBUG] (FabricLoader/Mixin) lithium.mixins.json:block.hopper.HopperBlockEntityMixin from mod lithium->@Inject::invalidateOnSetCachedState(Lnet/minecraft/block/BlockState;Lorg/spongepowered/asm/mixin/injection/callback/CallbackInfo;)V doesn't use it's CallbackInfo
[01:26:16] [main/DEBUG] (FabricLoader/Mixin) lithium.mixins.json:block.hopper.HopperBlockEntityMixin from mod lithium->@Inject::invalidateOnSetCachedState(Lnet/minecraft/block/BlockState;Lorg/spongepowered/asm/mixin/injection/callback/CallbackInfo;)V has 0 override(s) in child classes
[01:26:16] [main/DEBUG] (FabricLoader/Mixin) lithium.mixins.json:block.hopper.HopperBlockEntityMixin from mod lithium->@Inject::invalidateOnSetCachedState(Lnet/minecraft/block/BlockState;Lorg/spongepowered/asm/mixin/injection/callback/CallbackInfo;)V won't be passed a CallbackInfo as a result
[01:26:16] [main/DEBUG] (FabricLoader/Mixin) lithium.mixins.json:block.hopper.HopperBlockEntityMixin from mod lithium->@Inject::checkSleepingConditions(Lnet/minecraft/world/World;Lnet/minecraft/util/math/BlockPos;Lnet/minecraft/block/BlockState;Lnet/minecraft/block/entity/HopperBlockEntity;Lorg/spongepowered/asm/mixin/injection/callback/CallbackInfo;)V doesn't use it's CallbackInfo
[01:26:16] [main/DEBUG] (FabricLoader/Mixin) fabric-transfer-api-v1.mixins.json:HopperBlockEntityMixin from mod fabric-transfer-api-v1->@Inject::hookInsert(Lnet/minecraft/world/World;Lnet/minecraft/util/math/BlockPos;Lnet/minecraft/block/entity/HopperBlockEntity;Lorg/spongepowered/asm/mixin/injection/callback/CallbackInfoReturnable;)V does use it's CallbackInfoReturnable
[01:26:16] [main/DEBUG] (FabricLoader/Mixin) fabric-transfer-api-v1.mixins.json:HopperBlockEntityMixin from mod fabric-transfer-api-v1->@Inject::hookExtract(Lnet/minecraft/world/World;Lnet/minecraft/block/entity/Hopper;Lorg/spongepowered/asm/mixin/injection/callback/CallbackInfoReturnable;)V does use it's CallbackInfoReturnable
[01:26:16] [main/DEBUG] (FabricLoader/Mixin) lithium.mixins.json:util.inventory_change_listening.StackListReplacementTracking$HopperBlockEntityMixin from mod lithium->@Inject::setInventoryStackListReplacement(Lnet/minecraft/util/collection/DefaultedList;Lorg/spongepowered/asm/mixin/injection/callback/CallbackInfo;)V doesn't use it's CallbackInfo
[01:26:16] [main/DEBUG] (FabricLoader/Mixin) lithium.mixins.json:util.inventory_change_listening.StackListReplacementTracking$HopperBlockEntityMixin from mod lithium->@Inject::setInventoryStackListReplacement(Lnet/minecraft/util/collection/DefaultedList;Lorg/spongepowered/asm/mixin/injection/callback/CallbackInfo;)V has 0 override(s) in child classes
[01:26:16] [main/DEBUG] (FabricLoader/Mixin) lithium.mixins.json:util.inventory_change_listening.StackListReplacementTracking$HopperBlockEntityMixin from mod lithium->@Inject::setInventoryStackListReplacement(Lnet/minecraft/util/collection/DefaultedList;Lorg/spongepowered/asm/mixin/injection/callback/CallbackInfo;)V won't be passed a CallbackInfo as a result
[01:26:16] [main/DEBUG] (FabricLoader/Mixin) lithium.mixins.json:world.block_entity_ticking.sleeping.hopper.HopperBlockEntityMixin from mod lithium->@Inject::sleepIfNoCooldownAndLocked(Lnet/minecraft/world/World;Lnet/minecraft/util/math/BlockPos;Lnet/minecraft/block/BlockState;Lnet/minecraft/block/entity/HopperBlockEntity;Ljava/util/function/BooleanSupplier;Lorg/spongepowered/asm/mixin/injection/callback/CallbackInfoReturnable;)V doesn't use it's CallbackInfoReturnable
[01:26:16] [main/DEBUG] (FabricLoader/Mixin) lithium.mixins.json:world.block_entity_ticking.sleeping.hopper.HopperBlockEntityMixin from mod lithium->@Inject::wakeUpOnCooldownSet(ILorg/spongepowered/asm/mixin/injection/callback/CallbackInfo;)V doesn't use it's CallbackInfo
[01:26:16] [main/DEBUG] (FabricLoader/Mixin) lithium.mixins.json:world.block_entity_ticking.sleeping.hopper.HopperBlockEntityMixin from mod lithium->@Inject::wakeUpOnCooldownSet(ILorg/spongepowered/asm/mixin/injection/callback/CallbackInfo;)V has 0 override(s) in child classes
[01:26:16] [main/DEBUG] (FabricLoader/Mixin) lithium.mixins.json:world.block_entity_ticking.sleeping.hopper.HopperBlockEntityMixin from mod lithium->@Inject::wakeUpOnCooldownSet(ILorg/spongepowered/asm/mixin/injection/callback/CallbackInfo;)V won't be passed a CallbackInfo as a result
[01:26:16] [main/DEBUG] (FabricLoader/Mixin) Mixing DropperBlockMixin from fabric-transfer-api-v1.mixins.json into net.minecraft.block.DropperBlock
[01:26:16] [main/DEBUG] (FabricLoader/Mixin) Renaming synthetic method lambda$hookDispense$0(Lnet/fabricmc/fabric/api/transfer/v1/item/ItemVariant;)Z to mdfa83b2$fabric-transfer-api-v1$lambda$hookDispense$0$0 in fabric-transfer-api-v1.mixins.json:DropperBlockMixin from mod fabric-transfer-api-v1
[01:26:16] [main/DEBUG] (FabricLoader/Mixin) fabric-transfer-api-v1.mixins.json:DropperBlockMixin from mod fabric-transfer-api-v1->@Inject::hookDispense(Lnet/minecraft/server/world/ServerWorld;Lnet/minecraft/block/BlockState;Lnet/minecraft/util/math/BlockPos;Lorg/spongepowered/asm/mixin/injection/callback/CallbackInfo;)V does use it's CallbackInfo
[01:26:16] [main/DEBUG] (FabricLoader/Mixin) Mixing BannerBlockEntityMixin from fabric-data-attachment-api-v1.mixins.json into net.minecraft.block.entity.BannerBlockEntity
[01:26:16] [main/DEBUG] (FabricLoader/Mixin) Mixing blocks.cullshape.EndRodBlock_voxelMixin from moreculling.mixins.json into net.minecraft.block.EndRodBlock
[01:26:16] [main/DEBUG] (FabricLoader/Mixin) Renaming synthetic method lambda$static$0([Lnet/minecraft/util/shape/VoxelShape;)V to mdfa83b2$moreculling$lambda$static$0$0 in moreculling.mixins.json:blocks.cullshape.EndRodBlock_voxelMixin from mod moreculling
[01:26:16] [main/DEBUG] (FabricLoader/Mixin) Mixing blocks.EndGatewayBlock_cullMixin from moreculling.mixins.json into net.minecraft.block.EndGatewayBlock
[01:26:16] [main/DEBUG] (FabricLoader/Mixin) Mixing block.hopper.InventoryAccessors$ShulkerBoxBlockEntityMixin from lithium.mixins.json into net.minecraft.block.entity.ShulkerBoxBlockEntity
[01:26:16] [main/DEBUG] (FabricLoader/Mixin) Mixing util.inventory_change_listening.StackListReplacementTracking$ShulkerBoxBlockEntityMixin from lithium.mixins.json into net.minecraft.block.entity.ShulkerBoxBlockEntity
[01:26:16] [main/DEBUG] (FabricLoader/Mixin) Mixing world.block_entity_ticking.sleeping.shulker_box.ShulkerBoxBlockEntityMixin from lithium.mixins.json into net.minecraft.block.entity.ShulkerBoxBlockEntity
[01:26:16] [main/DEBUG] (FabricLoader/Mixin) lithium.mixins.json:util.inventory_change_listening.StackListReplacementTracking$ShulkerBoxBlockEntityMixin from mod lithium->@Inject::setInventoryStackListReplacement(Lnet/minecraft/util/collection/DefaultedList;Lorg/spongepowered/asm/mixin/injection/callback/CallbackInfo;)V doesn't use it's CallbackInfo
[01:26:16] [main/DEBUG] (FabricLoader/Mixin) lithium.mixins.json:util.inventory_change_listening.StackListReplacementTracking$ShulkerBoxBlockEntityMixin from mod lithium->@Inject::setInventoryStackListReplacement(Lnet/minecraft/util/collection/DefaultedList;Lorg/spongepowered/asm/mixin/injection/callback/CallbackInfo;)V has 0 override(s) in child classes
[01:26:16] [main/DEBUG] (FabricLoader/Mixin) lithium.mixins.json:util.inventory_change_listening.StackListReplacementTracking$ShulkerBoxBlockEntityMixin from mod lithium->@Inject::setInventoryStackListReplacement(Lnet/minecraft/util/collection/DefaultedList;Lorg/spongepowered/asm/mixin/injection/callback/CallbackInfo;)V won't be passed a CallbackInfo as a result
[01:26:16] [main/DEBUG] (FabricLoader/Mixin) lithium.mixins.json:world.block_entity_ticking.sleeping.shulker_box.ShulkerBoxBlockEntityMixin from mod lithium->@Inject::wakeUpOnSyncedBlockEvent(IILorg/spongepowered/asm/mixin/injection/callback/CallbackInfoReturnable;)V doesn't use it's CallbackInfoReturnable
[01:26:16] [main/DEBUG] (FabricLoader/Mixin) lithium.mixins.json:world.block_entity_ticking.sleeping.shulker_box.ShulkerBoxBlockEntityMixin from mod lithium->@Inject::wakeUpOnSyncedBlockEvent(IILorg/spongepowered/asm/mixin/injection/callback/CallbackInfoReturnable;)V has 0 override(s) in child classes
[01:26:16] [main/DEBUG] (FabricLoader/Mixin) lithium.mixins.json:world.block_entity_ticking.sleeping.shulker_box.ShulkerBoxBlockEntityMixin from mod lithium->@Inject::wakeUpOnSyncedBlockEvent(IILorg/spongepowered/asm/mixin/injection/callback/CallbackInfoReturnable;)V won't be passed a CallbackInfoReturnable as a result
[01:26:16] [main/DEBUG] (FabricLoader/Mixin) lithium.mixins.json:world.block_entity_ticking.sleeping.shulker_box.ShulkerBoxBlockEntityMixin from mod lithium->@Inject::sleepOnAnimationEnd(Lnet/minecraft/world/World;Lnet/minecraft/util/math/BlockPos;Lnet/minecraft/block/BlockState;Lorg/spongepowered/asm/mixin/injection/callback/CallbackInfo;)V doesn't use it's CallbackInfo
[01:26:16] [main/DEBUG] (FabricLoader/Mixin) lithium.mixins.json:world.block_entity_ticking.sleeping.shulker_box.ShulkerBoxBlockEntityMixin from mod lithium->@Inject::sleepOnAnimationEnd(Lnet/minecraft/world/World;Lnet/minecraft/util/math/BlockPos;Lnet/minecraft/block/BlockState;Lorg/spongepowered/asm/mixin/injection/callback/CallbackInfo;)V has 0 override(s) in child classes
[01:26:16] [main/DEBUG] (FabricLoader/Mixin) lithium.mixins.json:world.block_entity_ticking.sleeping.shulker_box.ShulkerBoxBlockEntityMixin from mod lithium->@Inject::sleepOnAnimationEnd(Lnet/minecraft/world/World;Lnet/minecraft/util/math/BlockPos;Lnet/minecraft/block/BlockState;Lorg/spongepowered/asm/mixin/injection/callback/CallbackInfo;)V won't be passed a CallbackInfo as a result
[01:26:16] [main/DEBUG] (FabricLoader/Mixin) Mixing ai.useless_sensors.parent_animal_sensor.AgeableMobMixin from lithium.mixins.json into net.minecraft.entity.passive.PassiveEntity
[01:26:16] [main/DEBUG] (FabricLoader/Mixin) lithium.mixins.json:ai.useless_sensors.parent_animal_sensor.AgeableMobMixin from mod lithium->@Inject::handleParentSensor(Lnet/minecraft/entity/data/TrackedData;Lorg/spongepowered/asm/mixin/injection/callback/CallbackInfo;)V doesn't use it's CallbackInfo
[01:26:16] [main/DEBUG] (FabricLoader/Mixin) lithium.mixins.json:ai.useless_sensors.parent_animal_sensor.AgeableMobMixin from mod lithium->@Inject::handleParentSensor(Lnet/minecraft/entity/data/TrackedData;Lorg/spongepowered/asm/mixin/injection/callback/CallbackInfo;)V has 0 override(s) in child classes
[01:26:16] [main/DEBUG] (FabricLoader/Mixin) lithium.mixins.json:ai.useless_sensors.parent_animal_sensor.AgeableMobMixin from mod lithium->@Inject::handleParentSensor(Lnet/minecraft/entity/data/TrackedData;Lorg/spongepowered/asm/mixin/injection/callback/CallbackInfo;)V won't be passed a CallbackInfo as a result
[01:26:16] [main/DEBUG] (FabricLoader/Mixin) Mixing entity.inactive_navigations.HappyGhastMixin from lithium.mixins.json into net.minecraft.entity.passive.HappyGhastEntity
[01:26:16] [main/DEBUG] (FabricLoader/Mixin) lithium.mixins.json:entity.inactive_navigations.HappyGhastMixin from mod lithium->@Inject::updateRegisteredNavigation(Lorg/spongepowered/asm/mixin/injection/callback/CallbackInfo;)V doesn't use it's CallbackInfo
[01:26:16] [main/DEBUG] (FabricLoader/Mixin) lithium.mixins.json:entity.inactive_navigations.HappyGhastMixin from mod lithium->@Inject::updateRegisteredNavigation(Lorg/spongepowered/asm/mixin/injection/callback/CallbackInfo;)V has 0 override(s) in child classes
[01:26:16] [main/DEBUG] (FabricLoader/Mixin) lithium.mixins.json:entity.inactive_navigations.HappyGhastMixin from mod lithium->@Inject::updateRegisteredNavigation(Lorg/spongepowered/asm/mixin/injection/callback/CallbackInfo;)V won't be passed a CallbackInfo as a result
[01:26:16] [main/DEBUG] (FabricLoader/Mixin) lithium.mixins.json:entity.inactive_navigations.HappyGhastMixin from mod lithium->@Inject::updateRegisteredNavigation1(Lorg/spongepowered/asm/mixin/injection/callback/CallbackInfo;)V doesn't use it's CallbackInfo
[01:26:16] [main/DEBUG] (FabricLoader/Mixin) lithium.mixins.json:entity.inactive_navigations.HappyGhastMixin from mod lithium->@Inject::updateRegisteredNavigation1(Lorg/spongepowered/asm/mixin/injection/callback/CallbackInfo;)V has 0 override(s) in child classes
[01:26:16] [main/DEBUG] (FabricLoader/Mixin) lithium.mixins.json:entity.inactive_navigations.HappyGhastMixin from mod lithium->@Inject::updateRegisteredNavigation1(Lorg/spongepowered/asm/mixin/injection/callback/CallbackInfo;)V won't be passed a CallbackInfo as a result
[01:26:16] [main/DEBUG] (FabricLoader/Mixin) Mixing block.hopper.InventoryAccessors$BarrelBlockEntityMixin from lithium.mixins.json into net.minecraft.block.entity.BarrelBlockEntity
[01:26:16] [main/DEBUG] (FabricLoader/Mixin) Mixing util.inventory_change_listening.StackListReplacementTracking$BarrelBlockEntityMixin from lithium.mixins.json into net.minecraft.block.entity.BarrelBlockEntity
[01:26:16] [main/DEBUG] (FabricLoader/Mixin) lithium.mixins.json:util.inventory_change_listening.StackListReplacementTracking$BarrelBlockEntityMixin from mod lithium->@Inject::setInventoryStackListReplacement(Lnet/minecraft/util/collection/DefaultedList;Lorg/spongepowered/asm/mixin/injection/callback/CallbackInfo;)V doesn't use it's CallbackInfo
[01:26:16] [main/DEBUG] (FabricLoader/Mixin) lithium.mixins.json:util.inventory_change_listening.StackListReplacementTracking$BarrelBlockEntityMixin from mod lithium->@Inject::setInventoryStackListReplacement(Lnet/minecraft/util/collection/DefaultedList;Lorg/spongepowered/asm/mixin/injection/callback/CallbackInfo;)V has 0 override(s) in child classes
[01:26:16] [main/DEBUG] (FabricLoader/Mixin) lithium.mixins.json:util.inventory_change_listening.StackListReplacementTracking$BarrelBlockEntityMixin from mod lithium->@Inject::setInventoryStackListReplacement(Lnet/minecraft/util/collection/DefaultedList;Lorg/spongepowered/asm/mixin/injection/callback/CallbackInfo;)V won't be passed a CallbackInfo as a result
[01:26:16] [main/DEBUG] (FabricLoader/Mixin) Mixing world.block_entity_ticking.sleeping.campfire.CampfireBlockEntityMixin from lithium.mixins.json into net.minecraft.block.entity.CampfireBlockEntity
[01:26:16] [main/DEBUG] (FabricLoader/Mixin) Mixing world.block_entity_ticking.sleeping.campfire.lit.CampfireBlockEntityMixin from lithium.mixins.json into net.minecraft.block.entity.CampfireBlockEntity
[01:26:16] [main/DEBUG] (FabricLoader/Mixin) Mixing world.block_entity_ticking.sleeping.campfire.unlit.CampfireBlockEntityMixin from lithium.mixins.json into net.minecraft.block.entity.CampfireBlockEntity
[01:26:16] [main/DEBUG] (FabricLoader/Mixin) lithium.mixins.json:world.block_entity_ticking.sleeping.campfire.CampfireBlockEntityMixin from mod lithium->@Inject::wakeUpOnAddItem(Lnet/minecraft/server/world/ServerWorld;Lnet/minecraft/entity/LivingEntity;Lnet/minecraft/item/ItemStack;Lorg/spongepowered/asm/mixin/injection/callback/CallbackInfoReturnable;)V doesn't use it's CallbackInfoReturnable
[01:26:16] [main/DEBUG] (FabricLoader/Mixin) lithium.mixins.json:world.block_entity_ticking.sleeping.campfire.CampfireBlockEntityMixin from mod lithium->@Inject::wakeUpOnAddItem(Lnet/minecraft/server/world/ServerWorld;Lnet/minecraft/entity/LivingEntity;Lnet/minecraft/item/ItemStack;Lorg/spongepowered/asm/mixin/injection/callback/CallbackInfoReturnable;)V has 0 override(s) in child classes
[01:26:16] [main/DEBUG] (FabricLoader/Mixin) lithium.mixins.json:world.block_entity_ticking.sleeping.campfire.CampfireBlockEntityMixin from mod lithium->@Inject::wakeUpOnAddItem(Lnet/minecraft/server/world/ServerWorld;Lnet/minecraft/entity/LivingEntity;Lnet/minecraft/item/ItemStack;Lorg/spongepowered/asm/mixin/injection/callback/CallbackInfoReturnable;)V won't be passed a CallbackInfoReturnable as a result
[01:26:16] [main/DEBUG] (FabricLoader/Mixin) lithium.mixins.json:world.block_entity_ticking.sleeping.campfire.CampfireBlockEntityMixin from mod lithium->@Inject::wakeUpOnReadNbt(Lnet/minecraft/storage/ReadView;Lorg/spongepowered/asm/mixin/injection/callback/CallbackInfo;)V doesn't use it's CallbackInfo
[01:26:16] [main/DEBUG] (FabricLoader/Mixin) lithium.mixins.json:world.block_entity_ticking.sleeping.campfire.CampfireBlockEntityMixin from mod lithium->@Inject::wakeUpOnReadNbt(Lnet/minecraft/storage/ReadView;Lorg/spongepowered/asm/mixin/injection/callback/CallbackInfo;)V has 0 override(s) in child classes
[01:26:16] [main/DEBUG] (FabricLoader/Mixin) lithium.mixins.json:world.block_entity_ticking.sleeping.campfire.CampfireBlockEntityMixin from mod lithium->@Inject::wakeUpOnReadNbt(Lnet/minecraft/storage/ReadView;Lorg/spongepowered/asm/mixin/injection/callback/CallbackInfo;)V won't be passed a CallbackInfo as a result
[01:26:16] [main/DEBUG] (FabricLoader/Mixin) lithium.mixins.json:world.block_entity_ticking.sleeping.campfire.lit.CampfireBlockEntityMixin from mod lithium->@Inject::trySleepLit(Lorg/spongepowered/asm/mixin/injection/callback/CallbackInfo;)V doesn't use it's CallbackInfo
[01:26:16] [main/DEBUG] (FabricLoader/Mixin) lithium.mixins.json:world.block_entity_ticking.sleeping.campfire.unlit.CampfireBlockEntityMixin from mod lithium->@Inject::trySleepUnlit(Lnet/minecraft/world/World;Lnet/minecraft/util/math/BlockPos;Lnet/minecraft/block/BlockState;Lnet/minecraft/block/entity/CampfireBlockEntity;Lorg/spongepowered/asm/mixin/injection/callback/CallbackInfo;Z)V doesn't use it's CallbackInfo
[01:26:16] [main/DEBUG] (FabricLoader/Mixin) Mixing blocks.PowderSnowBlock_cullMixin from moreculling.mixins.json into net.minecraft.block.PowderSnowBlock
[01:26:16] [main/DEBUG] (FabricLoader/Mixin) Mixing world.block_entity_ticking.sleeping.sculk_sensor_shrieker.SculkSensorBlockMixin from lithium.mixins.json into net.minecraft.block.SculkSensorBlock
[01:26:16] [main/DEBUG] (FabricLoader/Mixin) lithium.mixins.json:world.block_entity_ticking.sleeping.sculk_sensor_shrieker.SculkSensorBlockMixin from mod lithium->@Inject::checkSleep(Lnet/minecraft/world/World;Lnet/minecraft/util/math/BlockPos;Lnet/minecraft/block/BlockState;Lnet/minecraft/block/entity/SculkSensorBlockEntity;Lorg/spongepowered/asm/mixin/injection/callback/CallbackInfo;)V doesn't use it's CallbackInfo
[01:26:16] [main/DEBUG] (FabricLoader/Mixin) Mixing world.block_entity_ticking.sleeping.sculk_sensor_shrieker.SculkSensorBlockEntityMixin from lithium.mixins.json into net.minecraft.block.entity.SculkSensorBlockEntity
[01:26:16] [main/DEBUG] (FabricLoader/Mixin) lithium.mixins.json:world.block_entity_ticking.sleeping.sculk_sensor_shrieker.SculkSensorBlockEntityMixin from mod lithium->@Inject::setVibrationListenerListener(Lnet/minecraft/block/entity/BlockEntityType;Lnet/minecraft/util/math/BlockPos;Lnet/minecraft/block/BlockState;Lorg/spongepowered/asm/mixin/injection/callback/CallbackInfo;)V doesn't use it's CallbackInfo
[01:26:16] [main/DEBUG] (FabricLoader/Mixin) lithium.mixins.json:world.block_entity_ticking.sleeping.sculk_sensor_shrieker.SculkSensorBlockEntityMixin from mod lithium->@Inject::setVibrationListenerListener(Lnet/minecraft/block/entity/BlockEntityType;Lnet/minecraft/util/math/BlockPos;Lnet/minecraft/block/BlockState;Lorg/spongepowered/asm/mixin/injection/callback/CallbackInfo;)V has 0 override(s) in child classes
[01:26:16] [main/DEBUG] (FabricLoader/Mixin) lithium.mixins.json:world.block_entity_ticking.sleeping.sculk_sensor_shrieker.SculkSensorBlockEntityMixin from mod lithium->@Inject::setVibrationListenerListener(Lnet/minecraft/block/entity/BlockEntityType;Lnet/minecraft/util/math/BlockPos;Lnet/minecraft/block/BlockState;Lorg/spongepowered/asm/mixin/injection/callback/CallbackInfo;)V won't be passed a CallbackInfo as a result
[01:26:16] [main/DEBUG] (FabricLoader/Mixin) lithium.mixins.json:world.block_entity_ticking.sleeping.sculk_sensor_shrieker.SculkSensorBlockEntityMixin from mod lithium->@Inject::wakeupIfLoadedWithData(Lnet/minecraft/storage/ReadView;Lorg/spongepowered/asm/mixin/injection/callback/CallbackInfo;)V doesn't use it's CallbackInfo
[01:26:16] [main/DEBUG] (FabricLoader/Mixin) lithium.mixins.json:world.block_entity_ticking.sleeping.sculk_sensor_shrieker.SculkSensorBlockEntityMixin from mod lithium->@Inject::wakeupIfLoadedWithData(Lnet/minecraft/storage/ReadView;Lorg/spongepowered/asm/mixin/injection/callback/CallbackInfo;)V has 0 override(s) in child classes
[01:26:16] [main/DEBUG] (FabricLoader/Mixin) lithium.mixins.json:world.block_entity_ticking.sleeping.sculk_sensor_shrieker.SculkSensorBlockEntityMixin from mod lithium->@Inject::wakeupIfLoadedWithData(Lnet/minecraft/storage/ReadView;Lorg/spongepowered/asm/mixin/injection/callback/CallbackInfo;)V won't be passed a CallbackInfo as a result
[01:26:16] [main/DEBUG] (FabricLoader/Mixin) Mixing world.block_entity_ticking.sleeping.sculk_sensor_shrieker.CalibratedSculkSensorBlockMixin from lithium.mixins.json into net.minecraft.block.CalibratedSculkSensorBlock
[01:26:16] [main/DEBUG] (FabricLoader/Mixin) lithium.mixins.json:world.block_entity_ticking.sleeping.sculk_sensor_shrieker.CalibratedSculkSensorBlockMixin from mod lithium->@Inject::checkSleep(Lnet/minecraft/world/World;Lnet/minecraft/util/math/BlockPos;Lnet/minecraft/block/BlockState;Lnet/minecraft/block/entity/CalibratedSculkSensorBlockEntity;Lorg/spongepowered/asm/mixin/injection/callback/CallbackInfo;)V doesn't use it's CallbackInfo
[01:26:16] [main/DEBUG] (FabricLoader/Mixin) Mixing world.block_entity_ticking.sleeping.sculk_catalyst.SculkCatalystBlockEntityMixin from lithium.mixins.json into net.minecraft.block.entity.SculkCatalystBlockEntity
[01:26:16] [main/DEBUG] (FabricLoader/Mixin) lithium.mixins.json:world.block_entity_ticking.sleeping.sculk_catalyst.SculkCatalystBlockEntityMixin from mod lithium->@Inject::addCatalystListenerCallback(Lnet/minecraft/util/math/BlockPos;Lnet/minecraft/block/BlockState;Lorg/spongepowered/asm/mixin/injection/callback/CallbackInfo;)V doesn't use it's CallbackInfo
[01:26:16] [main/DEBUG] (FabricLoader/Mixin) lithium.mixins.json:world.block_entity_ticking.sleeping.sculk_catalyst.SculkCatalystBlockEntityMixin from mod lithium->@Inject::addCatalystListenerCallback(Lnet/minecraft/util/math/BlockPos;Lnet/minecraft/block/BlockState;Lorg/spongepowered/asm/mixin/injection/callback/CallbackInfo;)V has 0 override(s) in child classes
[01:26:16] [main/DEBUG] (FabricLoader/Mixin) lithium.mixins.json:world.block_entity_ticking.sleeping.sculk_catalyst.SculkCatalystBlockEntityMixin from mod lithium->@Inject::addCatalystListenerCallback(Lnet/minecraft/util/math/BlockPos;Lnet/minecraft/block/BlockState;Lorg/spongepowered/asm/mixin/injection/callback/CallbackInfo;)V won't be passed a CallbackInfo as a result
[01:26:16] [main/DEBUG] (FabricLoader/Mixin) lithium.mixins.json:world.block_entity_ticking.sleeping.sculk_catalyst.SculkCatalystBlockEntityMixin from mod lithium->@Inject::sleepIfNoCursors(Lnet/minecraft/world/World;Lnet/minecraft/util/math/BlockPos;Lnet/minecraft/block/BlockState;Lnet/minecraft/block/entity/SculkCatalystBlockEntity;Lorg/spongepowered/asm/mixin/injection/callback/CallbackInfo;)V doesn't use it's CallbackInfo
[01:26:16] [main/DEBUG] (FabricLoader/Mixin) lithium.mixins.json:world.block_entity_ticking.sleeping.sculk_catalyst.SculkCatalystBlockEntityMixin from mod lithium->@Inject::wakeupIfLoadedWithData(Lnet/minecraft/storage/ReadView;Lorg/spongepowered/asm/mixin/injection/callback/CallbackInfo;)V doesn't use it's CallbackInfo
[01:26:16] [main/DEBUG] (FabricLoader/Mixin) lithium.mixins.json:world.block_entity_ticking.sleeping.sculk_catalyst.SculkCatalystBlockEntityMixin from mod lithium->@Inject::wakeupIfLoadedWithData(Lnet/minecraft/storage/ReadView;Lorg/spongepowered/asm/mixin/injection/callback/CallbackInfo;)V has 0 override(s) in child classes
[01:26:16] [main/DEBUG] (FabricLoader/Mixin) lithium.mixins.json:world.block_entity_ticking.sleeping.sculk_catalyst.SculkCatalystBlockEntityMixin from mod lithium->@Inject::wakeupIfLoadedWithData(Lnet/minecraft/storage/ReadView;Lorg/spongepowered/asm/mixin/injection/callback/CallbackInfo;)V won't be passed a CallbackInfo as a result
[01:26:16] [main/DEBUG] (FabricLoader/Mixin) Mixing world.block_entity_ticking.sleeping.sculk_sensor_shrieker.SculkShriekerBlockMixin from lithium.mixins.json into net.minecraft.block.SculkShriekerBlock
[01:26:16] [main/DEBUG] (FabricLoader/Mixin) lithium.mixins.json:world.block_entity_ticking.sleeping.sculk_sensor_shrieker.SculkShriekerBlockMixin from mod lithium->@Inject::checkSleep(Lnet/minecraft/world/World;Lnet/minecraft/util/math/BlockPos;Lnet/minecraft/block/BlockState;Lnet/minecraft/block/entity/SculkShriekerBlockEntity;Lorg/spongepowered/asm/mixin/injection/callback/CallbackInfo;)V doesn't use it's CallbackInfo
[01:26:16] [main/DEBUG] (FabricLoader/Mixin) Mixing world.block_entity_ticking.sleeping.sculk_sensor_shrieker.SculkShriekerBlockEntityMixin from lithium.mixins.json into net.minecraft.block.entity.SculkShriekerBlockEntity
[01:26:16] [main/DEBUG] (FabricLoader/Mixin) lithium.mixins.json:world.block_entity_ticking.sleeping.sculk_sensor_shrieker.SculkShriekerBlockEntityMixin from mod lithium->@Inject::setVibrationListenerListener(Lnet/minecraft/util/math/BlockPos;Lnet/minecraft/block/BlockState;Lorg/spongepowered/asm/mixin/injection/callback/CallbackInfo;)V doesn't use it's CallbackInfo
[01:26:16] [main/DEBUG] (FabricLoader/Mixin) lithium.mixins.json:world.block_entity_ticking.sleeping.sculk_sensor_shrieker.SculkShriekerBlockEntityMixin from mod lithium->@Inject::setVibrationListenerListener(Lnet/minecraft/util/math/BlockPos;Lnet/minecraft/block/BlockState;Lorg/spongepowered/asm/mixin/injection/callback/CallbackInfo;)V has 0 override(s) in child classes
[01:26:16] [main/DEBUG] (FabricLoader/Mixin) lithium.mixins.json:world.block_entity_ticking.sleeping.sculk_sensor_shrieker.SculkShriekerBlockEntityMixin from mod lithium->@Inject::setVibrationListenerListener(Lnet/minecraft/util/math/BlockPos;Lnet/minecraft/block/BlockState;Lorg/spongepowered/asm/mixin/injection/callback/CallbackInfo;)V won't be passed a CallbackInfo as a result
[01:26:16] [main/DEBUG] (FabricLoader/Mixin) lithium.mixins.json:world.block_entity_ticking.sleeping.sculk_sensor_shrieker.SculkShriekerBlockEntityMixin from mod lithium->@Inject::wakeupIfLoadedWithData(Lnet/minecraft/storage/ReadView;Lorg/spongepowered/asm/mixin/injection/callback/CallbackInfo;)V doesn't use it's CallbackInfo
[01:26:16] [main/DEBUG] (FabricLoader/Mixin) lithium.mixins.json:world.block_entity_ticking.sleeping.sculk_sensor_shrieker.SculkShriekerBlockEntityMixin from mod lithium->@Inject::wakeupIfLoadedWithData(Lnet/minecraft/storage/ReadView;Lorg/spongepowered/asm/mixin/injection/callback/CallbackInfo;)V has 0 override(s) in child classes
[01:26:16] [main/DEBUG] (FabricLoader/Mixin) lithium.mixins.json:world.block_entity_ticking.sleeping.sculk_sensor_shrieker.SculkShriekerBlockEntityMixin from mod lithium->@Inject::wakeupIfLoadedWithData(Lnet/minecraft/storage/ReadView;Lorg/spongepowered/asm/mixin/injection/callback/CallbackInfo;)V won't be passed a CallbackInfo as a result
[01:26:16] [main/DEBUG] (FabricLoader/Mixin) Mixing CrafterBlockMixin from fabric-transfer-api-v1.mixins.json into net.minecraft.block.CrafterBlock
[01:26:16] [main/DEBUG] (FabricLoader/Mixin) fabric-transfer-api-v1.mixins.json:CrafterBlockMixin from mod fabric-transfer-api-v1->@Inject::transferOrSpawnStack(Lnet/minecraft/server/world/ServerWorld;Lnet/minecraft/util/math/BlockPos;Lnet/minecraft/block/entity/CrafterBlockEntity;Lnet/minecraft/item/ItemStack;Lnet/minecraft/block/BlockState;Lnet/minecraft/recipe/RecipeEntry;Lorg/spongepowered/asm/mixin/injection/callback/CallbackInfo;)V doesn't use it's CallbackInfo
[01:26:16] [main/DEBUG] (FabricLoader/Mixin) fabric-transfer-api-v1.mixins.json:CrafterBlockMixin from mod fabric-transfer-api-v1->@Inject::transferOrSpawnStack(Lnet/minecraft/server/world/ServerWorld;Lnet/minecraft/util/math/BlockPos;Lnet/minecraft/block/entity/CrafterBlockEntity;Lnet/minecraft/item/ItemStack;Lnet/minecraft/block/BlockState;Lnet/minecraft/recipe/RecipeEntry;Lorg/spongepowered/asm/mixin/injection/callback/CallbackInfo;)V has 0 override(s) in child classes
[01:26:16] [main/DEBUG] (FabricLoader/Mixin) fabric-transfer-api-v1.mixins.json:CrafterBlockMixin from mod fabric-transfer-api-v1->@Inject::transferOrSpawnStack(Lnet/minecraft/server/world/ServerWorld;Lnet/minecraft/util/math/BlockPos;Lnet/minecraft/block/entity/CrafterBlockEntity;Lnet/minecraft/item/ItemStack;Lnet/minecraft/block/BlockState;Lnet/minecraft/recipe/RecipeEntry;Lorg/spongepowered/asm/mixin/injection/callback/CallbackInfo;)V won't be passed a CallbackInfo as a result
[01:26:16] [main/DEBUG] (FabricLoader/Mixin) fabric-transfer-api-v1.mixins.json:CrafterBlockMixin from mod fabric-transfer-api-v1->@Inject::transferOrSpawnStack(Lnet/minecraft/server/world/ServerWorld;Lnet/minecraft/util/math/BlockPos;Lnet/minecraft/block/entity/CrafterBlockEntity;Lnet/minecraft/item/ItemStack;Lnet/minecraft/block/BlockState;Lnet/minecraft/recipe/RecipeEntry;Lorg/spongepowered/asm/mixin/injection/callback/CallbackInfo;)V doesn't use it's CallbackInfo
[01:26:16] [main/DEBUG] (FabricLoader/Mixin) fabric-transfer-api-v1.mixins.json:CrafterBlockMixin from mod fabric-transfer-api-v1->@Inject::transferOrSpawnStack(Lnet/minecraft/server/world/ServerWorld;Lnet/minecraft/util/math/BlockPos;Lnet/minecraft/block/entity/CrafterBlockEntity;Lnet/minecraft/item/ItemStack;Lnet/minecraft/block/BlockState;Lnet/minecraft/recipe/RecipeEntry;Lorg/spongepowered/asm/mixin/injection/callback/CallbackInfo;)V has 0 override(s) in child classes
[01:26:16] [main/DEBUG] (FabricLoader/Mixin) fabric-transfer-api-v1.mixins.json:CrafterBlockMixin from mod fabric-transfer-api-v1->@Inject::transferOrSpawnStack(Lnet/minecraft/server/world/ServerWorld;Lnet/minecraft/util/math/BlockPos;Lnet/minecraft/block/entity/CrafterBlockEntity;Lnet/minecraft/item/ItemStack;Lnet/minecraft/block/BlockState;Lnet/minecraft/recipe/RecipeEntry;Lorg/spongepowered/asm/mixin/injection/callback/CallbackInfo;)V won't be passed a CallbackInfo as a result
[01:26:16] [main/DEBUG] (FabricLoader/Mixin) fabric-transfer-api-v1.mixins.json:CrafterBlockMixin from mod fabric-transfer-api-v1->@Inject::transferOrSpawnStack(Lnet/minecraft/server/world/ServerWorld;Lnet/minecraft/util/math/BlockPos;Lnet/minecraft/block/entity/CrafterBlockEntity;Lnet/minecraft/item/ItemStack;Lnet/minecraft/block/BlockState;Lnet/minecraft/recipe/RecipeEntry;Lorg/spongepowered/asm/mixin/injection/callback/CallbackInfo;)V doesn't use it's CallbackInfo
[01:26:16] [main/DEBUG] (FabricLoader/Mixin) fabric-transfer-api-v1.mixins.json:CrafterBlockMixin from mod fabric-transfer-api-v1->@Inject::transferOrSpawnStack(Lnet/minecraft/server/world/ServerWorld;Lnet/minecraft/util/math/BlockPos;Lnet/minecraft/block/entity/CrafterBlockEntity;Lnet/minecraft/item/ItemStack;Lnet/minecraft/block/BlockState;Lnet/minecraft/recipe/RecipeEntry;Lorg/spongepowered/asm/mixin/injection/callback/CallbackInfo;)V has 0 override(s) in child classes
[01:26:16] [main/DEBUG] (FabricLoader/Mixin) fabric-transfer-api-v1.mixins.json:CrafterBlockMixin from mod fabric-transfer-api-v1->@Inject::transferOrSpawnStack(Lnet/minecraft/server/world/ServerWorld;Lnet/minecraft/util/math/BlockPos;Lnet/minecraft/block/entity/CrafterBlockEntity;Lnet/minecraft/item/ItemStack;Lnet/minecraft/block/BlockState;Lnet/minecraft/recipe/RecipeEntry;Lorg/spongepowered/asm/mixin/injection/callback/CallbackInfo;)V won't be passed a CallbackInfo as a result
[01:26:16] [main/DEBUG] (FabricLoader/Mixin) fabric-transfer-api-v1.mixins.json:CrafterBlockMixin from mod fabric-transfer-api-v1->@Inject::transferOrSpawnStack(Lnet/minecraft/server/world/ServerWorld;Lnet/minecraft/util/math/BlockPos;Lnet/minecraft/block/entity/CrafterBlockEntity;Lnet/minecraft/item/ItemStack;Lnet/minecraft/block/BlockState;Lnet/minecraft/recipe/RecipeEntry;Lorg/spongepowered/asm/mixin/injection/callback/CallbackInfo;)V doesn't use it's CallbackInfo
[01:26:16] [main/DEBUG] (FabricLoader/Mixin) fabric-transfer-api-v1.mixins.json:CrafterBlockMixin from mod fabric-transfer-api-v1->@Inject::transferOrSpawnStack(Lnet/minecraft/server/world/ServerWorld;Lnet/minecraft/util/math/BlockPos;Lnet/minecraft/block/entity/CrafterBlockEntity;Lnet/minecraft/item/ItemStack;Lnet/minecraft/block/BlockState;Lnet/minecraft/recipe/RecipeEntry;Lorg/spongepowered/asm/mixin/injection/callback/CallbackInfo;)V has 0 override(s) in child classes
[01:26:16] [main/DEBUG] (FabricLoader/Mixin) fabric-transfer-api-v1.mixins.json:CrafterBlockMixin from mod fabric-transfer-api-v1->@Inject::transferOrSpawnStack(Lnet/minecraft/server/world/ServerWorld;Lnet/minecraft/util/math/BlockPos;Lnet/minecraft/block/entity/CrafterBlockEntity;Lnet/minecraft/item/ItemStack;Lnet/minecraft/block/BlockState;Lnet/minecraft/recipe/RecipeEntry;Lorg/spongepowered/asm/mixin/injection/callback/CallbackInfo;)V won't be passed a CallbackInfo as a result
[01:26:16] [main/DEBUG] (FabricLoader/Mixin) Mixing world.block_entity_ticking.sleeping.crafter.CrafterBlockEntityMixin from lithium.mixins.json into net.minecraft.block.entity.CrafterBlockEntity
[01:26:16] [main/DEBUG] (FabricLoader/Mixin) lithium.mixins.json:world.block_entity_ticking.sleeping.crafter.CrafterBlockEntityMixin from mod lithium->@Inject::checkSleep(Lorg/spongepowered/asm/mixin/injection/callback/CallbackInfo;)V doesn't use it's CallbackInfo
[01:26:16] [main/DEBUG] (FabricLoader/Mixin) lithium.mixins.json:world.block_entity_ticking.sleeping.crafter.CrafterBlockEntityMixin from mod lithium->@Inject::checkSleep(Lorg/spongepowered/asm/mixin/injection/callback/CallbackInfo;)V doesn't use it's CallbackInfo
[01:26:16] [main/DEBUG] (FabricLoader/Mixin) lithium.mixins.json:world.block_entity_ticking.sleeping.crafter.CrafterBlockEntityMixin from mod lithium->@Inject::wakeUpAfterRemainingTicksChanged(Lorg/spongepowered/asm/mixin/injection/callback/CallbackInfo;)V doesn't use it's CallbackInfo
[01:26:16] [main/DEBUG] (FabricLoader/Mixin) lithium.mixins.json:world.block_entity_ticking.sleeping.crafter.CrafterBlockEntityMixin from mod lithium->@Inject::wakeUpAfterRemainingTicksChanged(Lorg/spongepowered/asm/mixin/injection/callback/CallbackInfo;)V has 0 override(s) in child classes
[01:26:16] [main/DEBUG] (FabricLoader/Mixin) lithium.mixins.json:world.block_entity_ticking.sleeping.crafter.CrafterBlockEntityMixin from mod lithium->@Inject::wakeUpAfterRemainingTicksChanged(Lorg/spongepowered/asm/mixin/injection/callback/CallbackInfo;)V won't be passed a CallbackInfo as a result
[01:26:16] [main/DEBUG] (FabricLoader/Mixin) lithium.mixins.json:world.block_entity_ticking.sleeping.crafter.CrafterBlockEntityMixin from mod lithium->@Inject::wakeUpAfterRemainingTicksChanged(Lorg/spongepowered/asm/mixin/injection/callback/CallbackInfo;)V doesn't use it's CallbackInfo
[01:26:16] [main/DEBUG] (FabricLoader/Mixin) lithium.mixins.json:world.block_entity_ticking.sleeping.crafter.CrafterBlockEntityMixin from mod lithium->@Inject::wakeUpAfterRemainingTicksChanged(Lorg/spongepowered/asm/mixin/injection/callback/CallbackInfo;)V has 0 override(s) in child classes
[01:26:16] [main/DEBUG] (FabricLoader/Mixin) lithium.mixins.json:world.block_entity_ticking.sleeping.crafter.CrafterBlockEntityMixin from mod lithium->@Inject::wakeUpAfterRemainingTicksChanged(Lorg/spongepowered/asm/mixin/injection/callback/CallbackInfo;)V won't be passed a CallbackInfo as a result
[01:26:16] [main/DEBUG] (FabricLoader/Mixin) Mixing blocks.cullshape.MossyCarpetBlock_voxelMixin from moreculling.mixins.json into net.minecraft.block.PaleMossCarpetBlock
[01:26:16] [main/DEBUG] (FabricLoader/Mixin) Mixing BlockStateCacheMixin from ferritecore.blockstatecache.mixin.json into net.minecraft.block.AbstractBlock$AbstractBlockState$ShapeCache
[01:26:16] [main/DEBUG] (FabricLoader/Mixin) ferritecore.blockstatecache.mixin.json:BlockStateCacheMixin from mod ferritecore: Class version 65 required is higher than the class version supported by the current version of Mixin (JAVA_17 supports class version 61)
[01:26:16] [main/DEBUG] (FabricLoader/Mixin) Mixing shapes.lazy_shape_context.EntityCollisionContextMixin from lithium.mixins.json into net.minecraft.block.EntityShapeContext
[01:26:16] [main/DEBUG] (FabricLoader/Mixin) lithium.mixins.json:shapes.lazy_shape_context.EntityCollisionContextMixin from mod lithium->@Inject::initFields(Lnet/minecraft/entity/Entity;ZZLorg/spongepowered/asm/mixin/injection/callback/CallbackInfo;)V doesn't use it's CallbackInfo
[01:26:16] [main/DEBUG] (FabricLoader/Mixin) lithium.mixins.json:shapes.lazy_shape_context.EntityCollisionContextMixin from mod lithium->@Inject::initFields(Lnet/minecraft/entity/Entity;ZZLorg/spongepowered/asm/mixin/injection/callback/CallbackInfo;)V has 0 override(s) in child classes
[01:26:16] [main/DEBUG] (FabricLoader/Mixin) lithium.mixins.json:shapes.lazy_shape_context.EntityCollisionContextMixin from mod lithium->@Inject::initFields(Lnet/minecraft/entity/Entity;ZZLorg/spongepowered/asm/mixin/injection/callback/CallbackInfo;)V won't be passed a CallbackInfo as a result
[01:26:16] [main/DEBUG] (FabricLoader/Mixin) lithium.mixins.json:shapes.lazy_shape_context.EntityCollisionContextMixin from mod lithium->@Inject::isHolding(Lnet/minecraft/item/Item;Lorg/spongepowered/asm/mixin/injection/callback/CallbackInfoReturnable;)V doesn't use it's CallbackInfoReturnable
[01:26:16] [main/DEBUG] (FabricLoader/Mixin) lithium.mixins.json:shapes.lazy_shape_context.EntityCollisionContextMixin from mod lithium->@Inject::isHolding(Lnet/minecraft/item/Item;Lorg/spongepowered/asm/mixin/injection/callback/CallbackInfoReturnable;)V has 0 override(s) in child classes
[01:26:16] [main/DEBUG] (FabricLoader/Mixin) lithium.mixins.json:shapes.lazy_shape_context.EntityCollisionContextMixin from mod lithium->@Inject::isHolding(Lnet/minecraft/item/Item;Lorg/spongepowered/asm/mixin/injection/callback/CallbackInfoReturnable;)V won't be passed a CallbackInfoReturnable as a result
[01:26:16] [main/DEBUG] (FabricLoader/Mixin) lithium.mixins.json:shapes.lazy_shape_context.EntityCollisionContextMixin from mod lithium->@Inject::initHeldItem(Lorg/spongepowered/asm/mixin/injection/callback/CallbackInfoReturnable;)V doesn't use it's CallbackInfoReturnable
[01:26:16] [main/DEBUG] (FabricLoader/Mixin) lithium.mixins.json:shapes.lazy_shape_context.EntityCollisionContextMixin from mod lithium->@Inject::initHeldItem(Lorg/spongepowered/asm/mixin/injection/callback/CallbackInfoReturnable;)V has 0 override(s) in child classes
[01:26:16] [main/DEBUG] (FabricLoader/Mixin) lithium.mixins.json:shapes.lazy_shape_context.EntityCollisionContextMixin from mod lithium->@Inject::initHeldItem(Lorg/spongepowered/asm/mixin/injection/callback/CallbackInfoReturnable;)V won't be passed a CallbackInfoReturnable as a result
[01:26:16] [main/DEBUG] (FabricLoader/Mixin) Mixing ItemAccessor from fabric-item-api-v1.mixins.json into net.minecraft.item.Item
[01:26:16] [main/DEBUG] (FabricLoader/Mixin) Mixing ItemMixin from fabric-item-api-v1.mixins.json into net.minecraft.item.Item
[01:26:16] [main/DEBUG] (FabricLoader/Mixin) Mixing ItemMixin from fabric-transfer-api-v1.mixins.json into net.minecraft.item.Item
[01:26:16] [main/DEBUG] (FabricLoader/Mixin) fabric-item-api-v1.mixins.json:ItemMixin from mod fabric-item-api-v1->@Inject::onConstruct(Lnet/minecraft/item/Item$Settings;Lorg/spongepowered/asm/mixin/injection/callback/CallbackInfo;)V doesn't use it's CallbackInfo
[01:26:16] [main/DEBUG] (FabricLoader/Mixin) fabric-item-api-v1.mixins.json:ItemMixin from mod fabric-item-api-v1->@Inject::onConstruct(Lnet/minecraft/item/Item$Settings;Lorg/spongepowered/asm/mixin/injection/callback/CallbackInfo;)V has 0 override(s) in child classes
[01:26:16] [main/DEBUG] (FabricLoader/Mixin) fabric-item-api-v1.mixins.json:ItemMixin from mod fabric-item-api-v1->@Inject::onConstruct(Lnet/minecraft/item/Item$Settings;Lorg/spongepowered/asm/mixin/injection/callback/CallbackInfo;)V won't be passed a CallbackInfo as a result
[01:26:16] [main/DEBUG] (FabricLoader/Mixin) Mixing block.hopper.NonNullListAccessor from lithium.mixins.json into net.minecraft.util.collection.DefaultedList
[01:26:17] [main/DEBUG] (FabricLoader/Mixin) Mixing PatchedDataComponentMapMixin from ferritecore.datacomponents.mixin.json into net.minecraft.component.MergedComponentMap
[01:26:17] [main/DEBUG] (FabricLoader/Mixin) ferritecore.datacomponents.mixin.json:PatchedDataComponentMapMixin from mod ferritecore: Class version 65 required is higher than the class version supported by the current version of Mixin (JAVA_17 supports class version 61)
[01:26:17] [main/DEBUG] (FabricLoader/Mixin) Mixing util.item_component_and_count_tracking.PatchedDataComponentMapMixin from lithium.mixins.json into net.minecraft.component.MergedComponentMap
[01:26:17] [main/DEBUG] (FabricLoader/Mixin) ferritecore.datacomponents.mixin.json:PatchedDataComponentMapMixin from mod ferritecore->@Inject::saveMemoryIfEmpty(Lorg/spongepowered/asm/mixin/injection/callback/CallbackInfo;)V doesn't use it's CallbackInfo
[01:26:17] [main/DEBUG] (FabricLoader/Mixin) ferritecore.datacomponents.mixin.json:PatchedDataComponentMapMixin from mod ferritecore->@Inject::saveMemoryIfEmpty(Lorg/spongepowered/asm/mixin/injection/callback/CallbackInfo;)V doesn't use it's CallbackInfo
[01:26:17] [main/DEBUG] (FabricLoader/Mixin) ferritecore.datacomponents.mixin.json:PatchedDataComponentMapMixin from mod ferritecore->@Inject::saveMemoryIfEmptyWithReturn(Lorg/spongepowered/asm/mixin/injection/callback/CallbackInfoReturnable;)V does use it's CallbackInfoReturnable
[01:26:17] [main/DEBUG] (FabricLoader/Mixin) ferritecore.datacomponents.mixin.json:PatchedDataComponentMapMixin from mod ferritecore->@Inject::saveMemoryIfEmptyWithReturn(Lorg/spongepowered/asm/mixin/injection/callback/CallbackInfoReturnable;)V does use it's CallbackInfoReturnable
[01:26:17] [main/DEBUG] (FabricLoader/Mixin) ferritecore.datacomponents.mixin.json:PatchedDataComponentMapMixin from mod ferritecore->@Inject::saveMemoryIfEmptyWithReturn(Lorg/spongepowered/asm/mixin/injection/callback/CallbackInfoReturnable;)V does use it's CallbackInfoReturnable
[01:26:17] [main/DEBUG] (FabricLoader/Mixin) ferritecore.datacomponents.mixin.json:PatchedDataComponentMapMixin from mod ferritecore->@Inject::saveMemoryIfEmptyWithReturn(Lorg/spongepowered/asm/mixin/injection/callback/CallbackInfoReturnable;)V does use it's CallbackInfoReturnable
[01:26:17] [main/DEBUG] (FabricLoader/Mixin) lithium.mixins.json:util.item_component_and_count_tracking.PatchedDataComponentMapMixin from mod lithium->@Inject::trackBeforeChange(Lorg/spongepowered/asm/mixin/injection/callback/CallbackInfo;)V doesn't use it's CallbackInfo
[01:26:17] [main/DEBUG] (FabricLoader/Mixin) Mixing SubShapeAccess from ferritecore.accessors.mixin.json into net.minecraft.util.shape.CroppedVoxelSet
[01:26:17] [main/DEBUG] (FabricLoader/Mixin) ferritecore.accessors.mixin.json:SubShapeAccess from mod ferritecore: Class version 65 required is higher than the class version supported by the current version of Mixin (JAVA_17 supports class version 61)
[01:26:17] [main/DEBUG] (FabricLoader/Mixin) Mixing BucketItemAccessor from fabric-transfer-api-v1.mixins.json into net.minecraft.item.BucketItem
[01:26:17] [main/DEBUG] (FabricLoader/Mixin) Mixing BucketItemMixin from fabric-transfer-api-v1.mixins.json into net.minecraft.item.BucketItem
[01:26:17] [main/DEBUG] (FabricLoader/Mixin) Mixing HoeItemAccessor from fabric-content-registries-v0.mixins.json into net.minecraft.item.HoeItem
[01:26:17] [main/DEBUG] (FabricLoader/Mixin) Renaming @Accessor method getTillingActions()Ljava/util/Map; to getTillingActions$fabric-content-registries-v0_$md$fa83b2$0 in fabric-content-registries-v0.mixins.json:HoeItemAccessor from mod fabric-content-registries-v0
[01:26:17] [main/DEBUG] (FabricLoader/Mixin) Mixing AxeItemAccessor from fabric-content-registries-v0.mixins.json into net.minecraft.item.AxeItem
[01:26:17] [main/DEBUG] (FabricLoader/Mixin) Renaming @Accessor method getStrippedBlocks()Ljava/util/Map; to getStrippedBlocks$fabric-content-registries-v0_$md$fa83b2$0 in fabric-content-registries-v0.mixins.json:AxeItemAccessor from mod fabric-content-registries-v0
[01:26:17] [main/DEBUG] (FabricLoader/Mixin) Renaming @Accessor method setStrippedBlocks(Ljava/util/Map;)V to setStrippedBlocks$fabric-content-registries-v0_$md$fa83b2$1 in fabric-content-registries-v0.mixins.json:AxeItemAccessor from mod fabric-content-registries-v0
[01:26:17] [main/DEBUG] (FabricLoader/Mixin) Mixing AxeItemMixin from fabric-content-registries-v0.mixins.json into net.minecraft.item.AxeItem
[01:26:17] [main/DEBUG] (FabricLoader/Mixin) Renaming synthetic method lambda$handleCustomStrippingBehavior$0(Lnet/fabricmc/fabric/api/registry/StrippableBlockRegistry$StrippingTransformer;Lnet/minecraft/block/BlockState;Lnet/minecraft/block/Block;)Lnet/minecraft/block/BlockState; to mdfa83b2$fabric-content-registries-v0$lambda$handleCustomStrippingBehavior$0$2 in fabric-content-registries-v0.mixins.json:AxeItemMixin from mod fabric-content-registries-v0
[01:26:17] [main/DEBUG] (FabricLoader/Mixin) Mixing ShovelItemAccessor from fabric-content-registries-v0.mixins.json into net.minecraft.item.ShovelItem
[01:26:17] [main/DEBUG] (FabricLoader/Mixin) Renaming @Accessor method getPathStates()Ljava/util/Map; to getPathStates$fabric-content-registries-v0_$md$fa83b2$0 in fabric-content-registries-v0.mixins.json:ShovelItemAccessor from mod fabric-content-registries-v0
[01:26:17] [main/DEBUG] (FabricLoader/Mixin) Mixing ItemPropertiesMixin from fabric-item-api-v1.mixins.json into net.minecraft.item.Item$Settings
[01:26:17] [main/DEBUG] (FabricLoader/Mixin) Mixing alloc.nbt.CompoundTagMixin$Type from lithium.mixins.json into net.minecraft.nbt.NbtCompound$1
[01:26:17] [main/DEBUG] (FabricLoader/Mixin) Mixing TagKeyMixin from fabric-convention-tags-api-v2.mixins.json into net.minecraft.registry.tag.TagKey
[01:26:17] [main/DEBUG] (FabricLoader/Mixin) Mixing ValueOutputMixin from fabric-serialization-api-v1.mixins.json into net.minecraft.storage.WriteView
[01:26:17] [main/DEBUG] (FabricLoader/Mixin) Mixing TooltipFlagMixin from fabric-item-api-v1.mixins.json into net.minecraft.item.tooltip.TooltipType
[01:26:17] [main/DEBUG] (FabricLoader/Mixin) Mixing BundleContentsAccessor from fabric-transfer-api-v1.mixins.json into net.minecraft.component.type.BundleContentsComponent
[01:26:17] [main/DEBUG] (FabricLoader/Mixin) Renaming @Invoker method getOccupancy(Lnet/minecraft/item/ItemStack;)Lorg/apache/commons/lang3/math/Fraction; to getOccupancy$fabric-transfer-api-v1_$md$fa83b2$0 in fabric-transfer-api-v1.mixins.json:BundleContentsAccessor from mod fabric-transfer-api-v1
[01:26:17] [main/DEBUG] (FabricLoader/Mixin) Mixing entity.collisions.unpushable_cramming.AbstractBoatMixin from lithium.mixins.json into net.minecraft.entity.vehicle.AbstractBoatEntity
[01:26:17] [main/DEBUG] (FabricLoader/Mixin) Mixing EntityTypeBuilderMixin from fabric-object-builder-v1.mixins.json into net.minecraft.entity.EntityType$Builder
[01:26:17] [main/DEBUG] (FabricLoader/Mixin) fabric-object-builder-v1.mixins.json:EntityTypeBuilderMixin from mod fabric-object-builder-api-v1->@Inject::applyChildBuilders(Lnet/minecraft/registry/RegistryKey;Lorg/spongepowered/asm/mixin/injection/callback/CallbackInfoReturnable;)V does use it's CallbackInfoReturnable
[01:26:17] [main/DEBUG] (FabricLoader/Mixin) Mixing block.hopper.AbstractChestBoatMixin from lithium.mixins.json into net.minecraft.entity.vehicle.AbstractChestBoatEntity
[01:26:17] [main/DEBUG] (FabricLoader/Mixin) Mixing AttachmentTargetsMixin from fabric-data-attachment-api-v1.mixins.json into net.minecraft.world.chunk.Chunk
[01:26:17] [main/DEBUG] (FabricLoader/Mixin) Mixing ChunkAccessMixin from fabric-data-attachment-api-v1.mixins.json into net.minecraft.world.chunk.Chunk
[01:26:17] [main/DEBUG] (FabricLoader/Mixin) Mixing world.inline_block_access.LevelChunkMixin from lithium.mixins.json into net.minecraft.world.chunk.WorldChunk
[01:26:17] [main/DEBUG] (FabricLoader/Mixin) Mixing MixinWorldChunk from xaerohud.mixins.json into net.minecraft.world.chunk.WorldChunk
[01:26:17] [main/DEBUG] (FabricLoader/Mixin) xaerohud.mixins.json:MixinWorldChunk from mod xaerominimap: Class version 65 required is higher than the class version supported by the current version of Mixin (JAVA_17 supports class version 61)
[01:26:17] [main/DEBUG] (FabricLoader/Mixin) Mixing LevelChunkMixin from fabric-lifecycle-events-v1.client.mixins.json into net.minecraft.world.chunk.WorldChunk
[01:26:17] [main/DEBUG] (FabricLoader/Mixin) Mixing LevelChunkMixin from fabric-data-attachment-api-v1.mixins.json into net.minecraft.world.chunk.WorldChunk
[01:26:17] [main/DEBUG] (FabricLoader/Mixin) Renaming synthetic method lambda$fabric_syncChange$0(Lnet/fabricmc/fabric/api/attachment/v1/AttachmentType;Lnet/fabricmc/fabric/impl/attachment/sync/AttachmentChange;Lnet/minecraft/server/network/ServerPlayerEntity;)V to mdfa83b2$fabric-data-attachment-api-v1$lambda$fabric_syncChange$0$0 in fabric-data-attachment-api-v1.mixins.json:LevelChunkMixin from mod fabric-data-attachment-api-v1
[01:26:17] [main/DEBUG] (FabricLoader/Mixin) Mixing collections.block_entity_tickers.LevelChunkMixin from lithium.mixins.json into net.minecraft.world.chunk.WorldChunk
[01:26:17] [main/DEBUG] (FabricLoader/Mixin) Mixing minimal_nonvanilla.world.block_entity_ticking.support_cache.LevelChunkMixin from lithium.mixins.json into net.minecraft.world.chunk.WorldChunk
[01:26:17] [main/DEBUG] (FabricLoader/Mixin) Mixing util.chunk_status_tracking.LevelChunkMixin from lithium.mixins.json into net.minecraft.world.chunk.WorldChunk
[01:26:17] [main/DEBUG] (FabricLoader/Mixin) Mixing world.block_entity_ticking.sleeping.LevelChunkMixin from lithium.mixins.json into net.minecraft.world.chunk.WorldChunk
[01:26:17] [main/DEBUG] (FabricLoader/Mixin) Mixing world.combined_heightmap_update.LevelChunkMixin from lithium.mixins.json into net.minecraft.world.chunk.WorldChunk
[01:26:17] [main/DEBUG] (FabricLoader/Mixin) Mixing world.game_events.dispatch.LevelChunkMixin from lithium.mixins.json into net.minecraft.world.chunk.WorldChunk
[01:26:17] [main/DEBUG] (FabricLoader/Mixin) Renaming synthetic method lambda$static$1(Lnet/minecraft/server/world/ServerWorld;Lnet/minecraft/util/math/ChunkPos;)V to mdfa83b2$lithium$lambda$static$1$1 in lithium.mixins.json:world.game_events.dispatch.LevelChunkMixin from mod lithium
[01:26:17] [main/DEBUG] (FabricLoader/Mixin) Renaming synthetic method lambda$static$0(Lnet/minecraft/server/world/ServerWorld;Lnet/minecraft/world/chunk/WorldChunk;)V to mdfa83b2$lithium$lambda$static$0$2 in lithium.mixins.json:world.game_events.dispatch.LevelChunkMixin from mod lithium
[01:26:17] [main/DEBUG] (FabricLoader/Mixin) Mixing world.inline_height.LevelChunkMixin from lithium.mixins.json into net.minecraft.world.chunk.WorldChunk
[01:26:17] [main/DEBUG] (FabricLoader/Mixin) fabric-lifecycle-events-v1.client.mixins.json:LevelChunkMixin from mod fabric-lifecycle-events-v1->@Inject::onRemoveBlockEntity(Lnet/minecraft/block/entity/BlockEntity;Lorg/spongepowered/asm/mixin/injection/callback/CallbackInfo;)V doesn't use it's CallbackInfo
[01:26:17] [main/DEBUG] (FabricLoader/Mixin) fabric-lifecycle-events-v1.client.mixins.json:LevelChunkMixin from mod fabric-lifecycle-events-v1->@Inject::onRemoveBlockEntity(Lnet/minecraft/block/entity/BlockEntity;Lorg/spongepowered/asm/mixin/injection/callback/CallbackInfo;)V has 0 override(s) in child classes
[01:26:17] [main/DEBUG] (FabricLoader/Mixin) fabric-lifecycle-events-v1.client.mixins.json:LevelChunkMixin from mod fabric-lifecycle-events-v1->@Inject::onRemoveBlockEntity(Lnet/minecraft/block/entity/BlockEntity;Lorg/spongepowered/asm/mixin/injection/callback/CallbackInfo;)V won't be passed a CallbackInfo as a result
[01:26:17] [main/DEBUG] (FabricLoader/Mixin) fabric-lifecycle-events-v1.client.mixins.json:LevelChunkMixin from mod fabric-lifecycle-events-v1->@Inject::onRemoveBlockEntity(Lnet/minecraft/util/math/BlockPos;Lorg/spongepowered/asm/mixin/injection/callback/CallbackInfo;)V doesn't use it's CallbackInfo
[01:26:17] [main/DEBUG] (FabricLoader/Mixin) fabric-lifecycle-events-v1.client.mixins.json:LevelChunkMixin from mod fabric-lifecycle-events-v1->@Inject::onRemoveBlockEntity(Lnet/minecraft/util/math/BlockPos;Lorg/spongepowered/asm/mixin/injection/callback/CallbackInfo;)V has 0 override(s) in child classes
[01:26:17] [main/DEBUG] (FabricLoader/Mixin) fabric-lifecycle-events-v1.client.mixins.json:LevelChunkMixin from mod fabric-lifecycle-events-v1->@Inject::onRemoveBlockEntity(Lnet/minecraft/util/math/BlockPos;Lorg/spongepowered/asm/mixin/injection/callback/CallbackInfo;)V won't be passed a CallbackInfo as a result
[01:26:17] [main/DEBUG] (FabricLoader/Mixin) fabric-data-attachment-api-v1.mixins.json:LevelChunkMixin from mod fabric-data-attachment-api-v1->@Inject::transferProtoChunkAttachment(Lnet/minecraft/server/world/ServerWorld;Lnet/minecraft/world/chunk/ProtoChunk;Lnet/minecraft/world/chunk/WorldChunk$EntityLoader;Lorg/spongepowered/asm/mixin/injection/callback/CallbackInfo;)V doesn't use it's CallbackInfo
[01:26:17] [main/DEBUG] (FabricLoader/Mixin) fabric-data-attachment-api-v1.mixins.json:LevelChunkMixin from mod fabric-data-attachment-api-v1->@Inject::transferProtoChunkAttachment(Lnet/minecraft/server/world/ServerWorld;Lnet/minecraft/world/chunk/ProtoChunk;Lnet/minecraft/world/chunk/WorldChunk$EntityLoader;Lorg/spongepowered/asm/mixin/injection/callback/CallbackInfo;)V has 0 override(s) in child classes
[01:26:17] [main/DEBUG] (FabricLoader/Mixin) fabric-data-attachment-api-v1.mixins.json:LevelChunkMixin from mod fabric-data-attachment-api-v1->@Inject::transferProtoChunkAttachment(Lnet/minecraft/server/world/ServerWorld;Lnet/minecraft/world/chunk/ProtoChunk;Lnet/minecraft/world/chunk/WorldChunk$EntityLoader;Lorg/spongepowered/asm/mixin/injection/callback/CallbackInfo;)V won't be passed a CallbackInfo as a result
[01:26:17] [main/DEBUG] (FabricLoader/Mixin) lithium.mixins.json:collections.block_entity_tickers.LevelChunkMixin from mod lithium->@Inject::createFastUtilMap(Lnet/minecraft/world/World;Lnet/minecraft/util/math/ChunkPos;Lnet/minecraft/world/chunk/UpgradeData;Lnet/minecraft/world/tick/ChunkTickScheduler;Lnet/minecraft/world/tick/ChunkTickScheduler;J[Lnet/minecraft/world/chunk/ChunkSection;Lnet/minecraft/world/chunk/WorldChunk$EntityLoader;Lnet/minecraft/world/gen/chunk/BlendingData;Lorg/spongepowered/asm/mixin/injection/callback/CallbackInfo;)V doesn't use it's CallbackInfo
[01:26:17] [main/DEBUG] (FabricLoader/Mixin) lithium.mixins.json:collections.block_entity_tickers.LevelChunkMixin from mod lithium->@Inject::createFastUtilMap(Lnet/minecraft/world/World;Lnet/minecraft/util/math/ChunkPos;Lnet/minecraft/world/chunk/UpgradeData;Lnet/minecraft/world/tick/ChunkTickScheduler;Lnet/minecraft/world/tick/ChunkTickScheduler;J[Lnet/minecraft/world/chunk/ChunkSection;Lnet/minecraft/world/chunk/WorldChunk$EntityLoader;Lnet/minecraft/world/gen/chunk/BlendingData;Lorg/spongepowered/asm/mixin/injection/callback/CallbackInfo;)V has 0 override(s) in child classes
[01:26:17] [main/DEBUG] (FabricLoader/Mixin) lithium.mixins.json:collections.block_entity_tickers.LevelChunkMixin from mod lithium->@Inject::createFastUtilMap(Lnet/minecraft/world/World;Lnet/minecraft/util/math/ChunkPos;Lnet/minecraft/world/chunk/UpgradeData;Lnet/minecraft/world/tick/ChunkTickScheduler;Lnet/minecraft/world/tick/ChunkTickScheduler;J[Lnet/minecraft/world/chunk/ChunkSection;Lnet/minecraft/world/chunk/WorldChunk$EntityLoader;Lnet/minecraft/world/gen/chunk/BlendingData;Lorg/spongepowered/asm/mixin/injection/callback/CallbackInfo;)V won't be passed a CallbackInfo as a result
[01:26:17] [main/DEBUG] (FabricLoader/Mixin) lithium.mixins.json:minimal_nonvanilla.world.block_entity_ticking.support_cache.LevelChunkMixin from mod lithium->@Inject::fixCachedState(Lnet/minecraft/util/math/BlockPos;Lnet/minecraft/block/BlockState;ILorg/spongepowered/asm/mixin/injection/callback/CallbackInfoReturnable;)V doesn't use it's CallbackInfoReturnable
[01:26:17] [main/DEBUG] (FabricLoader/Mixin) lithium.mixins.json:minimal_nonvanilla.world.block_entity_ticking.support_cache.LevelChunkMixin from mod lithium->@Inject::fixCachedState(Lnet/minecraft/util/math/BlockPos;Lnet/minecraft/block/BlockState;ILorg/spongepowered/asm/mixin/injection/callback/CallbackInfoReturnable;)V has 0 override(s) in child classes
[01:26:17] [main/DEBUG] (FabricLoader/Mixin) lithium.mixins.json:minimal_nonvanilla.world.block_entity_ticking.support_cache.LevelChunkMixin from mod lithium->@Inject::fixCachedState(Lnet/minecraft/util/math/BlockPos;Lnet/minecraft/block/BlockState;ILorg/spongepowered/asm/mixin/injection/callback/CallbackInfoReturnable;)V won't be passed a CallbackInfoReturnable as a result
[01:26:17] [main/DEBUG] (FabricLoader/Mixin) lithium.mixins.json:util.chunk_status_tracking.LevelChunkMixin from mod lithium->@Inject::onChunkFull(Ljava/util/function/Supplier;Lorg/spongepowered/asm/mixin/injection/callback/CallbackInfo;)V doesn't use it's CallbackInfo
[01:26:17] [main/DEBUG] (FabricLoader/Mixin) lithium.mixins.json:util.chunk_status_tracking.LevelChunkMixin from mod lithium->@Inject::onChunkFull(Ljava/util/function/Supplier;Lorg/spongepowered/asm/mixin/injection/callback/CallbackInfo;)V has 0 override(s) in child classes
[01:26:17] [main/DEBUG] (FabricLoader/Mixin) lithium.mixins.json:util.chunk_status_tracking.LevelChunkMixin from mod lithium->@Inject::onChunkFull(Ljava/util/function/Supplier;Lorg/spongepowered/asm/mixin/injection/callback/CallbackInfo;)V won't be passed a CallbackInfo as a result
[01:26:17] [main/DEBUG] (FabricLoader/Mixin) lithium.mixins.json:world.block_entity_ticking.sleeping.LevelChunkMixin from mod lithium->@Inject::setBlockEntityTickingOrder(Lnet/minecraft/block/entity/BlockEntity;Lnet/minecraft/block/entity/BlockEntityTicker;Lnet/minecraft/util/math/BlockPos;Lnet/minecraft/world/chunk/WorldChunk$WrappedBlockEntityTickInvoker;Lorg/spongepowered/asm/mixin/injection/callback/CallbackInfoReturnable;)V doesn't use it's CallbackInfoReturnable
[01:26:17] [main/DEBUG] (FabricLoader/Mixin) lithium.mixins.json:world.block_entity_ticking.sleeping.LevelChunkMixin from mod lithium->@Inject::setBlockEntityTickingOrder(Lnet/minecraft/block/entity/BlockEntity;Lnet/minecraft/block/entity/BlockEntityTicker;Lnet/minecraft/util/math/BlockPos;Lnet/minecraft/world/chunk/WorldChunk$WrappedBlockEntityTickInvoker;Lorg/spongepowered/asm/mixin/injection/callback/CallbackInfoReturnable;)V has 0 override(s) in child classes
[01:26:17] [main/DEBUG] (FabricLoader/Mixin) lithium.mixins.json:world.block_entity_ticking.sleeping.LevelChunkMixin from mod lithium->@Inject::setBlockEntityTickingOrder(Lnet/minecraft/block/entity/BlockEntity;Lnet/minecraft/block/entity/BlockEntityTicker;Lnet/minecraft/util/math/BlockPos;Lnet/minecraft/world/chunk/WorldChunk$WrappedBlockEntityTickInvoker;Lorg/spongepowered/asm/mixin/injection/callback/CallbackInfoReturnable;)V won't be passed a CallbackInfoReturnable as a result
[01:26:17] [main/DEBUG] (FabricLoader/Mixin) lithium.mixins.json:world.block_entity_ticking.sleeping.LevelChunkMixin from mod lithium->@Inject::setBlockEntityTickingOrder(Lnet/minecraft/block/entity/BlockEntity;Lnet/minecraft/block/entity/BlockEntityTicker;Lnet/minecraft/util/math/BlockPos;Lnet/minecraft/world/chunk/WorldChunk$WrappedBlockEntityTickInvoker;Lorg/spongepowered/asm/mixin/injection/callback/CallbackInfoReturnable;)V doesn't use it's CallbackInfoReturnable
[01:26:17] [main/DEBUG] (FabricLoader/Mixin) lithium.mixins.json:world.block_entity_ticking.sleeping.LevelChunkMixin from mod lithium->@Inject::setBlockEntityTickingOrder(Lnet/minecraft/block/entity/BlockEntity;Lnet/minecraft/block/entity/BlockEntityTicker;Lnet/minecraft/util/math/BlockPos;Lnet/minecraft/world/chunk/WorldChunk$WrappedBlockEntityTickInvoker;Lorg/spongepowered/asm/mixin/injection/callback/CallbackInfoReturnable;)V has 0 override(s) in child classes
[01:26:17] [main/DEBUG] (FabricLoader/Mixin) lithium.mixins.json:world.block_entity_ticking.sleeping.LevelChunkMixin from mod lithium->@Inject::setBlockEntityTickingOrder(Lnet/minecraft/block/entity/BlockEntity;Lnet/minecraft/block/entity/BlockEntityTicker;Lnet/minecraft/util/math/BlockPos;Lnet/minecraft/world/chunk/WorldChunk$WrappedBlockEntityTickInvoker;Lorg/spongepowered/asm/mixin/injection/callback/CallbackInfoReturnable;)V won't be passed a CallbackInfoReturnable as a result
[01:26:17] [main/DEBUG] (FabricLoader/Mixin) lithium.mixins.json:world.combined_heightmap_update.LevelChunkMixin from mod lithium->@Inject::updateHeightmapsCombined(Lnet/minecraft/util/math/BlockPos;Lnet/minecraft/block/BlockState;ILorg/spongepowered/asm/mixin/injection/callback/CallbackInfoReturnable;)V doesn't use it's CallbackInfoReturnable
[01:26:17] [main/DEBUG] (FabricLoader/Mixin) lithium.mixins.json:world.combined_heightmap_update.LevelChunkMixin from mod lithium->@Inject::updateHeightmapsCombined(Lnet/minecraft/util/math/BlockPos;Lnet/minecraft/block/BlockState;ILorg/spongepowered/asm/mixin/injection/callback/CallbackInfoReturnable;)V has 0 override(s) in child classes
[01:26:17] [main/DEBUG] (FabricLoader/Mixin) lithium.mixins.json:world.combined_heightmap_update.LevelChunkMixin from mod lithium->@Inject::updateHeightmapsCombined(Lnet/minecraft/util/math/BlockPos;Lnet/minecraft/block/BlockState;ILorg/spongepowered/asm/mixin/injection/callback/CallbackInfoReturnable;)V won't be passed a CallbackInfoReturnable as a result
[01:26:17] [main/DEBUG] (FabricLoader/Mixin) lithium.mixins.json:world.game_events.dispatch.LevelChunkMixin from mod lithium->@Inject::initGameEventDispatchers(Lorg/spongepowered/asm/mixin/injection/callback/CallbackInfo;)V doesn't use it's CallbackInfo
[01:26:17] [main/DEBUG] (FabricLoader/Mixin) lithium.mixins.json:world.game_events.dispatch.LevelChunkMixin from mod lithium->@Inject::initGameEventDispatchers(Lorg/spongepowered/asm/mixin/injection/callback/CallbackInfo;)V has 0 override(s) in child classes
[01:26:17] [main/DEBUG] (FabricLoader/Mixin) lithium.mixins.json:world.game_events.dispatch.LevelChunkMixin from mod lithium->@Inject::initGameEventDispatchers(Lorg/spongepowered/asm/mixin/injection/callback/CallbackInfo;)V won't be passed a CallbackInfo as a result
[01:26:17] [main/DEBUG] (FabricLoader/Mixin) lithium.mixins.json:world.game_events.dispatch.LevelChunkMixin from mod lithium->@Inject::removeGameEventDispatcher(ILorg/spongepowered/asm/mixin/injection/callback/CallbackInfo;)V doesn't use it's CallbackInfo
[01:26:17] [main/DEBUG] (FabricLoader/Mixin) lithium.mixins.json:world.game_events.dispatch.LevelChunkMixin from mod lithium->@Inject::removeGameEventDispatcher(ILorg/spongepowered/asm/mixin/injection/callback/CallbackInfo;)V has 0 override(s) in child classes
[01:26:17] [main/DEBUG] (FabricLoader/Mixin) lithium.mixins.json:world.game_events.dispatch.LevelChunkMixin from mod lithium->@Inject::removeGameEventDispatcher(ILorg/spongepowered/asm/mixin/injection/callback/CallbackInfo;)V won't be passed a CallbackInfo as a result
[01:26:17] [main/DEBUG] (FabricLoader/Mixin) lithium.mixins.json:world.game_events.dispatch.LevelChunkMixin from mod lithium->@Inject::initializeCollection(Lorg/spongepowered/asm/mixin/injection/callback/CallbackInfoReturnable;)V doesn't use it's CallbackInfoReturnable
[01:26:17] [main/DEBUG] (FabricLoader/Mixin) lithium.mixins.json:world.game_events.dispatch.LevelChunkMixin from mod lithium->@Inject::initializeCollection(Lorg/spongepowered/asm/mixin/injection/callback/CallbackInfoReturnable;)V has 0 override(s) in child classes
[01:26:17] [main/DEBUG] (FabricLoader/Mixin) lithium.mixins.json:world.game_events.dispatch.LevelChunkMixin from mod lithium->@Inject::initializeCollection(Lorg/spongepowered/asm/mixin/injection/callback/CallbackInfoReturnable;)V won't be passed a CallbackInfoReturnable as a result
[01:26:17] [main/DEBUG] (FabricLoader/Mixin) Mixing MixinServerPlayer from xaerohud.mixins.json into net.minecraft.server.network.ServerPlayerEntity
[01:26:17] [main/DEBUG] (FabricLoader/Mixin) xaerohud.mixins.json:MixinServerPlayer from mod xaerominimap: Class version 65 required is higher than the class version supported by the current version of Mixin (JAVA_17 supports class version 61)
[01:26:17] [main/DEBUG] (FabricLoader/Mixin) Mixing ServerPlayerMixin from fabric-particles-v1.mixins.json into net.minecraft.server.network.ServerPlayerEntity
[01:26:17] [main/DEBUG] (FabricLoader/Mixin) Mixing MixinServerPlayer from xaerolib.mixins.json into net.minecraft.server.network.ServerPlayerEntity
[01:26:17] [main/DEBUG] (FabricLoader/Mixin) xaerolib.mixins.json:MixinServerPlayer from mod xaerolib: Class version 65 required is higher than the class version supported by the current version of Mixin (JAVA_17 supports class version 61)
[01:26:17] [main/DEBUG] (FabricLoader/Mixin) Mixing ServerPlayerMixin from fabric-entity-events-v1.mixins.json into net.minecraft.server.network.ServerPlayerEntity
[01:26:17] [main/DEBUG] (FabricLoader/Mixin) Mixing ServerPlayerMixin from fabric-screen-handler-api-v1.mixins.json into net.minecraft.server.network.ServerPlayerEntity
[01:26:17] [main/DEBUG] (FabricLoader/Mixin) Mixing ServerPlayerMixin from fabric-events-interaction-v0.mixins.json into net.minecraft.server.network.ServerPlayerEntity
[01:26:17] [main/DEBUG] (FabricLoader/Mixin) fabric-entity-events-v1.mixins.json:ServerPlayerMixin from mod fabric-entity-events-v1->@Inject::callOnKillForPlayer(Lnet/minecraft/entity/damage/DamageSource;Lorg/spongepowered/asm/mixin/injection/callback/CallbackInfo;)V doesn't use it's CallbackInfo
[01:26:17] [main/DEBUG] (FabricLoader/Mixin) fabric-entity-events-v1.mixins.json:ServerPlayerMixin from mod fabric-entity-events-v1->@Inject::callOnKillForPlayer(Lnet/minecraft/entity/damage/DamageSource;Lorg/spongepowered/asm/mixin/injection/callback/CallbackInfo;)V has 0 override(s) in child classes
[01:26:17] [main/DEBUG] (FabricLoader/Mixin) fabric-entity-events-v1.mixins.json:ServerPlayerMixin from mod fabric-entity-events-v1->@Inject::callOnKillForPlayer(Lnet/minecraft/entity/damage/DamageSource;Lorg/spongepowered/asm/mixin/injection/callback/CallbackInfo;)V won't be passed a CallbackInfo as a result
[01:26:17] [main/DEBUG] (FabricLoader/Mixin) fabric-entity-events-v1.mixins.json:ServerPlayerMixin from mod fabric-entity-events-v1->@Inject::notifyDeath(Lnet/minecraft/entity/damage/DamageSource;Lorg/spongepowered/asm/mixin/injection/callback/CallbackInfo;)V doesn't use it's CallbackInfo
[01:26:17] [main/DEBUG] (FabricLoader/Mixin) fabric-entity-events-v1.mixins.json:ServerPlayerMixin from mod fabric-entity-events-v1->@Inject::notifyDeath(Lnet/minecraft/entity/damage/DamageSource;Lorg/spongepowered/asm/mixin/injection/callback/CallbackInfo;)V has 0 override(s) in child classes
[01:26:17] [main/DEBUG] (FabricLoader/Mixin) fabric-entity-events-v1.mixins.json:ServerPlayerMixin from mod fabric-entity-events-v1->@Inject::notifyDeath(Lnet/minecraft/entity/damage/DamageSource;Lorg/spongepowered/asm/mixin/injection/callback/CallbackInfo;)V won't be passed a CallbackInfo as a result
[01:26:17] [main/DEBUG] (FabricLoader/Mixin) fabric-entity-events-v1.mixins.json:ServerPlayerMixin from mod fabric-entity-events-v1->@Inject::afterWorldChanged(Lnet/minecraft/server/world/ServerWorld;Lorg/spongepowered/asm/mixin/injection/callback/CallbackInfo;)V doesn't use it's CallbackInfo
[01:26:17] [main/DEBUG] (FabricLoader/Mixin) fabric-entity-events-v1.mixins.json:ServerPlayerMixin from mod fabric-entity-events-v1->@Inject::afterWorldChanged(Lnet/minecraft/server/world/ServerWorld;Lorg/spongepowered/asm/mixin/injection/callback/CallbackInfo;)V has 0 override(s) in child classes
[01:26:17] [main/DEBUG] (FabricLoader/Mixin) fabric-entity-events-v1.mixins.json:ServerPlayerMixin from mod fabric-entity-events-v1->@Inject::afterWorldChanged(Lnet/minecraft/server/world/ServerWorld;Lorg/spongepowered/asm/mixin/injection/callback/CallbackInfo;)V won't be passed a CallbackInfo as a result
[01:26:17] [main/DEBUG] (FabricLoader/Mixin) fabric-entity-events-v1.mixins.json:ServerPlayerMixin from mod fabric-entity-events-v1->@Inject::onCopyFrom(Lnet/minecraft/server/network/ServerPlayerEntity;ZLorg/spongepowered/asm/mixin/injection/callback/CallbackInfo;)V doesn't use it's CallbackInfo
[01:26:17] [main/DEBUG] (FabricLoader/Mixin) fabric-entity-events-v1.mixins.json:ServerPlayerMixin from mod fabric-entity-events-v1->@Inject::onCopyFrom(Lnet/minecraft/server/network/ServerPlayerEntity;ZLorg/spongepowered/asm/mixin/injection/callback/CallbackInfo;)V has 0 override(s) in child classes
[01:26:17] [main/DEBUG] (FabricLoader/Mixin) fabric-entity-events-v1.mixins.json:ServerPlayerMixin from mod fabric-entity-events-v1->@Inject::onCopyFrom(Lnet/minecraft/server/network/ServerPlayerEntity;ZLorg/spongepowered/asm/mixin/injection/callback/CallbackInfo;)V won't be passed a CallbackInfo as a result
[01:26:17] [main/DEBUG] (FabricLoader/Mixin) fabric-screen-handler-api-v1.mixins.json:ServerPlayerMixin from mod fabric-screen-handler-api-v1->@Inject::fabric_storeOpenedScreenHandler(Lnet/minecraft/screen/NamedScreenHandlerFactory;Lorg/spongepowered/asm/mixin/injection/callback/CallbackInfoReturnable;)V doesn't use it's CallbackInfoReturnable
[01:26:17] [main/DEBUG] (FabricLoader/Mixin) fabric-screen-handler-api-v1.mixins.json:ServerPlayerMixin from mod fabric-screen-handler-api-v1->@Inject::fabric_storeOpenedScreenHandler(Lnet/minecraft/screen/NamedScreenHandlerFactory;Lorg/spongepowered/asm/mixin/injection/callback/CallbackInfoReturnable;)V has 0 override(s) in child classes
[01:26:17] [main/DEBUG] (FabricLoader/Mixin) fabric-screen-handler-api-v1.mixins.json:ServerPlayerMixin from mod fabric-screen-handler-api-v1->@Inject::fabric_storeOpenedScreenHandler(Lnet/minecraft/screen/NamedScreenHandlerFactory;Lorg/spongepowered/asm/mixin/injection/callback/CallbackInfoReturnable;)V won't be passed a CallbackInfoReturnable as a result
[01:26:17] [main/DEBUG] (FabricLoader/Mixin) fabric-events-interaction-v0.mixins.json:ServerPlayerMixin from mod fabric-events-interaction-v0->@Inject::onPlayerInteractEntity(Lnet/minecraft/entity/Entity;Lorg/spongepowered/asm/mixin/injection/callback/CallbackInfo;)V does use it's CallbackInfo
[01:26:17] [main/DEBUG] (FabricLoader/Mixin) fabric-events-interaction-v0.mixins.json:ServerPlayerMixin from mod fabric-events-interaction-v0->@Inject::fakePlayerGameMode(Lnet/minecraft/world/GameMode;Lorg/spongepowered/asm/mixin/injection/callback/CallbackInfoReturnable;)V does use it's CallbackInfoReturnable
[01:26:17] [main/DEBUG] (FabricLoader/Mixin) Mixing entity.inactive_navigations.PathNavigationMixin from lithium.mixins.json into net.minecraft.entity.ai.pathing.EntityNavigation
[01:26:17] [main/DEBUG] (FabricLoader/Mixin) lithium.mixins.json:entity.inactive_navigations.PathNavigationMixin from mod lithium->@Inject::updateListeningState(Lorg/spongepowered/asm/mixin/injection/callback/CallbackInfo;)V doesn't use it's CallbackInfo
[01:26:17] [main/DEBUG] (FabricLoader/Mixin) lithium.mixins.json:entity.inactive_navigations.PathNavigationMixin from mod lithium->@Inject::updateListeningState(Lorg/spongepowered/asm/mixin/injection/callback/CallbackInfo;)V has 0 override(s) in child classes
[01:26:17] [main/DEBUG] (FabricLoader/Mixin) lithium.mixins.json:entity.inactive_navigations.PathNavigationMixin from mod lithium->@Inject::updateListeningState(Lorg/spongepowered/asm/mixin/injection/callback/CallbackInfo;)V won't be passed a CallbackInfo as a result
[01:26:17] [main/DEBUG] (FabricLoader/Mixin) lithium.mixins.json:entity.inactive_navigations.PathNavigationMixin from mod lithium->@Inject::updateListeningState2(Lnet/minecraft/entity/ai/pathing/Path;DLorg/spongepowered/asm/mixin/injection/callback/CallbackInfoReturnable;)V doesn't use it's CallbackInfoReturnable
[01:26:17] [main/DEBUG] (FabricLoader/Mixin) lithium.mixins.json:entity.inactive_navigations.PathNavigationMixin from mod lithium->@Inject::updateListeningState2(Lnet/minecraft/entity/ai/pathing/Path;DLorg/spongepowered/asm/mixin/injection/callback/CallbackInfoReturnable;)V has 0 override(s) in child classes
[01:26:17] [main/DEBUG] (FabricLoader/Mixin) lithium.mixins.json:entity.inactive_navigations.PathNavigationMixin from mod lithium->@Inject::updateListeningState2(Lnet/minecraft/entity/ai/pathing/Path;DLorg/spongepowered/asm/mixin/injection/callback/CallbackInfoReturnable;)V won't be passed a CallbackInfoReturnable as a result
[01:26:17] [main/DEBUG] (FabricLoader/Mixin) lithium.mixins.json:entity.inactive_navigations.PathNavigationMixin from mod lithium->@Inject::updateListeningState2(Lnet/minecraft/entity/ai/pathing/Path;DLorg/spongepowered/asm/mixin/injection/callback/CallbackInfoReturnable;)V doesn't use it's CallbackInfoReturnable
[01:26:17] [main/DEBUG] (FabricLoader/Mixin) lithium.mixins.json:entity.inactive_navigations.PathNavigationMixin from mod lithium->@Inject::updateListeningState2(Lnet/minecraft/entity/ai/pathing/Path;DLorg/spongepowered/asm/mixin/injection/callback/CallbackInfoReturnable;)V has 0 override(s) in child classes
[01:26:17] [main/DEBUG] (FabricLoader/Mixin) lithium.mixins.json:entity.inactive_navigations.PathNavigationMixin from mod lithium->@Inject::updateListeningState2(Lnet/minecraft/entity/ai/pathing/Path;DLorg/spongepowered/asm/mixin/injection/callback/CallbackInfoReturnable;)V won't be passed a CallbackInfoReturnable as a result
[01:26:17] [main/DEBUG] (FabricLoader/Mixin) lithium.mixins.json:entity.inactive_navigations.PathNavigationMixin from mod lithium->@Inject::updateListeningState2(Lnet/minecraft/entity/ai/pathing/Path;DLorg/spongepowered/asm/mixin/injection/callback/CallbackInfoReturnable;)V doesn't use it's CallbackInfoReturnable
[01:26:17] [main/DEBUG] (FabricLoader/Mixin) lithium.mixins.json:entity.inactive_navigations.PathNavigationMixin from mod lithium->@Inject::updateListeningState2(Lnet/minecraft/entity/ai/pathing/Path;DLorg/spongepowered/asm/mixin/injection/callback/CallbackInfoReturnable;)V has 0 override(s) in child classes
[01:26:17] [main/DEBUG] (FabricLoader/Mixin) lithium.mixins.json:entity.inactive_navigations.PathNavigationMixin from mod lithium->@Inject::updateListeningState2(Lnet/minecraft/entity/ai/pathing/Path;DLorg/spongepowered/asm/mixin/injection/callback/CallbackInfoReturnable;)V won't be passed a CallbackInfoReturnable as a result
[01:26:17] [main/DEBUG] (FabricLoader/Mixin) lithium.mixins.json:entity.inactive_navigations.PathNavigationMixin from mod lithium->@Inject::updateListeningState2(Lnet/minecraft/entity/ai/pathing/Path;DLorg/spongepowered/asm/mixin/injection/callback/CallbackInfoReturnable;)V doesn't use it's CallbackInfoReturnable
[01:26:17] [main/DEBUG] (FabricLoader/Mixin) lithium.mixins.json:entity.inactive_navigations.PathNavigationMixin from mod lithium->@Inject::updateListeningState2(Lnet/minecraft/entity/ai/pathing/Path;DLorg/spongepowered/asm/mixin/injection/callback/CallbackInfoReturnable;)V has 0 override(s) in child classes
[01:26:17] [main/DEBUG] (FabricLoader/Mixin) lithium.mixins.json:entity.inactive_navigations.PathNavigationMixin from mod lithium->@Inject::updateListeningState2(Lnet/minecraft/entity/ai/pathing/Path;DLorg/spongepowered/asm/mixin/injection/callback/CallbackInfoReturnable;)V won't be passed a CallbackInfoReturnable as a result
[01:26:17] [main/DEBUG] (FabricLoader/Mixin) lithium.mixins.json:entity.inactive_navigations.PathNavigationMixin from mod lithium->@Inject::stopListening(Lorg/spongepowered/asm/mixin/injection/callback/CallbackInfo;)V doesn't use it's CallbackInfo
[01:26:17] [main/DEBUG] (FabricLoader/Mixin) lithium.mixins.json:entity.inactive_navigations.PathNavigationMixin from mod lithium->@Inject::stopListening(Lorg/spongepowered/asm/mixin/injection/callback/CallbackInfo;)V has 0 override(s) in child classes
[01:26:17] [main/DEBUG] (FabricLoader/Mixin) lithium.mixins.json:entity.inactive_navigations.PathNavigationMixin from mod lithium->@Inject::stopListening(Lorg/spongepowered/asm/mixin/injection/callback/CallbackInfo;)V won't be passed a CallbackInfo as a result
[01:26:17] [main/DEBUG] (FabricLoader/Mixin) Mixing entity.replace_entitytype_predicates.ArmorStandMixin from lithium.mixins.json into net.minecraft.entity.decoration.ArmorStandEntity
[01:26:17] [main/DEBUG] (FabricLoader/Mixin) Renaming synthetic method lambda$getMinecartsDirectly$0(Lnet/minecraft/entity/Entity;Lnet/minecraft/entity/vehicle/AbstractMinecartEntity;)Z to mdfa83b2$lithium$lambda$getMinecartsDirectly$0$0 in lithium.mixins.json:entity.replace_entitytype_predicates.ArmorStandMixin from mod lithium
[01:26:17] [main/DEBUG] (FabricLoader/Mixin) Mixing DisplayAccessor from entityculling.mixins.json into net.minecraft.entity.decoration.DisplayEntity
[01:26:17] [main/DEBUG] (FabricLoader/Mixin) entityculling.mixins.json:DisplayAccessor from mod entityculling: Class version 65 required is higher than the class version supported by the current version of Mixin (JAVA_16 supports class version 60)
[01:26:17] [main/DEBUG] (FabricLoader/Mixin) Mixing BreezeMixin from fabric-particles-v1.mixins.json into net.minecraft.entity.mob.BreezeEntity
[01:26:17] [main/DEBUG] (FabricLoader/Mixin) Mixing ai.non_poi_block_search.MoveToBlockGoalMixin from lithium.mixins.json into net.minecraft.entity.ai.goal.MoveToTargetPosGoal
[01:26:17] [main/DEBUG] (FabricLoader/Mixin) Renaming synthetic method lambda$lithium$chunkAwareSearch$0(Lnet/minecraft/util/math/BlockPos;JJ)I to mdfa83b2$lithium$lambda$lithium$chunkAwareSearch$0$0 in lithium.mixins.json:ai.non_poi_block_search.MoveToBlockGoalMixin from mod lithium
[01:26:17] [main/DEBUG] (FabricLoader/Mixin) Mixing block.hopper.InventoryAccessors$AbstractMinecartContainerMixin from lithium.mixins.json into net.minecraft.entity.vehicle.StorageMinecartEntity
[01:26:17] [main/DEBUG] (FabricLoader/Mixin) Mixing block.hopper.OldMinecartBehaviorMixin from lithium.mixins.json into net.minecraft.entity.vehicle.DefaultMinecartController
[01:26:17] [main/DEBUG] (FabricLoader/Mixin) Mixing entity.collisions.unpushable_cramming.OldMinecartBehaviorMixin from lithium.mixins.json into net.minecraft.entity.vehicle.DefaultMinecartController
[01:26:17] [main/DEBUG] (FabricLoader/Mixin) Mixing entity.replace_entitytype_predicates.OldMinecartBehaviorMixin from lithium.mixins.json into net.minecraft.entity.vehicle.DefaultMinecartController
[01:26:17] [main/DEBUG] (FabricLoader/Mixin) Renaming synthetic method lambda$getOtherAbstractMinecarts$0(Lnet/minecraft/entity/Entity;Lnet/minecraft/entity/vehicle/AbstractMinecartEntity;)Z to mdfa83b2$lithium$lambda$getOtherAbstractMinecarts$0$0 in lithium.mixins.json:entity.replace_entitytype_predicates.OldMinecartBehaviorMixin from mod lithium
[01:26:17] [main/DEBUG] (FabricLoader/Mixin) lithium.mixins.json:block.hopper.OldMinecartBehaviorMixin from mod lithium->@Inject::avoidNotifyingMovementListeners(Lnet/minecraft/server/world/ServerWorld;Lorg/spongepowered/asm/mixin/injection/callback/CallbackInfo;)V doesn't use it's CallbackInfo
[01:26:17] [main/DEBUG] (FabricLoader/Mixin) lithium.mixins.json:block.hopper.OldMinecartBehaviorMixin from mod lithium->@Inject::avoidNotifyingMovementListeners(Lnet/minecraft/server/world/ServerWorld;Lorg/spongepowered/asm/mixin/injection/callback/CallbackInfo;)V has 0 override(s) in child classes
[01:26:17] [main/DEBUG] (FabricLoader/Mixin) lithium.mixins.json:block.hopper.OldMinecartBehaviorMixin from mod lithium->@Inject::avoidNotifyingMovementListeners(Lnet/minecraft/server/world/ServerWorld;Lorg/spongepowered/asm/mixin/injection/callback/CallbackInfo;)V won't be passed a CallbackInfo as a result
[01:26:17] [main/DEBUG] (FabricLoader/Mixin) lithium.mixins.json:block.hopper.OldMinecartBehaviorMixin from mod lithium->@Inject::notifyMovementListeners(Lnet/minecraft/server/world/ServerWorld;Lorg/spongepowered/asm/mixin/injection/callback/CallbackInfo;)V doesn't use it's CallbackInfo
[01:26:17] [main/DEBUG] (FabricLoader/Mixin) lithium.mixins.json:block.hopper.OldMinecartBehaviorMixin from mod lithium->@Inject::notifyMovementListeners(Lnet/minecraft/server/world/ServerWorld;Lorg/spongepowered/asm/mixin/injection/callback/CallbackInfo;)V has 0 override(s) in child classes
[01:26:17] [main/DEBUG] (FabricLoader/Mixin) lithium.mixins.json:block.hopper.OldMinecartBehaviorMixin from mod lithium->@Inject::notifyMovementListeners(Lnet/minecraft/server/world/ServerWorld;Lorg/spongepowered/asm/mixin/injection/callback/CallbackInfo;)V won't be passed a CallbackInfo as a result
[01:26:17] [main/DEBUG] (FabricLoader/Mixin) lithium.mixins.json:block.hopper.OldMinecartBehaviorMixin from mod lithium->@Inject::notifyMovementListeners(Lnet/minecraft/server/world/ServerWorld;Lorg/spongepowered/asm/mixin/injection/callback/CallbackInfo;)V doesn't use it's CallbackInfo
[01:26:17] [main/DEBUG] (FabricLoader/Mixin) lithium.mixins.json:block.hopper.OldMinecartBehaviorMixin from mod lithium->@Inject::notifyMovementListeners(Lnet/minecraft/server/world/ServerWorld;Lorg/spongepowered/asm/mixin/injection/callback/CallbackInfo;)V has 0 override(s) in child classes
[01:26:17] [main/DEBUG] (FabricLoader/Mixin) lithium.mixins.json:block.hopper.OldMinecartBehaviorMixin from mod lithium->@Inject::notifyMovementListeners(Lnet/minecraft/server/world/ServerWorld;Lorg/spongepowered/asm/mixin/injection/callback/CallbackInfo;)V won't be passed a CallbackInfo as a result
[01:26:17] [main/DEBUG] (FabricLoader/Mixin) Mixing VillagerAccessor from fabric-content-registries-v0.mixins.json into net.minecraft.entity.passive.VillagerEntity
[01:26:17] [main/DEBUG] (FabricLoader/Mixin) Renaming @Accessor method fabric_setItemFoodValues(Ljava/util/Map;)V to fabric_setItemFoodValues$fabric-content-registries-v0_$md$fa83b2$0 in fabric-content-registries-v0.mixins.json:VillagerAccessor from mod fabric-content-registries-v0
[01:26:17] [main/DEBUG] (FabricLoader/Mixin) Mixing VillagerMixin from fabric-content-registries-v0.mixins.json into net.minecraft.entity.passive.VillagerEntity
[01:26:17] [main/DEBUG] (FabricLoader/Mixin) Mixing ai.non_poi_block_search.RemoveBlockGoalMixin from lithium.mixins.json into net.minecraft.entity.ai.goal.StepAndDestroyBlockGoal
[01:26:17] [main/DEBUG] (FabricLoader/Mixin) Mixing ai.raid.RaiderMixin from lithium.mixins.json into net.minecraft.entity.raid.RaiderEntity
[01:26:17] [main/DEBUG] (FabricLoader/Mixin) Renaming synthetic method lambda$static$0(Lnet/minecraft/entity/ItemEntity;)Z to mdfa83b2$lithium$lambda$static$0$0 in lithium.mixins.json:ai.raid.RaiderMixin from mod lithium
[01:26:17] [main/DEBUG] (FabricLoader/Mixin) Mixing ai.raid.Raider$ObtainRaidLeaderBannerGoalMixin from lithium.mixins.json into net.minecraft.entity.raid.RaiderEntity$PickUpBannerAsLeaderGoal
[01:26:17] [main/DEBUG] (FabricLoader/Mixin) Mixing ai.poi.tasks.RaiderEntityAttackHomeGoalMixin from lithium.mixins.json into net.minecraft.entity.raid.RaiderEntity$AttackHomeGoal
[01:26:17] [main/DEBUG] (FabricLoader/Mixin) Mixing ai.useless_sensors.goat_item_sensor.GoatMixin from lithium.mixins.json into net.minecraft.entity.passive.GoatEntity
[01:26:17] [main/DEBUG] (FabricLoader/Mixin) lithium.mixins.json:ai.useless_sensors.goat_item_sensor.GoatMixin from mod lithium->@Inject::disableItemSensor(Lorg/spongepowered/asm/mixin/injection/callback/CallbackInfo;)V doesn't use it's CallbackInfo
[01:26:17] [main/DEBUG] (FabricLoader/Mixin) lithium.mixins.json:ai.useless_sensors.goat_item_sensor.GoatMixin from mod lithium->@Inject::disableItemSensor(Lorg/spongepowered/asm/mixin/injection/callback/CallbackInfo;)V has 0 override(s) in child classes
[01:26:17] [main/DEBUG] (FabricLoader/Mixin) lithium.mixins.json:ai.useless_sensors.goat_item_sensor.GoatMixin from mod lithium->@Inject::disableItemSensor(Lorg/spongepowered/asm/mixin/injection/callback/CallbackInfo;)V won't be passed a CallbackInfo as a result
[01:26:17] [main/DEBUG] (FabricLoader/Mixin) Mixing entity.replace_entitytype_predicates.GolemRandomStrollInVillageGoalMixin from lithium.mixins.json into net.minecraft.entity.ai.goal.IronGolemWanderAroundGoal
[01:26:17] [main/DEBUG] (FabricLoader/Mixin) Mixing entity.replace_entitytype_predicates.LlamaFollowCaravanGoalMixin from lithium.mixins.json into net.minecraft.entity.ai.goal.FormCaravanGoal
[01:26:17] [main/DEBUG] (FabricLoader/Mixin) Renaming synthetic method lambda$getLlamasForCaravan$0(Lnet/minecraft/entity/Entity;Lnet/minecraft/entity/passive/LlamaEntity;)Z to mdfa83b2$lithium$lambda$getLlamasForCaravan$0$0 in lithium.mixins.json:entity.replace_entitytype_predicates.LlamaFollowCaravanGoalMixin from mod lithium
[01:26:17] [main/DEBUG] (FabricLoader/Mixin) Mixing EntityDataSerializersAccessor from fabric-object-builder-v1.mixins.json into net.minecraft.entity.data.TrackedDataHandlerRegistry
[01:26:17] [main/DEBUG] (FabricLoader/Mixin) Renaming @Accessor method fabric_getDataHandlers()Lnet/minecraft/util/collection/Int2ObjectBiMap; to fabric_getDataHandlers$fabric-object-builder-api-v1_$md$fa83b2$0 in fabric-object-builder-v1.mixins.json:EntityDataSerializersAccessor from mod fabric-object-builder-api-v1
[01:26:17] [main/DEBUG] (FabricLoader/Mixin) Mixing EntityDataSerializersMixin from fabric-object-builder-v1.mixins.json into net.minecraft.entity.data.TrackedDataHandlerRegistry
[01:26:17] [main/DEBUG] (FabricLoader/Mixin) fabric-object-builder-v1.mixins.json:EntityDataSerializersMixin from mod fabric-object-builder-api-v1->@Inject::storeVanillaHandlers(Lorg/spongepowered/asm/mixin/injection/callback/CallbackInfo;)V doesn't use it's CallbackInfo
[01:26:17] [main/DEBUG] (FabricLoader/Mixin) fabric-object-builder-v1.mixins.json:EntityDataSerializersMixin from mod fabric-object-builder-api-v1->@Inject::onHeadRegister(Lnet/minecraft/entity/data/TrackedDataHandler;Lorg/spongepowered/asm/mixin/injection/callback/CallbackInfo;)V doesn't use it's CallbackInfo
[01:26:17] [main/DEBUG] (FabricLoader/Mixin) Mixing collections.mob_spawning.WeightedListMixin from lithium.mixins.json into net.minecraft.util.collection.Pool
[01:26:17] [main/DEBUG] (net.fabricmc.fabric.impl.object.builder.FabricTrackedDataRegistryImpl) Stored 39 vanilla handlers
[01:26:17] [main/DEBUG] (FabricLoader/Mixin) Mixing WardenMixin from fabric-particles-v1.mixins.json into net.minecraft.entity.mob.WardenEntity
[01:26:17] [main/DEBUG] (FabricLoader/Mixin) Mixing ItemContainerContentsAccessor from fabric-transfer-api-v1.mixins.json into net.minecraft.component.type.ContainerComponent
[01:26:17] [main/DEBUG] (FabricLoader/Mixin) Mixing LootTableAccessor from fabric-loot-api-v3.mixins.json into net.minecraft.loot.LootTable
[01:26:17] [main/DEBUG] (FabricLoader/Mixin) Mixing LootTableMixin from fabric-loot-api-v3.mixins.json into net.minecraft.loot.LootTable
[01:26:17] [main/DEBUG] (FabricLoader/Mixin) Mixing EnchantRandomlyFunctionMixin from fabric-item-api-v1.mixins.json into net.minecraft.loot.function.EnchantRandomlyLootFunction
[01:26:17] [main/DEBUG] (FabricLoader/Mixin) Mixing spyglass.SpyglassItemMixin from zoomify.mixins.json into net.minecraft.item.SpyglassItem
[01:26:17] [main/DEBUG] (FabricLoader/Mixin) zoomify.mixins.json:spyglass.SpyglassItemMixin from mod zoomify: Class version 65 required is higher than the class version supported by the current version of Mixin (JAVA_17 supports class version 61)
[01:26:17] [main/DEBUG] (FabricLoader/Mixin) Mixing HoneycombItemMixin from fabric-content-registries-v0.mixins.json into net.minecraft.item.HoneycombItem
[01:26:17] [main/DEBUG] (FabricLoader/Mixin) fabric-content-registries-v0.mixins.json:HoneycombItemMixin from mod fabric-content-registries-v0->@Inject::createUnwaxedToWaxedMap(Lorg/spongepowered/asm/mixin/injection/callback/CallbackInfoReturnable;)V does use it's CallbackInfoReturnable
[01:26:17] [main/DEBUG] (FabricLoader/Mixin) Mixing BrushItemMixin from fabric-particles-v1.mixins.json into net.minecraft.item.BrushItem
[01:26:17] [main/DEBUG] (FabricLoader/Mixin) Mixing EntitySelectorOptionsAccessor from fabric-command-api-v2.mixins.json into net.minecraft.command.EntitySelectorOptions
[01:26:17] [main/DEBUG] (FabricLoader/Mixin) Renaming @Invoker method callPutOption(Ljava/lang/String;Lnet/minecraft/command/EntitySelectorOptions$SelectorHandler;Ljava/util/function/Predicate;Lnet/minecraft/text/Text;)V to callPutOption$fabric-command-api-v2_$md$fa83b2$0 in fabric-command-api-v2.mixins.json:EntitySelectorOptionsAccessor from mod fabric-command-api-v2
[01:26:17] [main/DEBUG] (FabricLoader/Mixin) Mixing EntitySelectorParserMixin from fabric-command-api-v2.mixins.json into net.minecraft.command.EntitySelectorReader
[01:26:17] [main/DEBUG] (FabricLoader/Mixin) Generating mapped inner class net/minecraft/block/entity/ChiseledBookshelfBlockEntity$Anonymous$6b8fabc9a3dd3f94be74f1199f97fdb5 (originally net/fabricmc/fabric/mixin/transfer/ChiseledBookShelfBlockEntityMixin$1)
[01:26:17] [main/DEBUG] (FabricLoader/Mixin) Mixing world.combined_heightmap_update.HeightmapAccessor from lithium.mixins.json into net.minecraft.world.Heightmap
[01:26:17] [main/DEBUG] (FabricLoader/Mixin) Mixing SimpleContainerMixin from fabric-transfer-api-v1.mixins.json into net.minecraft.inventory.SimpleInventory
[01:26:17] [main/DEBUG] (FabricLoader/Mixin) Mixing CraftingRecipeMixin from fabric-item-api-v1.mixins.json into net.minecraft.recipe.CraftingRecipe
[01:26:17] [main/DEBUG] (FabricLoader/Mixin) Mixing ingredient.IngredientMixin from fabric-recipe-api-v1.mixins.json into net.minecraft.recipe.Ingredient
[01:26:17] [main/DEBUG] (FabricLoader/Mixin) Renaming synthetic method lambda$injectCodec$2(Lnet/minecraft/recipe/Ingredient;)Lcom/mojang/datafixers/util/Either; to mdfa83b2$fabric-recipe-api-v1$lambda$injectCodec$2$0 in fabric-recipe-api-v1.mixins.json:ingredient.IngredientMixin from mod fabric-recipe-api-v1
[01:26:17] [main/DEBUG] (FabricLoader/Mixin) Renaming synthetic method lambda$injectCodec$1(Lcom/mojang/datafixers/util/Either;)Lnet/minecraft/recipe/Ingredient; to mdfa83b2$fabric-recipe-api-v1$lambda$injectCodec$1$1 in fabric-recipe-api-v1.mixins.json:ingredient.IngredientMixin from mod fabric-recipe-api-v1
[01:26:17] [main/DEBUG] (FabricLoader/Mixin) Renaming synthetic method lambda$injectCodec$0(Lnet/minecraft/recipe/Ingredient;)Lnet/minecraft/recipe/Ingredient; to mdfa83b2$fabric-recipe-api-v1$lambda$injectCodec$0$2 in fabric-recipe-api-v1.mixins.json:ingredient.IngredientMixin from mod fabric-recipe-api-v1
[01:26:17] [main/DEBUG] (FabricLoader/Mixin) fabric-recipe-api-v1.mixins.json:ingredient.IngredientMixin from mod fabric-recipe-api-v1->@Inject::injectCodec(Lorg/spongepowered/asm/mixin/injection/callback/CallbackInfo;)V doesn't use it's CallbackInfo
[01:26:17] [main/DEBUG] (FabricLoader/Mixin) fabric-recipe-api-v1.mixins.json:ingredient.IngredientMixin from mod fabric-recipe-api-v1->@Inject::onGetEntries(Lnet/minecraft/recipe/Ingredient;Lorg/spongepowered/asm/mixin/injection/callback/CallbackInfoReturnable;)V does use it's CallbackInfoReturnable
[01:26:17] [main/DEBUG] (FabricLoader/Mixin) fabric-recipe-api-v1.mixins.json:ingredient.IngredientMixin from mod fabric-recipe-api-v1->@Inject::onGetEntries(Lnet/minecraft/recipe/Ingredient;Lorg/spongepowered/asm/mixin/injection/callback/CallbackInfoReturnable;)V does use it's CallbackInfoReturnable
[01:26:17] [main/DEBUG] (FabricLoader/Mixin) fabric-recipe-api-v1.mixins.json:ingredient.IngredientMixin from mod fabric-recipe-api-v1->@Inject::onGetEntries(Lnet/minecraft/recipe/Ingredient;Lorg/spongepowered/asm/mixin/injection/callback/CallbackInfoReturnable;)V does use it's CallbackInfoReturnable
[01:26:17] [main/DEBUG] (FabricLoader/Mixin) fabric-recipe-api-v1.mixins.json:ingredient.IngredientMixin from mod fabric-recipe-api-v1->@Inject::onHeadEquals(Ljava/lang/Object;Lorg/spongepowered/asm/mixin/injection/callback/CallbackInfoReturnable;)V does use it's CallbackInfoReturnable
[01:26:17] [main/DEBUG] (FabricLoader/Mixin) Mixing ingredient.ShapelessRecipeMixin from fabric-recipe-api-v1.mixins.json into net.minecraft.recipe.ShapelessRecipe
[01:26:17] [main/DEBUG] (FabricLoader/Mixin) fabric-recipe-api-v1.mixins.json:ingredient.ShapelessRecipeMixin from mod fabric-recipe-api-v1->@Inject::cacheRequiresTesting(Ljava/lang/String;Lnet/minecraft/recipe/book/CraftingRecipeCategory;Lnet/minecraft/item/ItemStack;Ljava/util/List;Lorg/spongepowered/asm/mixin/injection/callback/CallbackInfo;)V doesn't use it's CallbackInfo
[01:26:17] [main/DEBUG] (FabricLoader/Mixin) fabric-recipe-api-v1.mixins.json:ingredient.ShapelessRecipeMixin from mod fabric-recipe-api-v1->@Inject::cacheRequiresTesting(Ljava/lang/String;Lnet/minecraft/recipe/book/CraftingRecipeCategory;Lnet/minecraft/item/ItemStack;Ljava/util/List;Lorg/spongepowered/asm/mixin/injection/callback/CallbackInfo;)V has 0 override(s) in child classes
[01:26:17] [main/DEBUG] (FabricLoader/Mixin) fabric-recipe-api-v1.mixins.json:ingredient.ShapelessRecipeMixin from mod fabric-recipe-api-v1->@Inject::cacheRequiresTesting(Ljava/lang/String;Lnet/minecraft/recipe/book/CraftingRecipeCategory;Lnet/minecraft/item/ItemStack;Ljava/util/List;Lorg/spongepowered/asm/mixin/injection/callback/CallbackInfo;)V won't be passed a CallbackInfo as a result
[01:26:17] [main/DEBUG] (FabricLoader/Mixin) fabric-recipe-api-v1.mixins.json:ingredient.ShapelessRecipeMixin from mod fabric-recipe-api-v1->@Inject::customIngredientMatch(Lnet/minecraft/recipe/input/CraftingRecipeInput;Lnet/minecraft/world/World;Lorg/spongepowered/asm/mixin/injection/callback/CallbackInfoReturnable;)V does use it's CallbackInfoReturnable
[01:26:17] [main/DEBUG] (FabricLoader/Mixin) Mixing ai.useless_sensors.SensorAccessor from lithium.mixins.json into net.minecraft.entity.ai.brain.sensor.Sensor
[01:26:17] [main/DEBUG] (FabricLoader/Mixin) Mixing ai.sensor.secondary_poi.SecondaryPoiSensorMixin from lithium.mixins.json into net.minecraft.entity.ai.brain.sensor.SecondaryPointsOfInterestSensor
[01:26:17] [main/DEBUG] (FabricLoader/Mixin) lithium.mixins.json:ai.sensor.secondary_poi.SecondaryPoiSensorMixin from mod lithium->@Inject::skipUselessSense(Lnet/minecraft/server/world/ServerWorld;Lnet/minecraft/entity/passive/VillagerEntity;Lorg/spongepowered/asm/mixin/injection/callback/CallbackInfo;)V does use it's CallbackInfo
[01:26:17] [main/DEBUG] (FabricLoader/Mixin) Mixing ai.non_poi_block_search.PiglinSpecificSensorMixin from lithium.mixins.json into net.minecraft.entity.ai.brain.sensor.PiglinSpecificSensor
[01:26:17] [main/DEBUG] (FabricLoader/Mixin) Mixing ai.non_poi_block_search.HoglinSpecificSensorMixin from lithium.mixins.json into net.minecraft.entity.ai.brain.sensor.HoglinSpecificSensor
[01:26:17] [main/DEBUG] (FabricLoader/Mixin) Mixing ai.sensor.replace_streams.tempting.TemptingSensorMixin from lithium.mixins.json into net.minecraft.entity.ai.brain.sensor.TemptationsSensor
[01:26:17] [main/DEBUG] (FabricLoader/Mixin) Mixing minimal_nonvanilla.ai.sensor.frog_attackables.FrogAttackablesSensorMixin from lithium.mixins.json into net.minecraft.entity.ai.brain.sensor.FrogAttackablesSensor
[01:26:18] [main/DEBUG] (FabricLoader/Mixin) Mixing ChunkStatusTasksMixin from fabric-lifecycle-events-v1.mixins.json into net.minecraft.world.chunk.ChunkGenerating
[01:26:18] [main/DEBUG] (FabricLoader/Mixin) fabric-lifecycle-events-v1.mixins.json:ChunkStatusTasksMixin from mod fabric-lifecycle-events-v1->@Inject::onChunkLoad(Lnet/minecraft/world/chunk/Chunk;Lnet/minecraft/world/chunk/ChunkGenerationContext;Lnet/minecraft/world/chunk/AbstractChunkHolder;Lorg/spongepowered/asm/mixin/injection/callback/CallbackInfoReturnable;)V does use it's CallbackInfoReturnable
[01:26:18] [main/DEBUG] (FabricLoader/Mixin) Mixing StructureTemplateManagerMixin from fabric-gametest-api-v1.mixins.json into net.minecraft.structure.StructureTemplateManager
[01:26:18] [main/DEBUG] (FabricLoader/Mixin) Renaming @Unique method streamTemplatesFromResource()Ljava/util/stream/Stream; to mdfa83b2$fabric-gametest-api-v1$streamTemplatesFromResource$0 in fabric-gametest-api-v1.mixins.json:StructureTemplateManagerMixin from mod fabric-gametest-api-v1
[01:26:18] [main/DEBUG] (FabricLoader/Mixin) fabric-gametest-api-v1.mixins.json:StructureTemplateManagerMixin from mod fabric-gametest-api-v1->@Inject::addFabricTemplateProvider(Lnet/minecraft/resource/ResourceManager;Lnet/minecraft/world/level/storage/LevelStorage$Session;Lcom/mojang/datafixers/DataFixer;Lnet/minecraft/registry/RegistryEntryLookup;Lorg/spongepowered/asm/mixin/injection/callback/CallbackInfo;)V doesn't use it's CallbackInfo
[01:26:18] [main/DEBUG] (FabricLoader/Mixin) fabric-gametest-api-v1.mixins.json:StructureTemplateManagerMixin from mod fabric-gametest-api-v1->@Inject::addFabricTemplateProvider(Lnet/minecraft/resource/ResourceManager;Lnet/minecraft/world/level/storage/LevelStorage$Session;Lcom/mojang/datafixers/DataFixer;Lnet/minecraft/registry/RegistryEntryLookup;Lorg/spongepowered/asm/mixin/injection/callback/CallbackInfo;)V has 0 override(s) in child classes
[01:26:18] [main/DEBUG] (FabricLoader/Mixin) fabric-gametest-api-v1.mixins.json:StructureTemplateManagerMixin from mod fabric-gametest-api-v1->@Inject::addFabricTemplateProvider(Lnet/minecraft/resource/ResourceManager;Lnet/minecraft/world/level/storage/LevelStorage$Session;Lcom/mojang/datafixers/DataFixer;Lnet/minecraft/registry/RegistryEntryLookup;Lorg/spongepowered/asm/mixin/injection/callback/CallbackInfo;)V won't be passed a CallbackInfo as a result
[01:26:18] [main/DEBUG] (FabricLoader/Mixin) Mixing collections.mob_spawning.MobSpawnSettingsMixin from lithium.mixins.json into net.minecraft.world.biome.SpawnSettings
[01:26:18] [main/DEBUG] (FabricLoader/Mixin) lithium.mixins.json:collections.mob_spawning.MobSpawnSettingsMixin from mod lithium->@Inject::reinit(FLjava/util/Map;Ljava/util/Map;Lorg/spongepowered/asm/mixin/injection/callback/CallbackInfo;)V doesn't use it's CallbackInfo
[01:26:18] [main/DEBUG] (FabricLoader/Mixin) lithium.mixins.json:collections.mob_spawning.MobSpawnSettingsMixin from mod lithium->@Inject::reinit(FLjava/util/Map;Ljava/util/Map;Lorg/spongepowered/asm/mixin/injection/callback/CallbackInfo;)V has 0 override(s) in child classes
[01:26:18] [main/DEBUG] (FabricLoader/Mixin) lithium.mixins.json:collections.mob_spawning.MobSpawnSettingsMixin from mod lithium->@Inject::reinit(FLjava/util/Map;Ljava/util/Map;Lorg/spongepowered/asm/mixin/injection/callback/CallbackInfo;)V won't be passed a CallbackInfo as a result
[01:26:18] [main/DEBUG] (FabricLoader/Mixin) Mixing BiomeSourceMixin from fabric-biome-api-v1.mixins.json into net.minecraft.world.biome.source.BiomeSource
[01:26:18] [main/DEBUG] (FabricLoader/Mixin) Mixing MultiNoiseBiomeSourceMixin from fabric-biome-api-v1.mixins.json into net.minecraft.world.biome.source.MultiNoiseBiomeSource
[01:26:18] [main/DEBUG] (FabricLoader/Mixin) Mixing NetherBiomePresetMixin from fabric-biome-api-v1.mixins.json into net.minecraft.world.biome.source.MultiNoiseBiomeSourceParameterList$Preset$1
[01:26:18] [main/DEBUG] (FabricLoader/Mixin) fabric-biome-api-v1.mixins.json:NetherBiomePresetMixin from mod fabric-biome-api-v1->@Inject::apply(Ljava/util/function/Function;Lorg/spongepowered/asm/mixin/injection/callback/CallbackInfoReturnable;)V does use it's CallbackInfoReturnable
[01:26:18] [main/DEBUG] (FabricLoader/Mixin) Mixing RegistryOpsAccessor from fabric-resource-conditions-api-v1.mixins.json into net.minecraft.registry.RegistryOps
[01:26:18] [main/DEBUG] (FabricLoader/Mixin) Mixing TheEndBiomeSourceMixin from fabric-biome-api-v1.mixins.json into net.minecraft.world.biome.source.TheEndBiomeSource
[01:26:18] [main/DEBUG] (FabricLoader/Mixin) Renaming synthetic method lambda$init$1(Lnet/minecraft/registry/RegistryEntryLookup;)Lnet/fabricmc/fabric/impl/biome/TheEndBiomeData$Overrides; to mdfa83b2$fabric-biome-api-v1$lambda$init$1$0 in fabric-biome-api-v1.mixins.json:TheEndBiomeSourceMixin from mod fabric-biome-api-v1
[01:26:18] [main/DEBUG] (FabricLoader/Mixin) Renaming synthetic method lambda$modifyCodec$0(Lcom/mojang/serialization/codecs/RecordCodecBuilder$Instance;)Lcom/mojang/datafixers/kinds/App; to mdfa83b2$fabric-biome-api-v1$lambda$modifyCodec$0$1 in fabric-biome-api-v1.mixins.json:TheEndBiomeSourceMixin from mod fabric-biome-api-v1
[01:26:18] [main/DEBUG] (FabricLoader/Mixin) fabric-biome-api-v1.mixins.json:TheEndBiomeSourceMixin from mod fabric-biome-api-v1->@Inject::modifyCodec(Lorg/spongepowered/asm/mixin/injection/callback/CallbackInfo;)V doesn't use it's CallbackInfo
[01:26:18] [main/DEBUG] (FabricLoader/Mixin) fabric-biome-api-v1.mixins.json:TheEndBiomeSourceMixin from mod fabric-biome-api-v1->@Inject::rememberLookup(Lnet/minecraft/registry/RegistryEntryLookup;Lorg/spongepowered/asm/mixin/injection/callback/CallbackInfoReturnable;)V doesn't use it's CallbackInfoReturnable
[01:26:18] [main/DEBUG] (FabricLoader/Mixin) fabric-biome-api-v1.mixins.json:TheEndBiomeSourceMixin from mod fabric-biome-api-v1->@Inject::clearLookup(Lnet/minecraft/registry/RegistryEntryLookup;Lorg/spongepowered/asm/mixin/injection/callback/CallbackInfoReturnable;)V doesn't use it's CallbackInfoReturnable
[01:26:18] [main/DEBUG] (FabricLoader/Mixin) fabric-biome-api-v1.mixins.json:TheEndBiomeSourceMixin from mod fabric-biome-api-v1->@Inject::init(Lnet/minecraft/registry/entry/RegistryEntry;Lnet/minecraft/registry/entry/RegistryEntry;Lnet/minecraft/registry/entry/RegistryEntry;Lnet/minecraft/registry/entry/RegistryEntry;Lnet/minecraft/registry/entry/RegistryEntry;Lorg/spongepowered/asm/mixin/injection/callback/CallbackInfo;)V doesn't use it's CallbackInfo
[01:26:18] [main/DEBUG] (FabricLoader/Mixin) fabric-biome-api-v1.mixins.json:TheEndBiomeSourceMixin from mod fabric-biome-api-v1->@Inject::init(Lnet/minecraft/registry/entry/RegistryEntry;Lnet/minecraft/registry/entry/RegistryEntry;Lnet/minecraft/registry/entry/RegistryEntry;Lnet/minecraft/registry/entry/RegistryEntry;Lnet/minecraft/registry/entry/RegistryEntry;Lorg/spongepowered/asm/mixin/injection/callback/CallbackInfo;)V has 0 override(s) in child classes
[01:26:18] [main/DEBUG] (FabricLoader/Mixin) fabric-biome-api-v1.mixins.json:TheEndBiomeSourceMixin from mod fabric-biome-api-v1->@Inject::init(Lnet/minecraft/registry/entry/RegistryEntry;Lnet/minecraft/registry/entry/RegistryEntry;Lnet/minecraft/registry/entry/RegistryEntry;Lnet/minecraft/registry/entry/RegistryEntry;Lnet/minecraft/registry/entry/RegistryEntry;Lorg/spongepowered/asm/mixin/injection/callback/CallbackInfo;)V won't be passed a CallbackInfo as a result
[01:26:18] [main/DEBUG] (FabricLoader/Mixin) fabric-biome-api-v1.mixins.json:TheEndBiomeSourceMixin from mod fabric-biome-api-v1->@Inject::getWeightedEndBiome(IIILnet/minecraft/world/biome/source/util/MultiNoiseUtil$MultiNoiseSampler;Lorg/spongepowered/asm/mixin/injection/callback/CallbackInfoReturnable;)V does use it's CallbackInfoReturnable
[01:26:18] [main/DEBUG] (FabricLoader/Mixin) fabric-biome-api-v1.mixins.json:TheEndBiomeSourceMixin from mod fabric-biome-api-v1->@Inject::getWeightedEndBiome(IIILnet/minecraft/world/biome/source/util/MultiNoiseUtil$MultiNoiseSampler;Lorg/spongepowered/asm/mixin/injection/callback/CallbackInfoReturnable;)V does use it's CallbackInfoReturnable
[01:26:18] [main/DEBUG] (FabricLoader/Mixin) fabric-biome-api-v1.mixins.json:TheEndBiomeSourceMixin from mod fabric-biome-api-v1->@Inject::getWeightedEndBiome(IIILnet/minecraft/world/biome/source/util/MultiNoiseUtil$MultiNoiseSampler;Lorg/spongepowered/asm/mixin/injection/callback/CallbackInfoReturnable;)V does use it's CallbackInfoReturnable
[01:26:18] [main/DEBUG] (FabricLoader/Mixin) fabric-biome-api-v1.mixins.json:TheEndBiomeSourceMixin from mod fabric-biome-api-v1->@Inject::getWeightedEndBiome(IIILnet/minecraft/world/biome/source/util/MultiNoiseUtil$MultiNoiseSampler;Lorg/spongepowered/asm/mixin/injection/callback/CallbackInfoReturnable;)V does use it's CallbackInfoReturnable
[01:26:18] [main/DEBUG] (FabricLoader/Mixin) fabric-biome-api-v1.mixins.json:TheEndBiomeSourceMixin from mod fabric-biome-api-v1->@Inject::getWeightedEndBiome(IIILnet/minecraft/world/biome/source/util/MultiNoiseUtil$MultiNoiseSampler;Lorg/spongepowered/asm/mixin/injection/callback/CallbackInfoReturnable;)V does use it's CallbackInfoReturnable
[01:26:18] [main/DEBUG] (FabricLoader/Mixin) Mixing gen.cached_generator_settings.NoiseBasedChunkGeneratorMixin from lithium.mixins.json into net.minecraft.world.gen.chunk.NoiseChunkGenerator
[01:26:18] [main/DEBUG] (FabricLoader/Mixin) Mixing DebugLevelSourceAccessor from fabric-registry-sync-v0.mixins.json into net.minecraft.world.gen.chunk.DebugChunkGenerator
[01:26:18] [main/DEBUG] (FabricLoader/Mixin) Renaming @Accessor method setALL_BLOCKS(Ljava/util/List;)V to setALL_BLOCKS$fabric-registry-sync-v0_$md$fa83b2$0 in fabric-registry-sync-v0.mixins.json:DebugLevelSourceAccessor from mod fabric-registry-sync-v0
[01:26:18] [main/DEBUG] (FabricLoader/Mixin) Renaming @Accessor method setGRID_WIDTH(I)V to setGRID_WIDTH$fabric-registry-sync-v0_$md$fa83b2$1 in fabric-registry-sync-v0.mixins.json:DebugLevelSourceAccessor from mod fabric-registry-sync-v0
[01:26:18] [main/DEBUG] (FabricLoader/Mixin) Renaming @Accessor method setGRID_HEIGHT(I)V to setGRID_HEIGHT$fabric-registry-sync-v0_$md$fa83b2$2 in fabric-registry-sync-v0.mixins.json:DebugLevelSourceAccessor from mod fabric-registry-sync-v0
[01:26:18] [main/DEBUG] (FabricLoader/Mixin) Mixing GameRulesServiceGameRuleUpdateMixin from fabric-game-rule-api-v1.mixins.json into net.minecraft.server.dedicated.management.dispatch.GameRuleRpcDispatcher$RuleEntry
[01:26:18] [main/DEBUG] (FabricLoader/Mixin) Renaming synthetic method lambda$fabric_createTypedCodec$4(Lnet/minecraft/world/rule/GameRule;Lcom/mojang/serialization/codecs/RecordCodecBuilder$Instance;)Lcom/mojang/datafixers/kinds/App; to mdfa83b2$fabric-game-rule-api-v1$lambda$fabric_createTypedCodec$4$0 in fabric-game-rule-api-v1.mixins.json:GameRulesServiceGameRuleUpdateMixin from mod fabric-game-rule-api-v1
[01:26:18] [main/DEBUG] (FabricLoader/Mixin) Renaming synthetic method lambda$fabric_createTypedCodec$3(Lnet/minecraft/world/rule/GameRule;Lnet/fabricmc/fabric/impl/gamerule/rpc/FabricGameRuleType;Ljava/lang/Object;)Lnet/minecraft/server/dedicated/management/dispatch/GameRuleRpcDispatcher$RuleEntry; to mdfa83b2$fabric-game-rule-api-v1$lambda$fabric_createTypedCodec$3$1 in fabric-game-rule-api-v1.mixins.json:GameRulesServiceGameRuleUpdateMixin from mod fabric-game-rule-api-v1
[01:26:18] [main/DEBUG] (FabricLoader/Mixin) Renaming synthetic method lambda$fabric_createTypedCodec$2(Lnet/minecraft/server/dedicated/management/dispatch/GameRuleRpcDispatcher$RuleEntry;)Lnet/fabricmc/fabric/impl/gamerule/rpc/FabricGameRuleType; to mdfa83b2$fabric-game-rule-api-v1$lambda$fabric_createTypedCodec$2$2 in fabric-game-rule-api-v1.mixins.json:GameRulesServiceGameRuleUpdateMixin from mod fabric-game-rule-api-v1
[01:26:18] [main/DEBUG] (FabricLoader/Mixin) Renaming synthetic method lambda$fabricTypeCodec$1(Lnet/minecraft/server/dedicated/management/dispatch/GameRuleRpcDispatcher$RuleEntry;)Lcom/mojang/datafixers/util/Either; to mdfa83b2$fabric-game-rule-api-v1$lambda$fabricTypeCodec$1$3 in fabric-game-rule-api-v1.mixins.json:GameRulesServiceGameRuleUpdateMixin from mod fabric-game-rule-api-v1
[01:26:18] [main/DEBUG] (FabricLoader/Mixin) Renaming synthetic method lambda$fabricTypeCodec$0(Lcom/mojang/datafixers/util/Either;)Lnet/minecraft/server/dedicated/management/dispatch/GameRuleRpcDispatcher$RuleEntry; to mdfa83b2$fabric-game-rule-api-v1$lambda$fabricTypeCodec$0$4 in fabric-game-rule-api-v1.mixins.json:GameRulesServiceGameRuleUpdateMixin from mod fabric-game-rule-api-v1
[01:26:18] [main/DEBUG] (FabricLoader/Mixin) fabric-game-rule-api-v1.mixins.json:GameRulesServiceGameRuleUpdateMixin from mod fabric-game-rule-api-v1->@Inject::updateFabricType(Lnet/minecraft/world/rule/GameRule;Ljava/lang/Object;Lorg/spongepowered/asm/mixin/injection/callback/CallbackInfo;)V doesn't use it's CallbackInfo
[01:26:18] [main/DEBUG] (FabricLoader/Mixin) Mixing client.item.BlockModelWrapperUnbakedMixin from fabric-renderer-api-v1.mixins.json into net.minecraft.client.render.item.model.BasicItemModel$Unbaked
[01:26:18] [main/DEBUG] (FabricLoader/Mixin) Mixing client.item.BlockModelWrapperMixin from fabric-renderer-api-v1.mixins.json into net.minecraft.client.render.item.model.BasicItemModel
[01:26:18] [main/DEBUG] (FabricLoader/Mixin) Renaming synthetic method lambda$fabric_setMesh$1(Lnet/minecraft/client/render/model/ErrorCollectingSpriteGetter;Lnet/fabricmc/fabric/api/renderer/v1/mesh/QuadView;)V to mdfa83b2$fabric-renderer-api-v1$lambda$fabric_setMesh$1$0 in fabric-renderer-api-v1.mixins.json:client.item.BlockModelWrapperMixin from mod fabric-renderer-api-v1
[01:26:18] [main/DEBUG] (FabricLoader/Mixin) Renaming synthetic method lambda$onReturnUpdate$0(Lnet/minecraft/client/render/BlockRenderLayer;Lnet/fabricmc/fabric/api/renderer/v1/mesh/QuadAtlas;Lnet/minecraft/client/render/BlockRenderLayer;)Lnet/minecraft/client/render/RenderLayer; to mdfa83b2$fabric-renderer-api-v1$lambda$onReturnUpdate$0$1 in fabric-renderer-api-v1.mixins.json:client.item.BlockModelWrapperMixin from mod fabric-renderer-api-v1
[01:26:18] [main/DEBUG] (FabricLoader/Mixin) Mixing renderers.BlockModelWrapper_faceCullingMixin from moreculling.mixins.json into net.minecraft.client.render.item.model.BasicItemModel
[01:26:18] [main/DEBUG] (FabricLoader/Mixin) fabric-renderer-api-v1.mixins.json:client.item.BlockModelWrapperMixin from mod fabric-renderer-api-v1->@Inject::onReturnUpdate(Lnet/minecraft/client/render/item/ItemRenderState;Lnet/minecraft/item/ItemStack;Lnet/minecraft/client/item/ItemModelManager;Lnet/minecraft/item/ItemDisplayContext;Lnet/minecraft/client/world/ClientWorld;Lnet/minecraft/util/HeldItemContext;ILorg/spongepowered/asm/mixin/injection/callback/CallbackInfo;)V doesn't use it's CallbackInfo
[01:26:18] [main/DEBUG] (FabricLoader/Mixin) fabric-renderer-api-v1.mixins.json:client.item.BlockModelWrapperMixin from mod fabric-renderer-api-v1->@Inject::onReturnUpdate(Lnet/minecraft/client/render/item/ItemRenderState;Lnet/minecraft/item/ItemStack;Lnet/minecraft/client/item/ItemModelManager;Lnet/minecraft/item/ItemDisplayContext;Lnet/minecraft/client/world/ClientWorld;Lnet/minecraft/util/HeldItemContext;ILorg/spongepowered/asm/mixin/injection/callback/CallbackInfo;)V has 0 override(s) in child classes
[01:26:18] [main/DEBUG] (FabricLoader/Mixin) fabric-renderer-api-v1.mixins.json:client.item.BlockModelWrapperMixin from mod fabric-renderer-api-v1->@Inject::onReturnUpdate(Lnet/minecraft/client/render/item/ItemRenderState;Lnet/minecraft/item/ItemStack;Lnet/minecraft/client/item/ItemModelManager;Lnet/minecraft/item/ItemDisplayContext;Lnet/minecraft/client/world/ClientWorld;Lnet/minecraft/util/HeldItemContext;ILorg/spongepowered/asm/mixin/injection/callback/CallbackInfo;)V won't be passed a CallbackInfo as a result
[01:26:18] [main/DEBUG] (FabricLoader/Mixin) moreculling.mixins.json:renderers.BlockModelWrapper_faceCullingMixin from mod moreculling->@Inject::moreculling$checkIfBlockItem(Lnet/minecraft/client/render/item/ItemRenderState;Lnet/minecraft/item/ItemStack;Lnet/minecraft/client/item/ItemModelManager;Lnet/minecraft/item/ItemDisplayContext;Lnet/minecraft/client/world/ClientWorld;Lnet/minecraft/util/HeldItemContext;ILorg/spongepowered/asm/mixin/injection/callback/CallbackInfo;)V doesn't use it's CallbackInfo
[01:26:18] [main/DEBUG] (FabricLoader/Mixin) moreculling.mixins.json:renderers.BlockModelWrapper_faceCullingMixin from mod moreculling->@Inject::moreculling$checkIfBlockItem(Lnet/minecraft/client/render/item/ItemRenderState;Lnet/minecraft/item/ItemStack;Lnet/minecraft/client/item/ItemModelManager;Lnet/minecraft/item/ItemDisplayContext;Lnet/minecraft/client/world/ClientWorld;Lnet/minecraft/util/HeldItemContext;ILorg/spongepowered/asm/mixin/injection/callback/CallbackInfo;)V has 0 override(s) in child classes
[01:26:18] [main/DEBUG] (FabricLoader/Mixin) moreculling.mixins.json:renderers.BlockModelWrapper_faceCullingMixin from mod moreculling->@Inject::moreculling$checkIfBlockItem(Lnet/minecraft/client/render/item/ItemRenderState;Lnet/minecraft/item/ItemStack;Lnet/minecraft/client/item/ItemModelManager;Lnet/minecraft/item/ItemDisplayContext;Lnet/minecraft/client/world/ClientWorld;Lnet/minecraft/util/HeldItemContext;ILorg/spongepowered/asm/mixin/injection/callback/CallbackInfo;)V won't be passed a CallbackInfo as a result
[01:26:18] [main/DEBUG] (FabricLoader/Mixin) Mixing client.SpecialModelWrapperMixin from geckolib.mixins.json into net.minecraft.client.render.item.model.SpecialItemModel
[01:26:18] [main/DEBUG] (FabricLoader/Mixin) geckolib.mixins.json:client.SpecialModelWrapperMixin from mod geckolib: Class version 65 required is higher than the class version supported by the current version of Mixin (JAVA_17 supports class version 61)
[01:26:18] [main/DEBUG] (FabricLoader/Mixin) Mixing client.SpecialModelRenderersMixin from geckolib.mixins.json into net.minecraft.client.render.item.model.special.SpecialModelTypes
[01:26:18] [main/DEBUG] (FabricLoader/Mixin) geckolib.mixins.json:client.SpecialModelRenderersMixin from mod geckolib: Class version 65 required is higher than the class version supported by the current version of Mixin (JAVA_17 supports class version 61)
[01:26:18] [main/DEBUG] (FabricLoader/Mixin) Mixing SpecialModelRenderersMixin from fabric-rendering-v1.mixins.json into net.minecraft.client.render.item.model.special.SpecialModelTypes
[01:26:18] [main/DEBUG] (FabricLoader/Mixin) geckolib.mixins.json:client.SpecialModelRenderersMixin from mod geckolib->@Inject::geckolib$addSpecialRenderer(Lorg/spongepowered/asm/mixin/injection/callback/CallbackInfo;)V doesn't use it's CallbackInfo
[01:26:18] [main/DEBUG] (FabricLoader/Mixin) fabric-rendering-v1.mixins.json:SpecialModelRenderersMixin from mod fabric-rendering-v1->@Inject::onReturnClinit(Lorg/spongepowered/asm/mixin/injection/callback/CallbackInfo;)V doesn't use it's CallbackInfo
[01:26:18] [main/DEBUG] (FabricLoader/Mixin) Mixing SheetsMixin from fabric-object-builder-v1.client.mixins.json into net.minecraft.client.render.TexturedRenderLayers
[01:26:18] [main/DEBUG] (FabricLoader/Mixin) fabric-object-builder-v1.client.mixins.json:SheetsMixin from mod fabric-object-builder-api-v1->@Inject::onReturnClinit(Lorg/spongepowered/asm/mixin/injection/callback/CallbackInfo;)V doesn't use it's CallbackInfo
[01:26:18] [main/DEBUG] (FabricLoader/Mixin) Mixing skip_text_translucency_sorting.MixinRenderTypes from immediatelyfast-common.mixins.json into net.minecraft.client.render.RenderLayers
[01:26:18] [main/DEBUG] (FabricLoader/Mixin) Mixing MixinRenderType from xaerolib.mixins.json into net.minecraft.client.render.RenderLayer
[01:26:18] [main/DEBUG] (FabricLoader/Mixin) xaerolib.mixins.json:MixinRenderType from mod xaerolib: Class version 65 required is higher than the class version supported by the current version of Mixin (JAVA_17 supports class version 61)
[01:26:18] [main/DEBUG] (FabricLoader/Mixin) Mixing MixinRenderTypeAccessor from xaerolib.mixins.json into net.minecraft.client.render.RenderLayer
[01:26:18] [main/DEBUG] (FabricLoader/Mixin) xaerolib.mixins.json:MixinRenderTypeAccessor from mod xaerolib: Class version 65 required is higher than the class version supported by the current version of Mixin (JAVA_17 supports class version 61)
[01:26:18] [main/DEBUG] (FabricLoader/Mixin) Mixing RenderLayerEnchantGlintMixin from axial-cosmetics.mixins.json into net.minecraft.client.render.RenderLayer
[01:26:18] [main/DEBUG] (FabricLoader/Mixin) Mixing RenderLayerAccessor from axial-cosmetics.mixins.json into net.minecraft.client.render.RenderLayer
[01:26:18] [main/DEBUG] (FabricLoader/Mixin) Renaming @Invoker method axial$create(Ljava/lang/String;Lnet/minecraft/client/render/RenderSetup;)Lnet/minecraft/client/render/RenderLayer; to axial$create$axial_cosmetics_$md$fa83b2$0 in axial-cosmetics.mixins.json:RenderLayerAccessor from mod axial_cosmetics
[01:26:18] [main/DEBUG] (FabricLoader/Mixin) Mixing RenderPipelineSnippetMixin from fabric-rendering-v1.mixins.json into com.mojang.blaze3d.pipeline.RenderPipeline$Snippet
[01:26:18] [main/DEBUG] (FabricLoader/Mixin) Mixing RenderPipelineMixin from fabric-rendering-v1.mixins.json into com.mojang.blaze3d.pipeline.RenderPipeline
[01:26:18] [main/DEBUG] (FabricLoader/Mixin) Mixing RenderPipelineBuilderMixin from fabric-rendering-v1.mixins.json into com.mojang.blaze3d.pipeline.RenderPipeline$Builder
[01:26:18] [main/DEBUG] (FabricLoader/Mixin) Renaming synthetic method lambda$copyUsePipelineDrawModeForGuiToSnippet$1(Lcom/llamalad7/mixinextras/injector/wrapoperation/Operation;Ljava/util/Optional;Ljava/util/Optional;Ljava/util/Optional;Ljava/util/Optional;Ljava/util/Optional;Ljava/util/Optional;Ljava/util/Optional;Ljava/util/Optional;Ljava/util/Optional;Ljava/util/Optional;Ljava/util/Optional;Ljava/util/Optional;Ljava/util/Optional;Ljava/util/Optional;Ljava/util/Optional;)Lcom/mojang/blaze3d/pipeline/RenderPipeline$Snippet; to mdfa83b2$fabric-rendering-v1$lambda$copyUsePipelineDrawModeForGuiToSnippet$1$0 in fabric-rendering-v1.mixins.json:RenderPipelineBuilderMixin from mod fabric-rendering-v1
[01:26:18] [main/DEBUG] (FabricLoader/Mixin) Renaming synthetic method lambda$copyUsePipelineDrawModeForGuiFromSnippet$0(Ljava/lang/Boolean;)V to mdfa83b2$fabric-rendering-v1$lambda$copyUsePipelineDrawModeForGuiFromSnippet$0$1 in fabric-rendering-v1.mixins.json:RenderPipelineBuilderMixin from mod fabric-rendering-v1
[01:26:18] [main/DEBUG] (FabricLoader/Mixin) fabric-rendering-v1.mixins.json:RenderPipelineBuilderMixin from mod fabric-rendering-v1->@Inject::copyUsePipelineDrawModeForGuiFromSnippet(Lcom/mojang/blaze3d/pipeline/RenderPipeline$Snippet;Lorg/spongepowered/asm/mixin/injection/callback/CallbackInfo;)V doesn't use it's CallbackInfo
[01:26:18] [main/DEBUG] (FabricLoader/Mixin) fabric-rendering-v1.mixins.json:RenderPipelineBuilderMixin from mod fabric-rendering-v1->@Inject::copyUsePipelineDrawModeForGuiFromSnippet(Lcom/mojang/blaze3d/pipeline/RenderPipeline$Snippet;Lorg/spongepowered/asm/mixin/injection/callback/CallbackInfo;)V has 0 override(s) in child classes
[01:26:18] [main/DEBUG] (FabricLoader/Mixin) fabric-rendering-v1.mixins.json:RenderPipelineBuilderMixin from mod fabric-rendering-v1->@Inject::copyUsePipelineDrawModeForGuiFromSnippet(Lcom/mojang/blaze3d/pipeline/RenderPipeline$Snippet;Lorg/spongepowered/asm/mixin/injection/callback/CallbackInfo;)V won't be passed a CallbackInfo as a result
[01:26:18] [main/DEBUG] (FabricLoader/Mixin) Mixing MixinRenderSetup from xaerolib.mixins.json into net.minecraft.client.render.RenderSetup
[01:26:18] [main/DEBUG] (FabricLoader/Mixin) xaerolib.mixins.json:MixinRenderSetup from mod xaerolib: Class version 65 required is higher than the class version supported by the current version of Mixin (JAVA_17 supports class version 61)
[01:26:18] [main/DEBUG] (FabricLoader/Mixin) Mixing MixinFabricSpriteAtlasTexture from xaerohud.fabric.mixins.json into net.minecraft.client.texture.SpriteAtlasTexture
[01:26:18] [main/DEBUG] (FabricLoader/Mixin) xaerohud.fabric.mixins.json:MixinFabricSpriteAtlasTexture from mod xaerominimap: Class version 65 required is higher than the class version supported by the current version of Mixin (JAVA_17 supports class version 61)
[01:26:18] [main/DEBUG] (FabricLoader/Mixin) Mixing client.sprite.TextureAtlasMixin from fabric-renderer-api-v1.mixins.json into net.minecraft.client.texture.SpriteAtlasTexture
[01:26:18] [main/DEBUG] (FabricLoader/Mixin) xaerohud.fabric.mixins.json:MixinFabricSpriteAtlasTexture from mod xaerominimap->@Inject::onUpload(Lnet/minecraft/client/texture/SpriteLoader$StitchResult;Lorg/spongepowered/asm/mixin/injection/callback/CallbackInfo;)V doesn't use it's CallbackInfo
[01:26:18] [main/DEBUG] (FabricLoader/Mixin) xaerohud.fabric.mixins.json:MixinFabricSpriteAtlasTexture from mod xaerominimap->@Inject::onUpload(Lnet/minecraft/client/texture/SpriteLoader$StitchResult;Lorg/spongepowered/asm/mixin/injection/callback/CallbackInfo;)V has 0 override(s) in child classes
[01:26:18] [main/DEBUG] (FabricLoader/Mixin) xaerohud.fabric.mixins.json:MixinFabricSpriteAtlasTexture from mod xaerominimap->@Inject::onUpload(Lnet/minecraft/client/texture/SpriteLoader$StitchResult;Lorg/spongepowered/asm/mixin/injection/callback/CallbackInfo;)V won't be passed a CallbackInfo as a result
[01:26:18] [main/DEBUG] (FabricLoader/Mixin) fabric-renderer-api-v1.mixins.json:client.sprite.TextureAtlasMixin from mod fabric-renderer-api-v1->@Inject::uploadHook(Lnet/minecraft/client/texture/SpriteLoader$StitchResult;Lorg/spongepowered/asm/mixin/injection/callback/CallbackInfo;)V doesn't use it's CallbackInfo
[01:26:18] [main/DEBUG] (FabricLoader/Mixin) fabric-renderer-api-v1.mixins.json:client.sprite.TextureAtlasMixin from mod fabric-renderer-api-v1->@Inject::uploadHook(Lnet/minecraft/client/texture/SpriteLoader$StitchResult;Lorg/spongepowered/asm/mixin/injection/callback/CallbackInfo;)V has 0 override(s) in child classes
[01:26:18] [main/DEBUG] (FabricLoader/Mixin) fabric-renderer-api-v1.mixins.json:client.sprite.TextureAtlasMixin from mod fabric-renderer-api-v1->@Inject::uploadHook(Lnet/minecraft/client/texture/SpriteLoader$StitchResult;Lorg/spongepowered/asm/mixin/injection/callback/CallbackInfo;)V won't be passed a CallbackInfo as a result
[01:26:18] [main/DEBUG] (FabricLoader/Mixin) Mixing MixinTextureBinding from xaerolib.mixins.json into net.minecraft.client.render.RenderSetup$TextureSpec
[01:26:18] [main/DEBUG] (FabricLoader/Mixin) xaerolib.mixins.json:MixinTextureBinding from mod xaerolib: Class version 65 required is higher than the class version supported by the current version of Mixin (JAVA_17 supports class version 61)
[01:26:18] [main/DEBUG] (FabricLoader/Mixin) Mixing ItemRendererShadowGlintMixin from axial-cosmetics.mixins.json into net.minecraft.client.render.item.ItemRenderer
[01:26:18] [main/DEBUG] (FabricLoader/Mixin) Renaming synthetic method lambda$axial$renderShadow$0(Lnet/minecraft/client/render/VertexConsumerProvider;Lcom/axial/cosmetics/client/ShadowArmorGlint$GlintType;Lnet/minecraft/client/render/RenderLayer;)Lnet/minecraft/client/render/VertexConsumer; to mdfa83b2$axial_cosmetics$lambda$axial$renderShadow$0$0 in axial-cosmetics.mixins.json:ItemRendererShadowGlintMixin from mod axial_cosmetics
[01:26:18] [main/DEBUG] (FabricLoader/Mixin) Mixing ItemRendererAccessor from fabric-renderer-indigo.mixins.json into net.minecraft.client.render.item.ItemRenderer
[01:26:18] [main/DEBUG] (FabricLoader/Mixin) Renaming @Invoker method fabric_getDynamicDisplayGlintConsumer(Lnet/minecraft/client/render/VertexConsumerProvider;Lnet/minecraft/client/render/RenderLayer;Lnet/minecraft/client/util/math/MatrixStack$Entry;)Lnet/minecraft/client/render/VertexConsumer; to fabric_getDynamicDisplayGlintConsumer$fabric-renderer-indigo_$md$fa83b2$1 in fabric-renderer-indigo.mixins.json:ItemRendererAccessor from mod fabric-renderer-indigo
[01:26:18] [main/DEBUG] (FabricLoader/Mixin) Mixing BlockEntityRendererMixin from entityculling.mixins.json into net.minecraft.client.render.block.entity.BlockEntityRenderer
[01:26:18] [main/DEBUG] (FabricLoader/Mixin) entityculling.mixins.json:BlockEntityRendererMixin from mod entityculling: Class version 65 required is higher than the class version supported by the current version of Mixin (JAVA_16 supports class version 60)
[01:26:18] [main/DEBUG] (FabricLoader/Mixin) Mixing client.BlockEntityRenderStateMixin from geckolib.mixins.json into net.minecraft.client.render.block.entity.state.BlockEntityRenderState
[01:26:18] [main/DEBUG] (FabricLoader/Mixin) geckolib.mixins.json:client.BlockEntityRenderStateMixin from mod geckolib: Class version 65 required is higher than the class version supported by the current version of Mixin (JAVA_17 supports class version 61)
[01:26:18] [main/DEBUG] (FabricLoader/Mixin) Mixing RenderStateMixin from fabric-rendering-v1.mixins.json into net.minecraft.client.render.block.entity.state.BlockEntityRenderState
[01:26:18] [main/DEBUG] (FabricLoader/Mixin) Mixing BlockEntityRenderStateMixin from transition.mixins.json into net.minecraft.client.render.block.entity.state.BlockEntityRenderState
[01:26:18] [main/DEBUG] (FabricLoader/Mixin) Mixing MixinModel from xaerohud.mixins.json into net.minecraft.client.model.Model
[01:26:18] [main/DEBUG] (FabricLoader/Mixin) xaerohud.mixins.json:MixinModel from mod xaerominimap: Class version 65 required is higher than the class version supported by the current version of Mixin (JAVA_17 supports class version 61)
[01:26:18] [main/DEBUG] (FabricLoader/Mixin) Mixing ModelMixin from fabric-rendering-v1.mixins.json into net.minecraft.client.model.Model
[01:26:18] [main/DEBUG] (FabricLoader/Mixin) Renaming synthetic method lambda$copyTransforms$0(Ljava/lang/String;Lnet/minecraft/client/model/ModelPart;)V to mdfa83b2$fabric-rendering-v1$lambda$copyTransforms$0$0 in fabric-rendering-v1.mixins.json:ModelMixin from mod fabric-rendering-v1
[01:26:18] [main/DEBUG] (FabricLoader/Mixin) Mixing playeranim.ModelMixin_playerAnim from bendable_cuboids.mixins.json into net.minecraft.client.model.Model
[01:26:18] [main/DEBUG] (FabricLoader/Mixin) xaerohud.mixins.json:MixinModel from mod xaerominimap->@Inject::onRender(Lnet/minecraft/client/util/math/MatrixStack;Lnet/minecraft/client/render/VertexConsumer;IIILorg/spongepowered/asm/mixin/injection/callback/CallbackInfo;)V doesn't use it's CallbackInfo
[01:26:18] [main/DEBUG] (FabricLoader/Mixin) xaerohud.mixins.json:MixinModel from mod xaerominimap->@Inject::onRender(Lnet/minecraft/client/util/math/MatrixStack;Lnet/minecraft/client/render/VertexConsumer;IIILorg/spongepowered/asm/mixin/injection/callback/CallbackInfo;)V has 0 override(s) in child classes
[01:26:18] [main/DEBUG] (FabricLoader/Mixin) xaerohud.mixins.json:MixinModel from mod xaerominimap->@Inject::onRender(Lnet/minecraft/client/util/math/MatrixStack;Lnet/minecraft/client/render/VertexConsumer;IIILorg/spongepowered/asm/mixin/injection/callback/CallbackInfo;)V won't be passed a CallbackInfo as a result
[01:26:18] [main/DEBUG] (FabricLoader/Mixin) fabric-rendering-v1.mixins.json:ModelMixin from mod fabric-rendering-v1->@Inject::fillChildPartMap(Lnet/minecraft/client/model/ModelPart;Ljava/util/function/Function;Lorg/spongepowered/asm/mixin/injection/callback/CallbackInfo;)V doesn't use it's CallbackInfo
[01:26:18] [main/DEBUG] (FabricLoader/Mixin) fabric-rendering-v1.mixins.json:ModelMixin from mod fabric-rendering-v1->@Inject::fillChildPartMap(Lnet/minecraft/client/model/ModelPart;Ljava/util/function/Function;Lorg/spongepowered/asm/mixin/injection/callback/CallbackInfo;)V has 0 override(s) in child classes
[01:26:18] [main/DEBUG] (FabricLoader/Mixin) fabric-rendering-v1.mixins.json:ModelMixin from mod fabric-rendering-v1->@Inject::fillChildPartMap(Lnet/minecraft/client/model/ModelPart;Ljava/util/function/Function;Lorg/spongepowered/asm/mixin/injection/callback/CallbackInfo;)V won't be passed a CallbackInfo as a result
[01:26:18] [main/DEBUG] (FabricLoader/Mixin) bendable_cuboids.mixins.json:playeranim.ModelMixin_playerAnim from mod bendable_cuboids->@Inject::bc$render(Lnet/minecraft/client/util/math/MatrixStack;Lnet/minecraft/client/render/VertexConsumer;IIILorg/spongepowered/asm/mixin/injection/callback/CallbackInfo;)V doesn't use it's CallbackInfo
[01:26:18] [main/DEBUG] (FabricLoader/Mixin) bendable_cuboids.mixins.json:playeranim.ModelMixin_playerAnim from mod bendable_cuboids->@Inject::bc$render(Lnet/minecraft/client/util/math/MatrixStack;Lnet/minecraft/client/render/VertexConsumer;IIILorg/spongepowered/asm/mixin/injection/callback/CallbackInfo;)V has 0 override(s) in child classes
[01:26:18] [main/DEBUG] (FabricLoader/Mixin) bendable_cuboids.mixins.json:playeranim.ModelMixin_playerAnim from mod bendable_cuboids->@Inject::bc$render(Lnet/minecraft/client/util/math/MatrixStack;Lnet/minecraft/client/render/VertexConsumer;IIILorg/spongepowered/asm/mixin/injection/callback/CallbackInfo;)V won't be passed a CallbackInfo as a result
[01:26:18] [main/DEBUG] (FabricLoader/Mixin) bendable_cuboids.mixins.json:playeranim.ModelMixin_playerAnim from mod bendable_cuboids->@Inject::bc$renderTail(Lnet/minecraft/client/util/math/MatrixStack;Lnet/minecraft/client/render/VertexConsumer;IIILorg/spongepowered/asm/mixin/injection/callback/CallbackInfo;)V doesn't use it's CallbackInfo
[01:26:18] [main/DEBUG] (FabricLoader/Mixin) bendable_cuboids.mixins.json:playeranim.ModelMixin_playerAnim from mod bendable_cuboids->@Inject::bc$renderTail(Lnet/minecraft/client/util/math/MatrixStack;Lnet/minecraft/client/render/VertexConsumer;IIILorg/spongepowered/asm/mixin/injection/callback/CallbackInfo;)V has 0 override(s) in child classes
[01:26:18] [main/DEBUG] (FabricLoader/Mixin) bendable_cuboids.mixins.json:playeranim.ModelMixin_playerAnim from mod bendable_cuboids->@Inject::bc$renderTail(Lnet/minecraft/client/util/math/MatrixStack;Lnet/minecraft/client/render/VertexConsumer;IIILorg/spongepowered/asm/mixin/injection/callback/CallbackInfo;)V won't be passed a CallbackInfo as a result
[01:26:18] [main/DEBUG] (GeckoLib) Loaded software.bernie.geckolib.platform.GeckoLibFabric@680b5ea4 for service interface software.bernie.geckolib.service.GeckoLibPlatform
[01:26:18] [main/DEBUG] (GeckoLib) Loaded software.bernie.geckolib.network.GeckoLibNetworkingFabric@d204124 for service interface software.bernie.geckolib.service.GeckoLibNetworking
[01:26:18] [main/DEBUG] (FabricLoader/Mixin) Mixing MixinFabricKeyMapping from xaerohud.fabric.mixins.json into net.minecraft.client.option.KeyBinding
[01:26:18] [main/DEBUG] (FabricLoader/Mixin) xaerohud.fabric.mixins.json:MixinFabricKeyMapping from mod xaerominimap: Class version 65 required is higher than the class version supported by the current version of Mixin (JAVA_17 supports class version 61)
[01:26:18] [main/DEBUG] (FabricLoader/Mixin) Mixing KeyMappingAccessor from fabric-key-binding-api-v1.mixins.json into net.minecraft.client.option.KeyBinding
[01:26:18] [main/DEBUG] (FabricLoader/Mixin) Mixing KeyMappingAccessor from fabric-events-interaction-v0.client.mixins.json into net.minecraft.client.option.KeyBinding
[01:26:18] [main/DEBUG] (FabricLoader/Mixin) Mixing KeyEventMixin from emotecraft-arch.mixins.json into net.minecraft.client.option.KeyBinding
[01:26:18] [main/DEBUG] (FabricLoader/Mixin) emotecraft-arch.mixins.json:KeyEventMixin from mod emotecraft: Class version 65 required is higher than the class version supported by the current version of Mixin (JAVA_16 supports class version 60)
[01:26:18] [main/DEBUG] (FabricLoader/Mixin) emotecraft-arch.mixins.json:KeyEventMixin from mod emotecraft->@Inject::keyPressCallback(Lnet/minecraft/client/util/InputUtil$Key;Lorg/spongepowered/asm/mixin/injection/callback/CallbackInfo;)V doesn't use it's CallbackInfo
[01:26:18] [main/DEBUG] (FabricLoader/Mixin) Mixing SpriteSourcesAccessor from fabric-rendering-v1.mixins.json into net.minecraft.client.texture.atlas.AtlasSourceManager
[01:26:18] [main/DEBUG] (FabricLoader/Mixin) Renaming @Accessor method getAtlasSourceCodecs()Lnet/minecraft/util/dynamic/Codecs$IdMapper; to getAtlasSourceCodecs$fabric-rendering-v1_$md$fa83b2$0 in fabric-rendering-v1.mixins.json:SpriteSourcesAccessor from mod fabric-rendering-v1
[01:26:18] [main/DEBUG] (FabricLoader/Mixin) Mixing ScreenMixin_ResetTooltipScroll from mixins.scrollabletooltips.json into net.minecraft.client.gui.screen.Screen
[01:26:18] [main/DEBUG] (FabricLoader/Mixin) mixins.scrollabletooltips.json:ScreenMixin_ResetTooltipScroll from mod text_overflow_scroll: Class version 65 required is higher than the class version supported by the current version of Mixin (JAVA_17 supports class version 61)
[01:26:18] [main/DEBUG] (FabricLoader/Mixin) Mixing ScreenAccessor from fabric-screen-api-v1.mixins.json into net.minecraft.client.gui.screen.Screen
[01:26:18] [main/DEBUG] (FabricLoader/Mixin) Mixing ScreenMixin from fabric-screen-api-v1.mixins.json into net.minecraft.client.gui.screen.Screen
[01:26:18] [main/DEBUG] (FabricLoader/Mixin) Mixing MenuSubscreenBackgroundMixin from axial-cosmetics.mixins.json into net.minecraft.client.gui.screen.Screen
[01:26:18] [main/DEBUG] (FabricLoader/Mixin) Mixing client.ScreenAccessor from trender.mixins.json into net.minecraft.client.gui.screen.Screen
[01:26:18] [main/DEBUG] (FabricLoader/Mixin) Renaming @Invoker method libgui$defaultHandleGameClickEvent(Lnet/minecraft/text/ClickEvent;Lnet/minecraft/client/MinecraftClient;Lnet/minecraft/client/gui/screen/Screen;)V to libgui$defaultHandleGameClickEvent$trender_$md$fa83b2$0 in trender.mixins.json:client.ScreenAccessor from mod trender
[01:26:18] [main/DEBUG] (FabricLoader/Mixin) mixins.scrollabletooltips.json:ScreenMixin_ResetTooltipScroll from mod text_overflow_scroll->@Inject::scrollableTooltips$resetTooltipScroll(Lorg/spongepowered/asm/mixin/injection/callback/CallbackInfo;)V doesn't use it's CallbackInfo
[01:26:18] [main/DEBUG] (FabricLoader/Mixin) mixins.scrollabletooltips.json:ScreenMixin_ResetTooltipScroll from mod text_overflow_scroll->@Inject::scrollableTooltips$resetTooltipScroll(Lorg/spongepowered/asm/mixin/injection/callback/CallbackInfo;)V has 0 override(s) in child classes
[01:26:18] [main/DEBUG] (FabricLoader/Mixin) mixins.scrollabletooltips.json:ScreenMixin_ResetTooltipScroll from mod text_overflow_scroll->@Inject::scrollableTooltips$resetTooltipScroll(Lorg/spongepowered/asm/mixin/injection/callback/CallbackInfo;)V won't be passed a CallbackInfo as a result
[01:26:18] [main/DEBUG] (FabricLoader/Mixin) fabric-screen-api-v1.mixins.json:ScreenMixin from mod fabric-screen-api-v1->@Inject::renderWithTooltip(Lnet/minecraft/client/gui/DrawContext;IIFLorg/spongepowered/asm/mixin/injection/callback/CallbackInfo;)V doesn't use it's CallbackInfo
[01:26:18] [main/DEBUG] (FabricLoader/Mixin) fabric-screen-api-v1.mixins.json:ScreenMixin from mod fabric-screen-api-v1->@Inject::beforeInitScreen(IILorg/spongepowered/asm/mixin/injection/callback/CallbackInfo;)V doesn't use it's CallbackInfo
[01:26:18] [main/DEBUG] (FabricLoader/Mixin) fabric-screen-api-v1.mixins.json:ScreenMixin from mod fabric-screen-api-v1->@Inject::beforeInitScreen(IILorg/spongepowered/asm/mixin/injection/callback/CallbackInfo;)V has 0 override(s) in child classes
[01:26:18] [main/DEBUG] (FabricLoader/Mixin) fabric-screen-api-v1.mixins.json:ScreenMixin from mod fabric-screen-api-v1->@Inject::beforeInitScreen(IILorg/spongepowered/asm/mixin/injection/callback/CallbackInfo;)V won't be passed a CallbackInfo as a result
[01:26:18] [main/DEBUG] (FabricLoader/Mixin) fabric-screen-api-v1.mixins.json:ScreenMixin from mod fabric-screen-api-v1->@Inject::afterInitScreen(IILorg/spongepowered/asm/mixin/injection/callback/CallbackInfo;)V doesn't use it's CallbackInfo
[01:26:18] [main/DEBUG] (FabricLoader/Mixin) fabric-screen-api-v1.mixins.json:ScreenMixin from mod fabric-screen-api-v1->@Inject::afterInitScreen(IILorg/spongepowered/asm/mixin/injection/callback/CallbackInfo;)V has 0 override(s) in child classes
[01:26:18] [main/DEBUG] (FabricLoader/Mixin) fabric-screen-api-v1.mixins.json:ScreenMixin from mod fabric-screen-api-v1->@Inject::afterInitScreen(IILorg/spongepowered/asm/mixin/injection/callback/CallbackInfo;)V won't be passed a CallbackInfo as a result
[01:26:18] [main/DEBUG] (FabricLoader/Mixin) fabric-screen-api-v1.mixins.json:ScreenMixin from mod fabric-screen-api-v1->@Inject::beforeResizeScreen(IILorg/spongepowered/asm/mixin/injection/callback/CallbackInfo;)V doesn't use it's CallbackInfo
[01:26:18] [main/DEBUG] (FabricLoader/Mixin) fabric-screen-api-v1.mixins.json:ScreenMixin from mod fabric-screen-api-v1->@Inject::beforeResizeScreen(IILorg/spongepowered/asm/mixin/injection/callback/CallbackInfo;)V has 0 override(s) in child classes
[01:26:18] [main/DEBUG] (FabricLoader/Mixin) fabric-screen-api-v1.mixins.json:ScreenMixin from mod fabric-screen-api-v1->@Inject::beforeResizeScreen(IILorg/spongepowered/asm/mixin/injection/callback/CallbackInfo;)V won't be passed a CallbackInfo as a result
[01:26:18] [main/DEBUG] (FabricLoader/Mixin) fabric-screen-api-v1.mixins.json:ScreenMixin from mod fabric-screen-api-v1->@Inject::afterResizeScreen(IILorg/spongepowered/asm/mixin/injection/callback/CallbackInfo;)V doesn't use it's CallbackInfo
[01:26:18] [main/DEBUG] (FabricLoader/Mixin) fabric-screen-api-v1.mixins.json:ScreenMixin from mod fabric-screen-api-v1->@Inject::afterResizeScreen(IILorg/spongepowered/asm/mixin/injection/callback/CallbackInfo;)V has 0 override(s) in child classes
[01:26:18] [main/DEBUG] (FabricLoader/Mixin) fabric-screen-api-v1.mixins.json:ScreenMixin from mod fabric-screen-api-v1->@Inject::afterResizeScreen(IILorg/spongepowered/asm/mixin/injection/callback/CallbackInfo;)V won't be passed a CallbackInfo as a result
[01:26:18] [main/DEBUG] (FabricLoader/Mixin) axial-cosmetics.mixins.json:MenuSubscreenBackgroundMixin from mod axial_cosmetics->@Inject::axial_cosmetics$renderCustomSubmenuBackground(Lnet/minecraft/client/gui/DrawContext;IIFLorg/spongepowered/asm/mixin/injection/callback/CallbackInfo;)V does use it's CallbackInfo
[01:26:18] [main/DEBUG] (FabricLoader/Mixin) Mixing ContainerEventHandlerMixin from yacl-fabric.mixins.json into net.minecraft.client.gui.ParentElement
[01:26:18] [main/DEBUG] (FabricLoader/Mixin) Renaming synthetic method lambda$modifyFocusCandidates$0(Lnet/minecraft/client/gui/Element;)Z to mdfa83b2$yet_another_config_lib_v3$lambda$modifyFocusCandidates$0$0 in yacl-fabric.mixins.json:ContainerEventHandlerMixin from mod yet_another_config_lib_v3
[01:26:18] [main/DEBUG] (FabricLoader/Mixin) Mixing MixinClientWorld from xaerohud.mixins.json into net.minecraft.client.world.ClientWorld
[01:26:18] [main/DEBUG] (FabricLoader/Mixin) xaerohud.mixins.json:MixinClientWorld from mod xaerominimap: Class version 65 required is higher than the class version supported by the current version of Mixin (JAVA_17 supports class version 61)
[01:26:18] [main/DEBUG] (FabricLoader/Mixin) Mixing ClientLevelMixin from fabric-lifecycle-events-v1.client.mixins.json into net.minecraft.client.world.ClientWorld
[01:26:18] [main/DEBUG] (FabricLoader/Mixin) Mixing ClientWorldMixin from entityculling.mixins.json into net.minecraft.client.world.ClientWorld
[01:26:18] [main/DEBUG] (FabricLoader/Mixin) entityculling.mixins.json:ClientWorldMixin from mod entityculling: Class version 65 required is higher than the class version supported by the current version of Mixin (JAVA_16 supports class version 60)
[01:26:18] [main/DEBUG] (FabricLoader/Mixin) Mixing ClientLevelMixin from fabric-rendering-v1.mixins.json into net.minecraft.client.world.ClientWorld
[01:26:18] [main/DEBUG] (FabricLoader/Mixin) Renaming synthetic method lambda$new$1(Lnet/minecraft/world/biome/ColorResolver;)Lnet/minecraft/client/world/BiomeColorCache; to mdfa83b2$fabric-rendering-v1$lambda$new$1$0 in fabric-rendering-v1.mixins.json:ClientLevelMixin from mod fabric-rendering-v1
[01:26:18] [main/DEBUG] (FabricLoader/Mixin) Renaming synthetic method lambda$new$0(Lnet/minecraft/world/biome/ColorResolver;Lnet/minecraft/util/math/BlockPos;)I to mdfa83b2$fabric-rendering-v1$lambda$new$0$1 in fabric-rendering-v1.mixins.json:ClientLevelMixin from mod fabric-rendering-v1
[01:26:18] [main/DEBUG] (FabricLoader/Mixin) Mixing chunk.entity_class_groups.ClientLevelMixin from lithium.mixins.json into net.minecraft.client.world.ClientWorld
[01:26:18] [main/DEBUG] (FabricLoader/Mixin) Mixing MixinClientLevel from xaerolib.mixins.json into net.minecraft.client.world.ClientWorld
[01:26:18] [main/DEBUG] (FabricLoader/Mixin) xaerolib.mixins.json:MixinClientLevel from mod xaerolib: Class version 65 required is higher than the class version supported by the current version of Mixin (JAVA_17 supports class version 61)
[01:26:18] [main/DEBUG] (FabricLoader/Mixin) fabric-lifecycle-events-v1.client.mixins.json:ClientLevelMixin from mod fabric-lifecycle-events-v1->@Inject::tickWorldAfterBlockEntities(Lorg/spongepowered/asm/mixin/injection/callback/CallbackInfo;)V doesn't use it's CallbackInfo
[01:26:18] [main/DEBUG] (FabricLoader/Mixin) fabric-lifecycle-events-v1.client.mixins.json:ClientLevelMixin from mod fabric-lifecycle-events-v1->@Inject::tickWorldAfterBlockEntities(Lorg/spongepowered/asm/mixin/injection/callback/CallbackInfo;)V has 0 override(s) in child classes
[01:26:18] [main/DEBUG] (FabricLoader/Mixin) fabric-lifecycle-events-v1.client.mixins.json:ClientLevelMixin from mod fabric-lifecycle-events-v1->@Inject::tickWorldAfterBlockEntities(Lorg/spongepowered/asm/mixin/injection/callback/CallbackInfo;)V won't be passed a CallbackInfo as a result
[01:26:18] [main/DEBUG] (FabricLoader/Mixin) fabric-lifecycle-events-v1.client.mixins.json:ClientLevelMixin from mod fabric-lifecycle-events-v1->@Inject::startWorldTick(Lorg/spongepowered/asm/mixin/injection/callback/CallbackInfo;)V doesn't use it's CallbackInfo
[01:26:18] [main/DEBUG] (FabricLoader/Mixin) fabric-lifecycle-events-v1.client.mixins.json:ClientLevelMixin from mod fabric-lifecycle-events-v1->@Inject::startWorldTick(Lorg/spongepowered/asm/mixin/injection/callback/CallbackInfo;)V has 0 override(s) in child classes
[01:26:18] [main/DEBUG] (FabricLoader/Mixin) fabric-lifecycle-events-v1.client.mixins.json:ClientLevelMixin from mod fabric-lifecycle-events-v1->@Inject::startWorldTick(Lorg/spongepowered/asm/mixin/injection/callback/CallbackInfo;)V won't be passed a CallbackInfo as a result
[01:26:18] [main/DEBUG] (FabricLoader/Mixin) entityculling.mixins.json:ClientWorldMixin from mod entityculling->@Inject::tickEntity(Lnet/minecraft/entity/Entity;Lorg/spongepowered/asm/mixin/injection/callback/CallbackInfo;)V does use it's CallbackInfo
[01:26:18] [main/DEBUG] (FabricLoader/Mixin) fabric-rendering-v1.mixins.json:ClientLevelMixin from mod fabric-rendering-v1->@Inject::onResetChunkColor(Lnet/minecraft/util/math/ChunkPos;Lorg/spongepowered/asm/mixin/injection/callback/CallbackInfo;)V doesn't use it's CallbackInfo
[01:26:18] [main/DEBUG] (FabricLoader/Mixin) fabric-rendering-v1.mixins.json:ClientLevelMixin from mod fabric-rendering-v1->@Inject::onResetChunkColor(Lnet/minecraft/util/math/ChunkPos;Lorg/spongepowered/asm/mixin/injection/callback/CallbackInfo;)V has 0 override(s) in child classes
[01:26:18] [main/DEBUG] (FabricLoader/Mixin) fabric-rendering-v1.mixins.json:ClientLevelMixin from mod fabric-rendering-v1->@Inject::onResetChunkColor(Lnet/minecraft/util/math/ChunkPos;Lorg/spongepowered/asm/mixin/injection/callback/CallbackInfo;)V won't be passed a CallbackInfo as a result
[01:26:18] [main/DEBUG] (FabricLoader/Mixin) fabric-rendering-v1.mixins.json:ClientLevelMixin from mod fabric-rendering-v1->@Inject::onReloadColor(Lorg/spongepowered/asm/mixin/injection/callback/CallbackInfo;)V doesn't use it's CallbackInfo
[01:26:18] [main/DEBUG] (FabricLoader/Mixin) fabric-rendering-v1.mixins.json:ClientLevelMixin from mod fabric-rendering-v1->@Inject::onReloadColor(Lorg/spongepowered/asm/mixin/injection/callback/CallbackInfo;)V has 0 override(s) in child classes
[01:26:18] [main/DEBUG] (FabricLoader/Mixin) fabric-rendering-v1.mixins.json:ClientLevelMixin from mod fabric-rendering-v1->@Inject::onReloadColor(Lorg/spongepowered/asm/mixin/injection/callback/CallbackInfo;)V won't be passed a CallbackInfo as a result
[01:26:18] [main/DEBUG] (FabricLoader/Mixin) Mixing MixinClientPlayerEntity from xaerohud.mixins.json into net.minecraft.client.network.ClientPlayerEntity
[01:26:18] [main/DEBUG] (FabricLoader/Mixin) xaerohud.mixins.json:MixinClientPlayerEntity from mod xaerominimap: Class version 65 required is higher than the class version supported by the current version of Mixin (JAVA_17 supports class version 61)
[01:26:18] [main/DEBUG] (FabricLoader/Mixin) Mixing MixinLocalPlayer from xaerohud.mixins.json into net.minecraft.client.network.ClientPlayerEntity
[01:26:18] [main/DEBUG] (FabricLoader/Mixin) xaerohud.mixins.json:MixinLocalPlayer from mod xaerominimap: Class version 65 required is higher than the class version supported by the current version of Mixin (JAVA_17 supports class version 61)
[01:26:18] [main/DEBUG] (FabricLoader/Mixin) xaerohud.mixins.json:MixinClientPlayerEntity from mod xaerominimap->@Inject::onTickStart(Lorg/spongepowered/asm/mixin/injection/callback/CallbackInfo;)V doesn't use it's CallbackInfo
[01:26:18] [main/DEBUG] (FabricLoader/Mixin) xaerohud.mixins.json:MixinClientPlayerEntity from mod xaerominimap->@Inject::onTickStart(Lorg/spongepowered/asm/mixin/injection/callback/CallbackInfo;)V has 0 override(s) in child classes
[01:26:18] [main/DEBUG] (FabricLoader/Mixin) xaerohud.mixins.json:MixinClientPlayerEntity from mod xaerominimap->@Inject::onTickStart(Lorg/spongepowered/asm/mixin/injection/callback/CallbackInfo;)V won't be passed a CallbackInfo as a result
[01:26:18] [main/DEBUG] (FabricLoader/Mixin) Mixing MixinAbstractClientPlayerEntity from xaerohud.mixins.json into net.minecraft.client.network.AbstractClientPlayerEntity
[01:26:18] [main/DEBUG] (FabricLoader/Mixin) xaerohud.mixins.json:MixinAbstractClientPlayerEntity from mod xaerominimap: Class version 65 required is higher than the class version supported by the current version of Mixin (JAVA_17 supports class version 61)
[01:26:18] [main/DEBUG] (FabricLoader/Mixin) Mixing spyglass.AbstractClientPlayerEntityMixin from zoomify.mixins.json into net.minecraft.client.network.AbstractClientPlayerEntity
[01:26:18] [main/DEBUG] (FabricLoader/Mixin) zoomify.mixins.json:spyglass.AbstractClientPlayerEntityMixin from mod zoomify: Class version 65 required is higher than the class version supported by the current version of Mixin (JAVA_17 supports class version 61)
[01:26:18] [main/DEBUG] (FabricLoader/Mixin) Mixing MixinAbstractButton from xaerolib.mixins.json into net.minecraft.client.gui.widget.PressableWidget
[01:26:18] [main/DEBUG] (FabricLoader/Mixin) xaerolib.mixins.json:MixinAbstractButton from mod xaerolib: Class version 65 required is higher than the class version supported by the current version of Mixin (JAVA_17 supports class version 61)
[01:26:18] [main/DEBUG] (FabricLoader/Mixin) Mixing InGameButtonSkinMixin from axial-cosmetics.mixins.json into net.minecraft.client.gui.widget.PressableWidget
[01:26:18] [main/DEBUG] (FabricLoader/Mixin) Renaming synthetic method lambda$axial_cosmetics$renderInGameButton$0(Lnet/minecraft/text/Style;)Lnet/minecraft/text/Style; to mdfa83b2$axial_cosmetics$lambda$axial_cosmetics$renderInGameButton$0$0 in axial-cosmetics.mixins.json:InGameButtonSkinMixin from mod axial_cosmetics
[01:26:18] [main/DEBUG] (FabricLoader/Mixin) Mixing TitleScreenButtonSkinMixin from axial-cosmetics.mixins.json into net.minecraft.client.gui.widget.PressableWidget
[01:26:18] [main/DEBUG] (FabricLoader/Mixin) Renaming synthetic method lambda$axial_cosmetics$renderTitleButton$0(Lnet/minecraft/text/Style;)Lnet/minecraft/text/Style; to mdfa83b2$axial_cosmetics$lambda$axial_cosmetics$renderTitleButton$0$1 in axial-cosmetics.mixins.json:TitleScreenButtonSkinMixin from mod axial_cosmetics
[01:26:18] [main/DEBUG] (FabricLoader/Mixin) axial-cosmetics.mixins.json:InGameButtonSkinMixin from mod axial_cosmetics->@Inject::axial_cosmetics$renderInGameButton(Lnet/minecraft/client/gui/DrawContext;IIFLorg/spongepowered/asm/mixin/injection/callback/CallbackInfo;)V does use it's CallbackInfo
[01:26:18] [main/DEBUG] (FabricLoader/Mixin) axial-cosmetics.mixins.json:TitleScreenButtonSkinMixin from mod axial_cosmetics->@Inject::axial_cosmetics$renderTitleButton(Lnet/minecraft/client/gui/DrawContext;IIFLorg/spongepowered/asm/mixin/injection/callback/CallbackInfo;)V does use it's CallbackInfo
[01:26:18] [main/DEBUG] (FabricLoader/Mixin) Mixing TitleScreenButtonPressSoundMixin from axial-cosmetics.mixins.json into net.minecraft.client.gui.widget.ClickableWidget
[01:26:18] [main/DEBUG] (FabricLoader/Mixin) axial-cosmetics.mixins.json:TitleScreenButtonPressSoundMixin from mod axial_cosmetics->@Inject::axial_cosmetics$playPressSound(Lnet/minecraft/client/sound/SoundManager;Lorg/spongepowered/asm/mixin/injection/callback/CallbackInfo;)V does use it's CallbackInfo
[01:26:18] [main/DEBUG] (FabricLoader/Mixin) Mixing DefaultAttributesAccessor from fabric-object-builder-v1.mixins.json into net.minecraft.entity.attribute.DefaultAttributeRegistry
[01:26:18] [main/DEBUG] (FabricLoader/Mixin) Renaming @Accessor method getRegistry()Ljava/util/Map; to getRegistry$fabric-object-builder-api-v1_$md$fa83b2$0 in fabric-object-builder-v1.mixins.json:DefaultAttributesAccessor from mod fabric-object-builder-api-v1
[01:26:18] [main/DEBUG] (FabricLoader/Mixin) Mixing DefaultAttributesMixin from fabric-object-builder-v1.mixins.json into net.minecraft.entity.attribute.DefaultAttributeRegistry
[01:26:18] [main/DEBUG] (FabricLoader/Mixin) fabric-object-builder-v1.mixins.json:DefaultAttributesMixin from mod fabric-object-builder-api-v1->@Inject::injectAttributes(Lorg/spongepowered/asm/mixin/injection/callback/CallbackInfo;)V doesn't use it's CallbackInfo
[01:26:18] [main/DEBUG] (FabricLoader/Mixin) Mixing entity.equipment_tracking.EntityEquipmentMixin from lithium.mixins.json into net.minecraft.entity.EntityEquipment
[01:26:18] [main/DEBUG] (FabricLoader/Mixin) lithium.mixins.json:entity.equipment_tracking.EntityEquipmentMixin from mod lithium->@Inject::updateBeforeSetAll(Lnet/minecraft/entity/EntityEquipment;Lorg/spongepowered/asm/mixin/injection/callback/CallbackInfo;)V doesn't use it's CallbackInfo
[01:26:18] [main/DEBUG] (FabricLoader/Mixin) lithium.mixins.json:entity.equipment_tracking.EntityEquipmentMixin from mod lithium->@Inject::updateBeforeSetAll(Lnet/minecraft/entity/EntityEquipment;Lorg/spongepowered/asm/mixin/injection/callback/CallbackInfo;)V has 0 override(s) in child classes
[01:26:18] [main/DEBUG] (FabricLoader/Mixin) lithium.mixins.json:entity.equipment_tracking.EntityEquipmentMixin from mod lithium->@Inject::updateBeforeSetAll(Lnet/minecraft/entity/EntityEquipment;Lorg/spongepowered/asm/mixin/injection/callback/CallbackInfo;)V won't be passed a CallbackInfo as a result
[01:26:18] [main/DEBUG] (FabricLoader/Mixin) lithium.mixins.json:entity.equipment_tracking.EntityEquipmentMixin from mod lithium->@Inject::updateAfterSetAll(Lnet/minecraft/entity/EntityEquipment;Lorg/spongepowered/asm/mixin/injection/callback/CallbackInfo;)V doesn't use it's CallbackInfo
[01:26:18] [main/DEBUG] (FabricLoader/Mixin) lithium.mixins.json:entity.equipment_tracking.EntityEquipmentMixin from mod lithium->@Inject::updateAfterSetAll(Lnet/minecraft/entity/EntityEquipment;Lorg/spongepowered/asm/mixin/injection/callback/CallbackInfo;)V has 0 override(s) in child classes
[01:26:18] [main/DEBUG] (FabricLoader/Mixin) lithium.mixins.json:entity.equipment_tracking.EntityEquipmentMixin from mod lithium->@Inject::updateAfterSetAll(Lnet/minecraft/entity/EntityEquipment;Lorg/spongepowered/asm/mixin/injection/callback/CallbackInfo;)V won't be passed a CallbackInfo as a result
[01:26:18] [main/DEBUG] (FabricLoader/Mixin) lithium.mixins.json:entity.equipment_tracking.EntityEquipmentMixin from mod lithium->@Inject::updateOnClear(Lorg/spongepowered/asm/mixin/injection/callback/CallbackInfo;)V doesn't use it's CallbackInfo
[01:26:18] [main/DEBUG] (FabricLoader/Mixin) lithium.mixins.json:entity.equipment_tracking.EntityEquipmentMixin from mod lithium->@Inject::updateOnClear(Lorg/spongepowered/asm/mixin/injection/callback/CallbackInfo;)V has 0 override(s) in child classes
[01:26:18] [main/DEBUG] (FabricLoader/Mixin) lithium.mixins.json:entity.equipment_tracking.EntityEquipmentMixin from mod lithium->@Inject::updateOnClear(Lorg/spongepowered/asm/mixin/injection/callback/CallbackInfo;)V won't be passed a CallbackInfo as a result
[01:26:18] [Render thread/DEBUG] (FabricLoader/Mixin) Mixing avoid_redundant_framebuffer_switching.MixinRenderSystem from immediatelyfast-common.mixins.json into com.mojang.blaze3d.systems.RenderSystem
[01:26:18] [Render thread/DEBUG] (FabricLoader/Mixin) Mixing core.MixinRenderSystem from immediatelyfast-common.mixins.json into com.mojang.blaze3d.systems.RenderSystem
[01:26:18] [Render thread/DEBUG] (FabricLoader/Mixin) immediatelyfast-common.mixins.json:avoid_redundant_framebuffer_switching.MixinRenderSystem from mod immediatelyfast->@Inject::unbindFramebufferBeforeSwappingBuffers(Lorg/spongepowered/asm/mixin/injection/callback/CallbackInfo;)V doesn't use it's CallbackInfo
[01:26:18] [Render thread/DEBUG] (FabricLoader/Mixin) immediatelyfast-common.mixins.json:core.MixinRenderSystem from mod immediatelyfast->@Inject::initImmediatelyFast(Lorg/spongepowered/asm/mixin/injection/callback/CallbackInfo;)V doesn't use it's CallbackInfo
[01:26:18] [Render thread/DEBUG] (FabricLoader/Mixin) immediatelyfast-common.mixins.json:core.MixinRenderSystem from mod immediatelyfast->@Inject::endFrame(Lorg/spongepowered/asm/mixin/injection/callback/CallbackInfo;)V doesn't use it's CallbackInfo
[01:26:18] [Render thread/DEBUG] (FabricLoader/Mixin) Mixing MixinMinecraftClient from xaerohud.mixins.json into net.minecraft.client.MinecraftClient
[01:26:18] [Render thread/DEBUG] (FabricLoader/Mixin) xaerohud.mixins.json:MixinMinecraftClient from mod xaerominimap: Class version 65 required is higher than the class version supported by the current version of Mixin (JAVA_17 supports class version 61)
[01:26:18] [Render thread/DEBUG] (FabricLoader/Mixin) Mixing MixinFabricMinecraftClient from xaerohud.fabric.mixins.json into net.minecraft.client.MinecraftClient
[01:26:18] [Render thread/DEBUG] (FabricLoader/Mixin) xaerohud.fabric.mixins.json:MixinFabricMinecraftClient from mod xaerominimap: Class version 65 required is higher than the class version supported by the current version of Mixin (JAVA_17 supports class version 61)
[01:26:18] [Render thread/DEBUG] (FabricLoader/Mixin) Mixing MinecraftMixin from fabric-lifecycle-events-v1.client.mixins.json into net.minecraft.client.MinecraftClient
[01:26:18] [Render thread/DEBUG] (FabricLoader/Mixin) Mixing core.MixinMinecraft from immediatelyfast-common.mixins.json into net.minecraft.client.MinecraftClient
[01:26:18] [Render thread/DEBUG] (FabricLoader/Mixin) Mixing hooks.MinecraftClientMixin from zoomify.mixins.json into net.minecraft.client.MinecraftClient
[01:26:18] [Render thread/DEBUG] (FabricLoader/Mixin) zoomify.mixins.json:hooks.MinecraftClientMixin from mod zoomify: Class version 65 required is higher than the class version supported by the current version of Mixin (JAVA_17 supports class version 61)
[01:26:18] [Render thread/DEBUG] (FabricLoader/Mixin) Mixing MinecraftMixin from fabric-screen-api-v1.mixins.json into net.minecraft.client.MinecraftClient
[01:26:18] [Render thread/DEBUG] (FabricLoader/Mixin) Renaming @Unique field LOGGERLorg/slf4j/Logger; to fdfa83b2$fabric-screen-api-v1$LOGGER$0 in fabric-screen-api-v1.mixins.json:MinecraftMixin from mod fabric-screen-api-v1
[01:26:18] [Render thread/DEBUG] (FabricLoader/Mixin) Mixing MinecraftMixin from fabric-data-generation-api-v1.client.mixins.json into net.minecraft.client.MinecraftClient
[01:26:18] [Render thread/DEBUG] (FabricLoader/Mixin) Mixing MinecraftMixin from yacl.mixins.json into net.minecraft.client.MinecraftClient
[01:26:18] [Render thread/DEBUG] (FabricLoader/Mixin) yacl.mixins.json:MinecraftMixin from mod yet_another_config_lib_v3: Class version 65 required is higher than the class version supported by the current version of Mixin (JAVA_17 supports class version 61)
[01:26:18] [Render thread/DEBUG] (FabricLoader/Mixin) Mixing MixinMinecraftClientFabric from xaerolib.fabric.mixins.json into net.minecraft.client.MinecraftClient
[01:26:18] [Render thread/DEBUG] (FabricLoader/Mixin) xaerolib.fabric.mixins.json:MixinMinecraftClientFabric from mod xaerolib: Class version 65 required is higher than the class version supported by the current version of Mixin (JAVA_17 supports class version 61)
[01:26:18] [Render thread/DEBUG] (FabricLoader/Mixin) Mixing Minecraft_managersMixin from moreculling.mixins.json into net.minecraft.client.MinecraftClient
[01:26:18] [Render thread/DEBUG] (FabricLoader/Mixin) Mixing blockstates.Minecraft_loadBlocksMixin from moreculling.mixins.json into net.minecraft.client.MinecraftClient
[01:26:18] [Render thread/DEBUG] (FabricLoader/Mixin) Renaming synthetic method lambda$moreculling$onInit$1(Ljava/lang/String;)V to mdfa83b2$moreculling$lambda$moreculling$onInit$1$0 in moreculling.mixins.json:blockstates.Minecraft_loadBlocksMixin from mod moreculling
[01:26:18] [Render thread/DEBUG] (FabricLoader/Mixin) Renaming synthetic method lambda$moreculling$onInit$0(Lnet/minecraft/block/Block;)V to mdfa83b2$moreculling$lambda$moreculling$onInit$0$1 in moreculling.mixins.json:blockstates.Minecraft_loadBlocksMixin from mod moreculling
[01:26:18] [Render thread/DEBUG] (FabricLoader/Mixin) Mixing Minecraft_registerReloadListenersMixin from moreculling.fabric.mixins.json into net.minecraft.client.MinecraftClient
[01:26:18] [Render thread/DEBUG] (FabricLoader/Mixin) Renaming synthetic method lambda$moreculling$onBlockRenderManagerInitialized$0(Lnet/minecraft/resource/ResourceManager;)V to mdfa83b2$moreculling$lambda$moreculling$onBlockRenderManagerInitialized$0$2 in moreculling.fabric.mixins.json:Minecraft_registerReloadListenersMixin from mod moreculling
[01:26:18] [Render thread/DEBUG] (FabricLoader/Mixin) Mixing MinecraftMixin from fabric-registry-sync-v0.client.mixins.json into net.minecraft.client.MinecraftClient
[01:26:18] [Render thread/DEBUG] (FabricLoader/Mixin) Mixing MinecraftClientTitleMixin from axial-cosmetics.mixins.json into net.minecraft.client.MinecraftClient
[01:26:18] [Render thread/DEBUG] (FabricLoader/Mixin) Mixing MinecraftClientAccountMixin from axial-cosmetics.mixins.json into net.minecraft.client.MinecraftClient
[01:26:18] [Render thread/DEBUG] (FabricLoader/Mixin) Mixing MinecraftClientDebugHudEntryListAccessor from axial-cosmetics.mixins.json into net.minecraft.client.MinecraftClient
[01:26:18] [Render thread/DEBUG] (FabricLoader/Mixin) Mixing MinecraftClientDynamicCrosshairMixin from axial-cosmetics.mixins.json into net.minecraft.client.MinecraftClient
[01:26:18] [Render thread/DEBUG] (FabricLoader/Mixin) Mixing MinecraftClientAttackInvoker from axial-cosmetics.mixins.json into net.minecraft.client.MinecraftClient
[01:26:18] [Render thread/DEBUG] (FabricLoader/Mixin) Mixing MinecraftClientVerifiedMobAttackMixin from axial-cosmetics.mixins.json into net.minecraft.client.MinecraftClient
[01:26:18] [Render thread/DEBUG] (FabricLoader/Mixin) Mixing MinecraftMixin from fabric-events-interaction-v0.client.mixins.json into net.minecraft.client.MinecraftClient
[01:26:18] [Render thread/DEBUG] (FabricLoader/Mixin) Mixing accessor.MinecraftAccessor from fabric-networking-api-v1.client.mixins.json into net.minecraft.client.MinecraftClient
[01:26:18] [Render thread/DEBUG] (FabricLoader/Mixin) Mixing MinecraftMixin from transition.mixins.json into net.minecraft.client.MinecraftClient
[01:26:18] [Render thread/DEBUG] (FabricLoader/Mixin) xaerohud.fabric.mixins.json:MixinFabricMinecraftClient from mod xaerominimap->@Inject::onTickStart(Lorg/spongepowered/asm/mixin/injection/callback/CallbackInfo;)V doesn't use it's CallbackInfo
[01:26:18] [Render thread/DEBUG] (FabricLoader/Mixin) xaerohud.fabric.mixins.json:MixinFabricMinecraftClient from mod xaerominimap->@Inject::onTickStart(Lorg/spongepowered/asm/mixin/injection/callback/CallbackInfo;)V has 0 override(s) in child classes
[01:26:18] [Render thread/DEBUG] (FabricLoader/Mixin) xaerohud.fabric.mixins.json:MixinFabricMinecraftClient from mod xaerominimap->@Inject::onTickStart(Lorg/spongepowered/asm/mixin/injection/callback/CallbackInfo;)V won't be passed a CallbackInfo as a result
[01:26:18] [Render thread/DEBUG] (FabricLoader/Mixin) xaerohud.fabric.mixins.json:MixinFabricMinecraftClient from mod xaerominimap->@Inject::onOpenScreen(Lnet/minecraft/client/gui/screen/Screen;Lorg/spongepowered/asm/mixin/injection/callback/CallbackInfo;)V does use it's CallbackInfo
[01:26:18] [Render thread/DEBUG] (FabricLoader/Mixin) xaerohud.fabric.mixins.json:MixinFabricMinecraftClient from mod xaerominimap->@Inject::onDisconnect(Lnet/minecraft/client/gui/screen/Screen;ZLorg/spongepowered/asm/mixin/injection/callback/CallbackInfo;)V doesn't use it's CallbackInfo
[01:26:18] [Render thread/DEBUG] (FabricLoader/Mixin) xaerohud.fabric.mixins.json:MixinFabricMinecraftClient from mod xaerominimap->@Inject::onDisconnect(Lnet/minecraft/client/gui/screen/Screen;ZLorg/spongepowered/asm/mixin/injection/callback/CallbackInfo;)V has 0 override(s) in child classes
[01:26:18] [Render thread/DEBUG] (FabricLoader/Mixin) xaerohud.fabric.mixins.json:MixinFabricMinecraftClient from mod xaerominimap->@Inject::onDisconnect(Lnet/minecraft/client/gui/screen/Screen;ZLorg/spongepowered/asm/mixin/injection/callback/CallbackInfo;)V won't be passed a CallbackInfo as a result
[01:26:18] [Render thread/DEBUG] (FabricLoader/Mixin) xaerohud.fabric.mixins.json:MixinFabricMinecraftClient from mod xaerominimap->@Inject::onJoinWorld(Lnet/minecraft/client/world/ClientWorld;Lorg/spongepowered/asm/mixin/injection/callback/CallbackInfo;)V doesn't use it's CallbackInfo
[01:26:18] [Render thread/DEBUG] (FabricLoader/Mixin) xaerohud.fabric.mixins.json:MixinFabricMinecraftClient from mod xaerominimap->@Inject::onJoinWorld(Lnet/minecraft/client/world/ClientWorld;Lorg/spongepowered/asm/mixin/injection/callback/CallbackInfo;)V has 0 override(s) in child classes
[01:26:18] [Render thread/DEBUG] (FabricLoader/Mixin) xaerohud.fabric.mixins.json:MixinFabricMinecraftClient from mod xaerominimap->@Inject::onJoinWorld(Lnet/minecraft/client/world/ClientWorld;Lorg/spongepowered/asm/mixin/injection/callback/CallbackInfo;)V won't be passed a CallbackInfo as a result
[01:26:18] [Render thread/DEBUG] (FabricLoader/Mixin) fabric-lifecycle-events-v1.client.mixins.json:MinecraftMixin from mod fabric-lifecycle-events-v1->@Inject::onStartTick(Lorg/spongepowered/asm/mixin/injection/callback/CallbackInfo;)V doesn't use it's CallbackInfo
[01:26:18] [Render thread/DEBUG] (FabricLoader/Mixin) fabric-lifecycle-events-v1.client.mixins.json:MinecraftMixin from mod fabric-lifecycle-events-v1->@Inject::onStartTick(Lorg/spongepowered/asm/mixin/injection/callback/CallbackInfo;)V has 0 override(s) in child classes
[01:26:18] [Render thread/DEBUG] (FabricLoader/Mixin) fabric-lifecycle-events-v1.client.mixins.json:MinecraftMixin from mod fabric-lifecycle-events-v1->@Inject::onStartTick(Lorg/spongepowered/asm/mixin/injection/callback/CallbackInfo;)V won't be passed a CallbackInfo as a result
[01:26:18] [Render thread/DEBUG] (FabricLoader/Mixin) fabric-lifecycle-events-v1.client.mixins.json:MinecraftMixin from mod fabric-lifecycle-events-v1->@Inject::onEndTick(Lorg/spongepowered/asm/mixin/injection/callback/CallbackInfo;)V doesn't use it's CallbackInfo
[01:26:18] [Render thread/DEBUG] (FabricLoader/Mixin) fabric-lifecycle-events-v1.client.mixins.json:MinecraftMixin from mod fabric-lifecycle-events-v1->@Inject::onEndTick(Lorg/spongepowered/asm/mixin/injection/callback/CallbackInfo;)V has 0 override(s) in child classes
[01:26:18] [Render thread/DEBUG] (FabricLoader/Mixin) fabric-lifecycle-events-v1.client.mixins.json:MinecraftMixin from mod fabric-lifecycle-events-v1->@Inject::onEndTick(Lorg/spongepowered/asm/mixin/injection/callback/CallbackInfo;)V won't be passed a CallbackInfo as a result
[01:26:18] [Render thread/DEBUG] (FabricLoader/Mixin) fabric-lifecycle-events-v1.client.mixins.json:MinecraftMixin from mod fabric-lifecycle-events-v1->@Inject::onStopping(Lorg/spongepowered/asm/mixin/injection/callback/CallbackInfo;)V doesn't use it's CallbackInfo
[01:26:18] [Render thread/DEBUG] (FabricLoader/Mixin) fabric-lifecycle-events-v1.client.mixins.json:MinecraftMixin from mod fabric-lifecycle-events-v1->@Inject::onStopping(Lorg/spongepowered/asm/mixin/injection/callback/CallbackInfo;)V has 0 override(s) in child classes
[01:26:18] [Render thread/DEBUG] (FabricLoader/Mixin) fabric-lifecycle-events-v1.client.mixins.json:MinecraftMixin from mod fabric-lifecycle-events-v1->@Inject::onStopping(Lorg/spongepowered/asm/mixin/injection/callback/CallbackInfo;)V won't be passed a CallbackInfo as a result
[01:26:18] [Render thread/DEBUG] (FabricLoader/Mixin) fabric-lifecycle-events-v1.client.mixins.json:MinecraftMixin from mod fabric-lifecycle-events-v1->@Inject::onStart(Lorg/spongepowered/asm/mixin/injection/callback/CallbackInfo;)V doesn't use it's CallbackInfo
[01:26:18] [Render thread/DEBUG] (FabricLoader/Mixin) fabric-lifecycle-events-v1.client.mixins.json:MinecraftMixin from mod fabric-lifecycle-events-v1->@Inject::onStart(Lorg/spongepowered/asm/mixin/injection/callback/CallbackInfo;)V has 0 override(s) in child classes
[01:26:18] [Render thread/DEBUG] (FabricLoader/Mixin) fabric-lifecycle-events-v1.client.mixins.json:MinecraftMixin from mod fabric-lifecycle-events-v1->@Inject::onStart(Lorg/spongepowered/asm/mixin/injection/callback/CallbackInfo;)V won't be passed a CallbackInfo as a result
[01:26:18] [Render thread/DEBUG] (FabricLoader/Mixin) fabric-lifecycle-events-v1.client.mixins.json:MinecraftMixin from mod fabric-lifecycle-events-v1->@Inject::afterClientWorldChange(Lnet/minecraft/client/world/ClientWorld;Lorg/spongepowered/asm/mixin/injection/callback/CallbackInfo;)V doesn't use it's CallbackInfo
[01:26:18] [Render thread/DEBUG] (FabricLoader/Mixin) fabric-lifecycle-events-v1.client.mixins.json:MinecraftMixin from mod fabric-lifecycle-events-v1->@Inject::afterClientWorldChange(Lnet/minecraft/client/world/ClientWorld;Lorg/spongepowered/asm/mixin/injection/callback/CallbackInfo;)V has 0 override(s) in child classes
[01:26:18] [Render thread/DEBUG] (FabricLoader/Mixin) fabric-lifecycle-events-v1.client.mixins.json:MinecraftMixin from mod fabric-lifecycle-events-v1->@Inject::afterClientWorldChange(Lnet/minecraft/client/world/ClientWorld;Lorg/spongepowered/asm/mixin/injection/callback/CallbackInfo;)V won't be passed a CallbackInfo as a result
[01:26:18] [Render thread/DEBUG] (FabricLoader/Mixin) immediatelyfast-common.mixins.json:core.MixinMinecraft from mod immediatelyfast->@Inject::initImmediatelyFast(Lorg/spongepowered/asm/mixin/injection/callback/CallbackInfo;)V doesn't use it's CallbackInfo
[01:26:18] [Render thread/DEBUG] (FabricLoader/Mixin) immediatelyfast-common.mixins.json:core.MixinMinecraft from mod immediatelyfast->@Inject::initImmediatelyFast(Lorg/spongepowered/asm/mixin/injection/callback/CallbackInfo;)V has 0 override(s) in child classes
[01:26:18] [Render thread/DEBUG] (FabricLoader/Mixin) immediatelyfast-common.mixins.json:core.MixinMinecraft from mod immediatelyfast->@Inject::initImmediatelyFast(Lorg/spongepowered/asm/mixin/injection/callback/CallbackInfo;)V won't be passed a CallbackInfo as a result
[01:26:18] [Render thread/DEBUG] (FabricLoader/Mixin) immediatelyfast-common.mixins.json:core.MixinMinecraft from mod immediatelyfast->@Inject::hookLevelChange(Lorg/spongepowered/asm/mixin/injection/callback/CallbackInfo;)V doesn't use it's CallbackInfo
[01:26:18] [Render thread/DEBUG] (FabricLoader/Mixin) immediatelyfast-common.mixins.json:core.MixinMinecraft from mod immediatelyfast->@Inject::hookLevelChange(Lorg/spongepowered/asm/mixin/injection/callback/CallbackInfo;)V has 0 override(s) in child classes
[01:26:18] [Render thread/DEBUG] (FabricLoader/Mixin) immediatelyfast-common.mixins.json:core.MixinMinecraft from mod immediatelyfast->@Inject::hookLevelChange(Lorg/spongepowered/asm/mixin/injection/callback/CallbackInfo;)V won't be passed a CallbackInfo as a result
[01:26:18] [Render thread/DEBUG] (FabricLoader/Mixin) fabric-screen-api-v1.mixins.json:MinecraftMixin from mod fabric-screen-api-v1->@Inject::checkThreadOnDev(Lnet/minecraft/client/gui/screen/Screen;Lorg/spongepowered/asm/mixin/injection/callback/CallbackInfo;)V doesn't use it's CallbackInfo
[01:26:18] [Render thread/DEBUG] (FabricLoader/Mixin) fabric-screen-api-v1.mixins.json:MinecraftMixin from mod fabric-screen-api-v1->@Inject::checkThreadOnDev(Lnet/minecraft/client/gui/screen/Screen;Lorg/spongepowered/asm/mixin/injection/callback/CallbackInfo;)V has 0 override(s) in child classes
[01:26:18] [Render thread/DEBUG] (FabricLoader/Mixin) fabric-screen-api-v1.mixins.json:MinecraftMixin from mod fabric-screen-api-v1->@Inject::checkThreadOnDev(Lnet/minecraft/client/gui/screen/Screen;Lorg/spongepowered/asm/mixin/injection/callback/CallbackInfo;)V won't be passed a CallbackInfo as a result
[01:26:18] [Render thread/DEBUG] (FabricLoader/Mixin) fabric-screen-api-v1.mixins.json:MinecraftMixin from mod fabric-screen-api-v1->@Inject::onScreenRemove(Lnet/minecraft/client/gui/screen/Screen;Lorg/spongepowered/asm/mixin/injection/callback/CallbackInfo;)V doesn't use it's CallbackInfo
[01:26:18] [Render thread/DEBUG] (FabricLoader/Mixin) fabric-screen-api-v1.mixins.json:MinecraftMixin from mod fabric-screen-api-v1->@Inject::onScreenRemove(Lnet/minecraft/client/gui/screen/Screen;Lorg/spongepowered/asm/mixin/injection/callback/CallbackInfo;)V has 0 override(s) in child classes
[01:26:18] [Render thread/DEBUG] (FabricLoader/Mixin) fabric-screen-api-v1.mixins.json:MinecraftMixin from mod fabric-screen-api-v1->@Inject::onScreenRemove(Lnet/minecraft/client/gui/screen/Screen;Lorg/spongepowered/asm/mixin/injection/callback/CallbackInfo;)V won't be passed a CallbackInfo as a result
[01:26:18] [Render thread/DEBUG] (FabricLoader/Mixin) fabric-screen-api-v1.mixins.json:MinecraftMixin from mod fabric-screen-api-v1->@Inject::onScreenRemoveBecauseStopping(Lorg/spongepowered/asm/mixin/injection/callback/CallbackInfo;)V doesn't use it's CallbackInfo
[01:26:18] [Render thread/DEBUG] (FabricLoader/Mixin) fabric-screen-api-v1.mixins.json:MinecraftMixin from mod fabric-screen-api-v1->@Inject::onScreenRemoveBecauseStopping(Lorg/spongepowered/asm/mixin/injection/callback/CallbackInfo;)V has 0 override(s) in child classes
[01:26:18] [Render thread/DEBUG] (FabricLoader/Mixin) fabric-screen-api-v1.mixins.json:MinecraftMixin from mod fabric-screen-api-v1->@Inject::onScreenRemoveBecauseStopping(Lorg/spongepowered/asm/mixin/injection/callback/CallbackInfo;)V won't be passed a CallbackInfo as a result
[01:26:18] [Render thread/DEBUG] (FabricLoader/Mixin) fabric-screen-api-v1.mixins.json:MinecraftMixin from mod fabric-screen-api-v1->@Inject::beforeScreenTick(Lorg/spongepowered/asm/mixin/injection/callback/CallbackInfo;)V doesn't use it's CallbackInfo
[01:26:18] [Render thread/DEBUG] (FabricLoader/Mixin) fabric-screen-api-v1.mixins.json:MinecraftMixin from mod fabric-screen-api-v1->@Inject::beforeScreenTick(Lorg/spongepowered/asm/mixin/injection/callback/CallbackInfo;)V has 0 override(s) in child classes
[01:26:18] [Render thread/DEBUG] (FabricLoader/Mixin) fabric-screen-api-v1.mixins.json:MinecraftMixin from mod fabric-screen-api-v1->@Inject::beforeScreenTick(Lorg/spongepowered/asm/mixin/injection/callback/CallbackInfo;)V won't be passed a CallbackInfo as a result
[01:26:18] [Render thread/DEBUG] (FabricLoader/Mixin) fabric-screen-api-v1.mixins.json:MinecraftMixin from mod fabric-screen-api-v1->@Inject::afterScreenTick(Lorg/spongepowered/asm/mixin/injection/callback/CallbackInfo;)V doesn't use it's CallbackInfo
[01:26:18] [Render thread/DEBUG] (FabricLoader/Mixin) fabric-screen-api-v1.mixins.json:MinecraftMixin from mod fabric-screen-api-v1->@Inject::afterScreenTick(Lorg/spongepowered/asm/mixin/injection/callback/CallbackInfo;)V has 0 override(s) in child classes
[01:26:18] [Render thread/DEBUG] (FabricLoader/Mixin) fabric-screen-api-v1.mixins.json:MinecraftMixin from mod fabric-screen-api-v1->@Inject::afterScreenTick(Lorg/spongepowered/asm/mixin/injection/callback/CallbackInfo;)V won't be passed a CallbackInfo as a result
[01:26:18] [Render thread/DEBUG] (FabricLoader/Mixin) fabric-screen-api-v1.mixins.json:MinecraftMixin from mod fabric-screen-api-v1->@Inject::beforeLoadingScreenTick(Lorg/spongepowered/asm/mixin/injection/callback/CallbackInfo;)V doesn't use it's CallbackInfo
[01:26:18] [Render thread/DEBUG] (FabricLoader/Mixin) fabric-screen-api-v1.mixins.json:MinecraftMixin from mod fabric-screen-api-v1->@Inject::beforeLoadingScreenTick(Lorg/spongepowered/asm/mixin/injection/callback/CallbackInfo;)V has 0 override(s) in child classes
[01:26:18] [Render thread/DEBUG] (FabricLoader/Mixin) fabric-screen-api-v1.mixins.json:MinecraftMixin from mod fabric-screen-api-v1->@Inject::beforeLoadingScreenTick(Lorg/spongepowered/asm/mixin/injection/callback/CallbackInfo;)V won't be passed a CallbackInfo as a result
[01:26:18] [Render thread/DEBUG] (FabricLoader/Mixin) fabric-screen-api-v1.mixins.json:MinecraftMixin from mod fabric-screen-api-v1->@Inject::afterLoadingScreenTick(Lorg/spongepowered/asm/mixin/injection/callback/CallbackInfo;)V doesn't use it's CallbackInfo
[01:26:18] [Render thread/DEBUG] (FabricLoader/Mixin) fabric-screen-api-v1.mixins.json:MinecraftMixin from mod fabric-screen-api-v1->@Inject::afterLoadingScreenTick(Lorg/spongepowered/asm/mixin/injection/callback/CallbackInfo;)V has 0 override(s) in child classes
[01:26:18] [Render thread/DEBUG] (FabricLoader/Mixin) fabric-screen-api-v1.mixins.json:MinecraftMixin from mod fabric-screen-api-v1->@Inject::afterLoadingScreenTick(Lorg/spongepowered/asm/mixin/injection/callback/CallbackInfo;)V won't be passed a CallbackInfo as a result
[01:26:18] [Render thread/DEBUG] (FabricLoader/Mixin) fabric-data-generation-api-v1.client.mixins.json:MinecraftMixin from mod fabric-data-generation-api-v1->@Inject::main(Lorg/spongepowered/asm/mixin/injection/callback/CallbackInfo;)V doesn't use it's CallbackInfo
[01:26:18] [Render thread/DEBUG] (FabricLoader/Mixin) fabric-data-generation-api-v1.client.mixins.json:MinecraftMixin from mod fabric-data-generation-api-v1->@Inject::main(Lorg/spongepowered/asm/mixin/injection/callback/CallbackInfo;)V has 0 override(s) in child classes
[01:26:18] [Render thread/DEBUG] (FabricLoader/Mixin) fabric-data-generation-api-v1.client.mixins.json:MinecraftMixin from mod fabric-data-generation-api-v1->@Inject::main(Lorg/spongepowered/asm/mixin/injection/callback/CallbackInfo;)V won't be passed a CallbackInfo as a result
[01:26:18] [Render thread/DEBUG] (FabricLoader/Mixin) yacl.mixins.json:MinecraftMixin from mod yet_another_config_lib_v3->@Inject::closeImages(Lorg/spongepowered/asm/mixin/injection/callback/CallbackInfo;)V doesn't use it's CallbackInfo
[01:26:18] [Render thread/DEBUG] (FabricLoader/Mixin) yacl.mixins.json:MinecraftMixin from mod yet_another_config_lib_v3->@Inject::closeImages(Lorg/spongepowered/asm/mixin/injection/callback/CallbackInfo;)V has 0 override(s) in child classes
[01:26:18] [Render thread/DEBUG] (FabricLoader/Mixin) yacl.mixins.json:MinecraftMixin from mod yet_another_config_lib_v3->@Inject::closeImages(Lorg/spongepowered/asm/mixin/injection/callback/CallbackInfo;)V won't be passed a CallbackInfo as a result
[01:26:18] [Render thread/DEBUG] (FabricLoader/Mixin) moreculling.mixins.json:Minecraft_managersMixin from mod moreculling->@Inject::moreculling$onBakedModelManagerInitialized(Lnet/minecraft/client/RunArgs;Lorg/spongepowered/asm/mixin/injection/callback/CallbackInfo;)V doesn't use it's CallbackInfo
[01:26:18] [Render thread/DEBUG] (FabricLoader/Mixin) moreculling.mixins.json:Minecraft_managersMixin from mod moreculling->@Inject::moreculling$onBakedModelManagerInitialized(Lnet/minecraft/client/RunArgs;Lorg/spongepowered/asm/mixin/injection/callback/CallbackInfo;)V has 0 override(s) in child classes
[01:26:18] [Render thread/DEBUG] (FabricLoader/Mixin) moreculling.mixins.json:Minecraft_managersMixin from mod moreculling->@Inject::moreculling$onBakedModelManagerInitialized(Lnet/minecraft/client/RunArgs;Lorg/spongepowered/asm/mixin/injection/callback/CallbackInfo;)V won't be passed a CallbackInfo as a result
[01:26:18] [Render thread/DEBUG] (FabricLoader/Mixin) moreculling.mixins.json:Minecraft_managersMixin from mod moreculling->@Inject::moreculling$onBlockRenderManagerInitialized(Lnet/minecraft/client/RunArgs;Lorg/spongepowered/asm/mixin/injection/callback/CallbackInfo;)V doesn't use it's CallbackInfo
[01:26:18] [Render thread/DEBUG] (FabricLoader/Mixin) moreculling.mixins.json:Minecraft_managersMixin from mod moreculling->@Inject::moreculling$onBlockRenderManagerInitialized(Lnet/minecraft/client/RunArgs;Lorg/spongepowered/asm/mixin/injection/callback/CallbackInfo;)V has 0 override(s) in child classes
[01:26:18] [Render thread/DEBUG] (FabricLoader/Mixin) moreculling.mixins.json:Minecraft_managersMixin from mod moreculling->@Inject::moreculling$onBlockRenderManagerInitialized(Lnet/minecraft/client/RunArgs;Lorg/spongepowered/asm/mixin/injection/callback/CallbackInfo;)V won't be passed a CallbackInfo as a result
[01:26:18] [Render thread/DEBUG] (FabricLoader/Mixin) moreculling.mixins.json:blockstates.Minecraft_loadBlocksMixin from mod moreculling->@Inject::moreculling$onInit(Lnet/minecraft/client/RunArgs;Lorg/spongepowered/asm/mixin/injection/callback/CallbackInfo;)V doesn't use it's CallbackInfo
[01:26:18] [Render thread/DEBUG] (FabricLoader/Mixin) moreculling.mixins.json:blockstates.Minecraft_loadBlocksMixin from mod moreculling->@Inject::moreculling$onInit(Lnet/minecraft/client/RunArgs;Lorg/spongepowered/asm/mixin/injection/callback/CallbackInfo;)V has 0 override(s) in child classes
[01:26:18] [Render thread/DEBUG] (FabricLoader/Mixin) moreculling.mixins.json:blockstates.Minecraft_loadBlocksMixin from mod moreculling->@Inject::moreculling$onInit(Lnet/minecraft/client/RunArgs;Lorg/spongepowered/asm/mixin/injection/callback/CallbackInfo;)V won't be passed a CallbackInfo as a result
[01:26:18] [Render thread/DEBUG] (FabricLoader/Mixin) moreculling.fabric.mixins.json:Minecraft_registerReloadListenersMixin from mod moreculling->@Inject::moreculling$onBlockRenderManagerInitialized(Lnet/minecraft/client/RunArgs;Lorg/spongepowered/asm/mixin/injection/callback/CallbackInfo;)V doesn't use it's CallbackInfo
[01:26:18] [Render thread/DEBUG] (FabricLoader/Mixin) moreculling.fabric.mixins.json:Minecraft_registerReloadListenersMixin from mod moreculling->@Inject::moreculling$onBlockRenderManagerInitialized(Lnet/minecraft/client/RunArgs;Lorg/spongepowered/asm/mixin/injection/callback/CallbackInfo;)V has 0 override(s) in child classes
[01:26:18] [Render thread/DEBUG] (FabricLoader/Mixin) moreculling.fabric.mixins.json:Minecraft_registerReloadListenersMixin from mod moreculling->@Inject::moreculling$onBlockRenderManagerInitialized(Lnet/minecraft/client/RunArgs;Lorg/spongepowered/asm/mixin/injection/callback/CallbackInfo;)V won't be passed a CallbackInfo as a result
[01:26:18] [Render thread/DEBUG] (FabricLoader/Mixin) fabric-registry-sync-v0.client.mixins.json:MinecraftMixin from mod fabric-registry-sync-v0->@Inject::disconnectAfter(Lnet/minecraft/client/gui/screen/Screen;ZZLorg/spongepowered/asm/mixin/injection/callback/CallbackInfo;)V doesn't use it's CallbackInfo
[01:26:18] [Render thread/DEBUG] (FabricLoader/Mixin) fabric-registry-sync-v0.client.mixins.json:MinecraftMixin from mod fabric-registry-sync-v0->@Inject::disconnectAfter(Lnet/minecraft/client/gui/screen/Screen;ZZLorg/spongepowered/asm/mixin/injection/callback/CallbackInfo;)V has 0 override(s) in child classes
[01:26:18] [Render thread/DEBUG] (FabricLoader/Mixin) fabric-registry-sync-v0.client.mixins.json:MinecraftMixin from mod fabric-registry-sync-v0->@Inject::disconnectAfter(Lnet/minecraft/client/gui/screen/Screen;ZZLorg/spongepowered/asm/mixin/injection/callback/CallbackInfo;)V won't be passed a CallbackInfo as a result
[01:26:18] [Render thread/DEBUG] (FabricLoader/Mixin) fabric-registry-sync-v0.client.mixins.json:MinecraftMixin from mod fabric-registry-sync-v0->@Inject::afterModInit(Lorg/spongepowered/asm/mixin/injection/callback/CallbackInfo;)V doesn't use it's CallbackInfo
[01:26:18] [Render thread/DEBUG] (FabricLoader/Mixin) fabric-registry-sync-v0.client.mixins.json:MinecraftMixin from mod fabric-registry-sync-v0->@Inject::afterModInit(Lorg/spongepowered/asm/mixin/injection/callback/CallbackInfo;)V has 0 override(s) in child classes
[01:26:18] [Render thread/DEBUG] (FabricLoader/Mixin) fabric-registry-sync-v0.client.mixins.json:MinecraftMixin from mod fabric-registry-sync-v0->@Inject::afterModInit(Lorg/spongepowered/asm/mixin/injection/callback/CallbackInfo;)V won't be passed a CallbackInfo as a result
[01:26:18] [Render thread/DEBUG] (FabricLoader/Mixin) axial-cosmetics.mixins.json:MinecraftClientTitleMixin from mod axial_cosmetics->@Inject::axial_cosmetics$replaceWindowTitle(Lorg/spongepowered/asm/mixin/injection/callback/CallbackInfoReturnable;)V does use it's CallbackInfoReturnable
[01:26:18] [Render thread/DEBUG] (FabricLoader/Mixin) axial-cosmetics.mixins.json:MinecraftClientDynamicCrosshairMixin from mod axial_cosmetics->@Inject::axial_cosmetics$triggerDynamicCrosshairOnAttack(Lorg/spongepowered/asm/mixin/injection/callback/CallbackInfoReturnable;)V doesn't use it's CallbackInfoReturnable
[01:26:18] [Render thread/DEBUG] (FabricLoader/Mixin) axial-cosmetics.mixins.json:MinecraftClientDynamicCrosshairMixin from mod axial_cosmetics->@Inject::axial_cosmetics$triggerDynamicCrosshairOnAttack(Lorg/spongepowered/asm/mixin/injection/callback/CallbackInfoReturnable;)V has 0 override(s) in child classes
[01:26:18] [Render thread/DEBUG] (FabricLoader/Mixin) axial-cosmetics.mixins.json:MinecraftClientDynamicCrosshairMixin from mod axial_cosmetics->@Inject::axial_cosmetics$triggerDynamicCrosshairOnAttack(Lorg/spongepowered/asm/mixin/injection/callback/CallbackInfoReturnable;)V won't be passed a CallbackInfoReturnable as a result
[01:26:18] [Render thread/DEBUG] (FabricLoader/Mixin) axial-cosmetics.mixins.json:MinecraftClientDynamicCrosshairMixin from mod axial_cosmetics->@Inject::axial_cosmetics$triggerDynamicCrosshairOnUse(Lorg/spongepowered/asm/mixin/injection/callback/CallbackInfo;)V doesn't use it's CallbackInfo
[01:26:18] [Render thread/DEBUG] (FabricLoader/Mixin) axial-cosmetics.mixins.json:MinecraftClientDynamicCrosshairMixin from mod axial_cosmetics->@Inject::axial_cosmetics$triggerDynamicCrosshairOnUse(Lorg/spongepowered/asm/mixin/injection/callback/CallbackInfo;)V has 0 override(s) in child classes
[01:26:18] [Render thread/DEBUG] (FabricLoader/Mixin) axial-cosmetics.mixins.json:MinecraftClientDynamicCrosshairMixin from mod axial_cosmetics->@Inject::axial_cosmetics$triggerDynamicCrosshairOnUse(Lorg/spongepowered/asm/mixin/injection/callback/CallbackInfo;)V won't be passed a CallbackInfo as a result
[01:26:18] [Render thread/DEBUG] (FabricLoader/Mixin) axial-cosmetics.mixins.json:MinecraftClientVerifiedMobAttackMixin from mod axial_cosmetics->@Inject::axial_cosmetics$startVerifiedMobAttack(Lorg/spongepowered/asm/mixin/injection/callback/CallbackInfoReturnable;)V does use it's CallbackInfoReturnable
[01:26:18] [Render thread/DEBUG] (FabricLoader/Mixin) fabric-events-interaction-v0.client.mixins.json:MinecraftMixin from mod fabric-events-interaction-v0->@Inject::injectUseEntityCallback(Lorg/spongepowered/asm/mixin/injection/callback/CallbackInfo;)V does use it's CallbackInfo
[01:26:18] [Render thread/DEBUG] (FabricLoader/Mixin) fabric-events-interaction-v0.client.mixins.json:MinecraftMixin from mod fabric-events-interaction-v0->@Inject::injectHandleInputEventsForPreAttackCallback(Lorg/spongepowered/asm/mixin/injection/callback/CallbackInfo;)V doesn't use it's CallbackInfo
[01:26:18] [Render thread/DEBUG] (FabricLoader/Mixin) fabric-events-interaction-v0.client.mixins.json:MinecraftMixin from mod fabric-events-interaction-v0->@Inject::injectHandleInputEventsForPreAttackCallback(Lorg/spongepowered/asm/mixin/injection/callback/CallbackInfo;)V has 0 override(s) in child classes
[01:26:18] [Render thread/DEBUG] (FabricLoader/Mixin) fabric-events-interaction-v0.client.mixins.json:MinecraftMixin from mod fabric-events-interaction-v0->@Inject::injectHandleInputEventsForPreAttackCallback(Lorg/spongepowered/asm/mixin/injection/callback/CallbackInfo;)V won't be passed a CallbackInfo as a result
[01:26:18] [Render thread/DEBUG] (FabricLoader/Mixin) fabric-events-interaction-v0.client.mixins.json:MinecraftMixin from mod fabric-events-interaction-v0->@Inject::injectDoAttackForCancelling(Lorg/spongepowered/asm/mixin/injection/callback/CallbackInfoReturnable;)V does use it's CallbackInfoReturnable
[01:26:18] [Render thread/DEBUG] (FabricLoader/Mixin) fabric-events-interaction-v0.client.mixins.json:MinecraftMixin from mod fabric-events-interaction-v0->@Inject::injectHandleBlockBreakingForCancelling(ZLorg/spongepowered/asm/mixin/injection/callback/CallbackInfo;)V does use it's CallbackInfo
[01:26:18] [Render thread/DEBUG] (FabricLoader/Mixin) transition.mixins.json:MinecraftMixin from mod transition->@Inject::fillReport(Lnet/minecraft/util/crash/CrashReport;Lorg/spongepowered/asm/mixin/injection/callback/CallbackInfoReturnable;)V doesn't use it's CallbackInfoReturnable
[01:26:18] [Render thread/DEBUG] (FabricLoader/Mixin) transition.mixins.json:MinecraftMixin from mod transition->@Inject::fillReport(Lnet/minecraft/util/crash/CrashReport;Lorg/spongepowered/asm/mixin/injection/callback/CallbackInfoReturnable;)V has 0 override(s) in child classes
[01:26:18] [Render thread/DEBUG] (FabricLoader/Mixin) transition.mixins.json:MinecraftMixin from mod transition->@Inject::fillReport(Lnet/minecraft/util/crash/CrashReport;Lorg/spongepowered/asm/mixin/injection/callback/CallbackInfoReturnable;)V won't be passed a CallbackInfoReturnable as a result
[01:26:18] [Render thread/DEBUG] (FabricLoader/Mixin) transition.mixins.json:MinecraftMixin from mod transition->@Inject::fillReport(Lnet/minecraft/client/MinecraftClient;Lnet/minecraft/client/resource/language/LanguageManager;Ljava/lang/String;Lnet/minecraft/client/option/GameOptions;Lnet/minecraft/util/crash/CrashReport;Lorg/spongepowered/asm/mixin/injection/callback/CallbackInfo;)V doesn't use it's CallbackInfo
[01:26:18] [Render thread/DEBUG] (FabricLoader/Mixin) Mixing MenuSubscreenBackgroundMixin from axial-cosmetics.mixins.json into net.minecraft.client.gui.screen.MessageScreen
[01:26:18] [Render thread/DEBUG] (FabricLoader/Mixin) axial-cosmetics.mixins.json:MenuSubscreenBackgroundMixin from mod axial_cosmetics->@Inject::axial_cosmetics$renderCustomSubmenuBackground(Lnet/minecraft/client/gui/DrawContext;IIFLorg/spongepowered/asm/mixin/injection/callback/CallbackInfo;)V does use it's CallbackInfo
[01:26:18] [Render thread/DEBUG] (FabricLoader/Mixin) Mixing TitleScreenBackgroundMixin from axial-cosmetics.mixins.json into net.minecraft.client.gui.screen.TitleScreen
[01:26:18] [Render thread/DEBUG] (FabricLoader/Mixin) Renaming synthetic method lambda$axial_cosmetics$ensureServerCount$0()V to mdfa83b2$axial_cosmetics$lambda$axial_cosmetics$ensureServerCount$0$0 in axial-cosmetics.mixins.json:TitleScreenBackgroundMixin from mod axial_cosmetics
[01:26:18] [Render thread/DEBUG] (FabricLoader/Mixin) Renaming synthetic method lambda$axial_cosmetics$drawOfficialGamemodes$1(Lnet/minecraft/text/Style;)Lnet/minecraft/text/Style; to mdfa83b2$axial_cosmetics$lambda$axial_cosmetics$drawOfficialGamemodes$1$1 in axial-cosmetics.mixins.json:TitleScreenBackgroundMixin from mod axial_cosmetics
[01:26:18] [Render thread/DEBUG] (FabricLoader/Mixin) Renaming synthetic method lambda$axial_cosmetics$drawOfficialGamemodes$0(Lnet/minecraft/text/Style;)Lnet/minecraft/text/Style; to mdfa83b2$axial_cosmetics$lambda$axial_cosmetics$drawOfficialGamemodes$0$2 in axial-cosmetics.mixins.json:TitleScreenBackgroundMixin from mod axial_cosmetics
[01:26:18] [Render thread/DEBUG] (FabricLoader/Mixin) Mixing TitleScreenMenuLayoutMixin from axial-cosmetics.mixins.json into net.minecraft.client.gui.screen.TitleScreen
[01:26:18] [Render thread/DEBUG] (FabricLoader/Mixin) Renaming synthetic method lambda$axial_cosmetics$ensureAccountsButton$0(Lnet/minecraft/client/gui/widget/ButtonWidget;)V to mdfa83b2$axial_cosmetics$lambda$axial_cosmetics$ensureAccountsButton$0$3 in axial-cosmetics.mixins.json:TitleScreenMenuLayoutMixin from mod axial_cosmetics
[01:26:18] [Render thread/DEBUG] (FabricLoader/Mixin) axial-cosmetics.mixins.json:TitleScreenBackgroundMixin from mod axial_cosmetics->@Inject::axial_cosmetics$drawOfficialGamemodes(Lnet/minecraft/client/gui/DrawContext;IIFLorg/spongepowered/asm/mixin/injection/callback/CallbackInfo;)V doesn't use it's CallbackInfo
[01:26:18] [Render thread/DEBUG] (FabricLoader/Mixin) axial-cosmetics.mixins.json:TitleScreenBackgroundMixin from mod axial_cosmetics->@Inject::axial_cosmetics$drawOfficialGamemodes(Lnet/minecraft/client/gui/DrawContext;IIFLorg/spongepowered/asm/mixin/injection/callback/CallbackInfo;)V has 0 override(s) in child classes
[01:26:18] [Render thread/DEBUG] (FabricLoader/Mixin) axial-cosmetics.mixins.json:TitleScreenBackgroundMixin from mod axial_cosmetics->@Inject::axial_cosmetics$drawOfficialGamemodes(Lnet/minecraft/client/gui/DrawContext;IIFLorg/spongepowered/asm/mixin/injection/callback/CallbackInfo;)V won't be passed a CallbackInfo as a result
[01:26:18] [Render thread/DEBUG] (FabricLoader/Mixin) axial-cosmetics.mixins.json:TitleScreenBackgroundMixin from mod axial_cosmetics->@Inject::axial_cosmetics$drawAccountsDropdown(Lnet/minecraft/client/gui/DrawContext;IIFLorg/spongepowered/asm/mixin/injection/callback/CallbackInfo;)V doesn't use it's CallbackInfo
[01:26:18] [Render thread/DEBUG] (FabricLoader/Mixin) axial-cosmetics.mixins.json:TitleScreenBackgroundMixin from mod axial_cosmetics->@Inject::axial_cosmetics$drawAccountsDropdown(Lnet/minecraft/client/gui/DrawContext;IIFLorg/spongepowered/asm/mixin/injection/callback/CallbackInfo;)V has 0 override(s) in child classes
[01:26:18] [Render thread/DEBUG] (FabricLoader/Mixin) axial-cosmetics.mixins.json:TitleScreenBackgroundMixin from mod axial_cosmetics->@Inject::axial_cosmetics$drawAccountsDropdown(Lnet/minecraft/client/gui/DrawContext;IIFLorg/spongepowered/asm/mixin/injection/callback/CallbackInfo;)V won't be passed a CallbackInfo as a result
[01:26:18] [Render thread/DEBUG] (FabricLoader/Mixin) axial-cosmetics.mixins.json:TitleScreenBackgroundMixin from mod axial_cosmetics->@Inject::axial_cosmetics$connectOfficialGamemodes(Lnet/minecraft/client/gui/Click;ZLorg/spongepowered/asm/mixin/injection/callback/CallbackInfoReturnable;)V does use it's CallbackInfoReturnable
[01:26:18] [Render thread/DEBUG] (FabricLoader/Mixin) axial-cosmetics.mixins.json:TitleScreenMenuLayoutMixin from mod axial_cosmetics->@Inject::axial_cosmetics$layoutTitleMenu(Lorg/spongepowered/asm/mixin/injection/callback/CallbackInfo;)V doesn't use it's CallbackInfo
[01:26:18] [Render thread/DEBUG] (FabricLoader/Mixin) axial-cosmetics.mixins.json:TitleScreenMenuLayoutMixin from mod axial_cosmetics->@Inject::axial_cosmetics$layoutTitleMenu(Lorg/spongepowered/asm/mixin/injection/callback/CallbackInfo;)V has 0 override(s) in child classes
[01:26:18] [Render thread/DEBUG] (FabricLoader/Mixin) axial-cosmetics.mixins.json:TitleScreenMenuLayoutMixin from mod axial_cosmetics->@Inject::axial_cosmetics$layoutTitleMenu(Lorg/spongepowered/asm/mixin/injection/callback/CallbackInfo;)V won't be passed a CallbackInfo as a result
[01:26:18] [Render thread/DEBUG] (FabricLoader/Mixin) Mixing LevelLoadingScreenBackgroundMixin from axial-cosmetics.mixins.json into net.minecraft.client.gui.screen.world.LevelLoadingScreen
[01:26:18] [Render thread/DEBUG] (FabricLoader/Mixin) axial-cosmetics.mixins.json:LevelLoadingScreenBackgroundMixin from mod axial_cosmetics->@Inject::axial_cosmetics$renderLoadingBackground(Lnet/minecraft/client/gui/DrawContext;IIFLorg/spongepowered/asm/mixin/injection/callback/CallbackInfo;)V does use it's CallbackInfo
[01:26:18] [Render thread/DEBUG] (FabricLoader/Mixin) Mixing ProgressScreenBackgroundMixin from axial-cosmetics.mixins.json into net.minecraft.client.gui.screen.ProgressScreen
[01:26:18] [Render thread/DEBUG] (FabricLoader/Mixin) Mixing accessors.AccessorHandledScreen from mixins.scrollabletooltips.json into net.minecraft.client.gui.screen.ingame.HandledScreen
[01:26:18] [Render thread/DEBUG] (FabricLoader/Mixin) mixins.scrollabletooltips.json:accessors.AccessorHandledScreen from mod text_overflow_scroll: Class version 65 required is higher than the class version supported by the current version of Mixin (JAVA_17 supports class version 61)
[01:26:18] [Render thread/DEBUG] (FabricLoader/Mixin) Mixing AbstractContainerScreenMixin from fabric-screen-api-v1.mixins.json into net.minecraft.client.gui.screen.ingame.HandledScreen
[01:26:18] [Render thread/DEBUG] (FabricLoader/Mixin) fabric-screen-api-v1.mixins.json:AbstractContainerScreenMixin from mod fabric-screen-api-v1->@Inject::callSuperMouseReleased(Lnet/minecraft/client/gui/Click;Lorg/spongepowered/asm/mixin/injection/callback/CallbackInfoReturnable;)V does use it's CallbackInfoReturnable
[01:26:18] [Render thread/DEBUG] (FabricLoader/Mixin) fabric-screen-api-v1.mixins.json:AbstractContainerScreenMixin from mod fabric-screen-api-v1->@Inject::callSuperMouseReleased(Lnet/minecraft/client/gui/Click;DDLorg/spongepowered/asm/mixin/injection/callback/CallbackInfoReturnable;)V does use it's CallbackInfoReturnable
[01:26:18] [Render thread/DEBUG] (FabricLoader/Mixin) Mixing KeyedClientResourceReloadListenerMixin from fabric-resource-loader-v1.client.mixins.json into net.minecraft.client.resource.PeriodicNotificationManager
[01:26:18] [Render thread/DEBUG] (FabricLoader/Mixin) Mixing BuiltInPackSourceMixin from fabric-resource-loader-v1.client.mixins.json into net.minecraft.resource.VanillaResourcePackProvider
[01:26:18] [Render thread/DEBUG] (FabricLoader/Mixin) fabric-resource-loader-v1.client.mixins.json:BuiltInPackSourceMixin from mod fabric-resource-loader-v1->@Inject::addBuiltinResourcePacks(Ljava/util/function/Consumer;Lorg/spongepowered/asm/mixin/injection/callback/CallbackInfo;)V doesn't use it's CallbackInfo
[01:26:18] [Render thread/DEBUG] (FabricLoader/Mixin) fabric-resource-loader-v1.client.mixins.json:BuiltInPackSourceMixin from mod fabric-resource-loader-v1->@Inject::addBuiltinResourcePacks(Ljava/util/function/Consumer;Lorg/spongepowered/asm/mixin/injection/callback/CallbackInfo;)V has 0 override(s) in child classes
[01:26:18] [Render thread/DEBUG] (FabricLoader/Mixin) fabric-resource-loader-v1.client.mixins.json:BuiltInPackSourceMixin from mod fabric-resource-loader-v1->@Inject::addBuiltinResourcePacks(Ljava/util/function/Consumer;Lorg/spongepowered/asm/mixin/injection/callback/CallbackInfo;)V won't be passed a CallbackInfo as a result
[01:26:18] [Render thread/DEBUG] (FabricLoader/Mixin) Mixing PackRepositoryMixin from fabric-resource-loader-v1.mixins.json into net.minecraft.resource.ResourcePackManager
[01:26:18] [Render thread/DEBUG] (FabricLoader/Mixin) Renaming synthetic method lambda$handleAutoDisable$0(Ljava/util/Set;Lnet/minecraft/resource/ResourcePackProfile;)Z to mdfa83b2$fabric-resource-loader-v1$lambda$handleAutoDisable$0$0 in fabric-resource-loader-v1.mixins.json:PackRepositoryMixin from mod fabric-resource-loader-v1
[01:26:18] [Render thread/DEBUG] (FabricLoader/Mixin) fabric-resource-loader-v1.mixins.json:PackRepositoryMixin from mod fabric-resource-loader-v1->@Inject::construct([Lnet/minecraft/resource/ResourcePackProvider;Lorg/spongepowered/asm/mixin/injection/callback/CallbackInfo;)V doesn't use it's CallbackInfo
[01:26:18] [Render thread/DEBUG] (FabricLoader/Mixin) fabric-resource-loader-v1.mixins.json:PackRepositoryMixin from mod fabric-resource-loader-v1->@Inject::construct([Lnet/minecraft/resource/ResourcePackProvider;Lorg/spongepowered/asm/mixin/injection/callback/CallbackInfo;)V has 0 override(s) in child classes
[01:26:18] [Render thread/DEBUG] (FabricLoader/Mixin) fabric-resource-loader-v1.mixins.json:PackRepositoryMixin from mod fabric-resource-loader-v1->@Inject::construct([Lnet/minecraft/resource/ResourcePackProvider;Lorg/spongepowered/asm/mixin/injection/callback/CallbackInfo;)V won't be passed a CallbackInfo as a result
[01:26:18] [Render thread/DEBUG] (FabricLoader/Mixin) fabric-resource-loader-v1.mixins.json:PackRepositoryMixin from mod fabric-resource-loader-v1->@Inject::handleAutoEnableDisable(Ljava/util/Collection;Lorg/spongepowered/asm/mixin/injection/callback/CallbackInfoReturnable;)V doesn't use it's CallbackInfoReturnable
[01:26:18] [Render thread/DEBUG] (FabricLoader/Mixin) fabric-resource-loader-v1.mixins.json:PackRepositoryMixin from mod fabric-resource-loader-v1->@Inject::handleAutoEnableDisable(Ljava/util/Collection;Lorg/spongepowered/asm/mixin/injection/callback/CallbackInfoReturnable;)V has 0 override(s) in child classes
[01:26:18] [Render thread/DEBUG] (FabricLoader/Mixin) fabric-resource-loader-v1.mixins.json:PackRepositoryMixin from mod fabric-resource-loader-v1->@Inject::handleAutoEnableDisable(Ljava/util/Collection;Lorg/spongepowered/asm/mixin/injection/callback/CallbackInfoReturnable;)V won't be passed a CallbackInfoReturnable as a result
[01:26:18] [Render thread/DEBUG] (FabricLoader/Mixin) fabric-resource-loader-v1.mixins.json:PackRepositoryMixin from mod fabric-resource-loader-v1->@Inject::handleAutoEnable(Ljava/lang/String;Lorg/spongepowered/asm/mixin/injection/callback/CallbackInfoReturnable;)V doesn't use it's CallbackInfoReturnable
[01:26:18] [Render thread/DEBUG] (FabricLoader/Mixin) fabric-resource-loader-v1.mixins.json:PackRepositoryMixin from mod fabric-resource-loader-v1->@Inject::handleAutoEnable(Ljava/lang/String;Lorg/spongepowered/asm/mixin/injection/callback/CallbackInfoReturnable;)V has 0 override(s) in child classes
[01:26:18] [Render thread/DEBUG] (FabricLoader/Mixin) fabric-resource-loader-v1.mixins.json:PackRepositoryMixin from mod fabric-resource-loader-v1->@Inject::handleAutoEnable(Ljava/lang/String;Lorg/spongepowered/asm/mixin/injection/callback/CallbackInfoReturnable;)V won't be passed a CallbackInfoReturnable as a result
[01:26:18] [Render thread/DEBUG] (FabricLoader/Mixin) fabric-resource-loader-v1.mixins.json:PackRepositoryMixin from mod fabric-resource-loader-v1->@Inject::handleAutoDisable(Ljava/lang/String;Lorg/spongepowered/asm/mixin/injection/callback/CallbackInfoReturnable;)V doesn't use it's CallbackInfoReturnable
[01:26:18] [Render thread/DEBUG] (FabricLoader/Mixin) fabric-resource-loader-v1.mixins.json:PackRepositoryMixin from mod fabric-resource-loader-v1->@Inject::handleAutoDisable(Ljava/lang/String;Lorg/spongepowered/asm/mixin/injection/callback/CallbackInfoReturnable;)V has 0 override(s) in child classes
[01:26:18] [Render thread/DEBUG] (FabricLoader/Mixin) fabric-resource-loader-v1.mixins.json:PackRepositoryMixin from mod fabric-resource-loader-v1->@Inject::handleAutoDisable(Ljava/lang/String;Lorg/spongepowered/asm/mixin/injection/callback/CallbackInfoReturnable;)V won't be passed a CallbackInfoReturnable as a result
[01:26:18] [Render thread/INFO] (com.mojang.authlib.yggdrasil.YggdrasilAuthenticationService) Environment: Environment[sessionHost=https://sessionserver.mojang.com, servicesHost=https://api.minecraftservices.com, profilesHost=https://api.mojang.com, name=PROD]
[01:26:18] [Yggdrasil Key Fetcher/DEBUG] (com.mojang.authlib.minecraft.client.MinecraftClient) Connecting to https://api.minecraftservices.com/publickeys
[01:26:18] [Download-1/DEBUG] (com.mojang.authlib.minecraft.client.MinecraftClient) Connecting to https://sessionserver.mojang.com/session/minecraft/profile/3e97bd983fed36a5a2b2bf93d544eeed?unsigned=false
[01:26:18] [Render thread/INFO] (net.minecraft.client.MinecraftClient) Setting user: Player637
[01:26:18] [Download-2/DEBUG] (com.mojang.authlib.minecraft.client.MinecraftClient) Connecting to https://api.minecraftservices.com/player/attributes
[01:26:18] [Render thread/DEBUG] (FabricLoader/Entrypoint) Iterating over entrypoint 'main'
[01:26:18] [Render thread/DEBUG] (FabricLoader/Mixin) Mixing MixinMinecraftServer from xaerohud.mixins.json into net.minecraft.server.MinecraftServer
[01:26:18] [Render thread/DEBUG] (FabricLoader/Mixin) xaerohud.mixins.json:MixinMinecraftServer from mod xaerominimap: Class version 65 required is higher than the class version supported by the current version of Mixin (JAVA_17 supports class version 61)
[01:26:18] [Render thread/DEBUG] (FabricLoader/Mixin) Mixing MixinFabricMinecraftServer from xaerohud.fabric.mixins.json into net.minecraft.server.MinecraftServer
[01:26:18] [Render thread/DEBUG] (FabricLoader/Mixin) xaerohud.fabric.mixins.json:MixinFabricMinecraftServer from mod xaerominimap: Class version 65 required is higher than the class version supported by the current version of Mixin (JAVA_17 supports class version 61)
[01:26:18] [Render thread/DEBUG] (FabricLoader/Mixin) Mixing MinecraftServerMixin from fabric-resource-loader-v1.mixins.json into net.minecraft.server.MinecraftServer
[01:26:18] [Render thread/DEBUG] (FabricLoader/Mixin) Renaming synthetic method lambda$init$0(Lnet/minecraft/resource/ResourcePack;)Ljava/util/stream/Stream; to mdfa83b2$fabric-resource-loader-v1$lambda$init$0$0 in fabric-resource-loader-v1.mixins.json:MinecraftServerMixin from mod fabric-resource-loader-v1
[01:26:18] [Render thread/DEBUG] (FabricLoader/Mixin) Mixing MinecraftServerMixin from fabric-lifecycle-events-v1.mixins.json into net.minecraft.server.MinecraftServer
[01:26:18] [Render thread/DEBUG] (FabricLoader/Mixin) Renaming synthetic method lambda$endResourceReload$0(Ljava/lang/Void;Ljava/lang/Throwable;)Ljava/lang/Void; to mdfa83b2$fabric-lifecycle-events-v1$lambda$endResourceReload$0$1 in fabric-lifecycle-events-v1.mixins.json:MinecraftServerMixin from mod fabric-lifecycle-events-v1
[01:26:18] [Render thread/DEBUG] (FabricLoader/Mixin) Mixing modification.MinecraftServerMixin from fabric-biome-api-v1.mixins.json into net.minecraft.server.MinecraftServer
[01:26:18] [Render thread/DEBUG] (FabricLoader/Mixin) Mixing MinecraftServerMixin from fabric-message-api-v1.mixins.json into net.minecraft.server.MinecraftServer
[01:26:18] [Render thread/DEBUG] (FabricLoader/Mixin) Renaming synthetic method lambda$onGetChatDecorator$0(Lnet/minecraft/server/network/ServerPlayerEntity;Lnet/minecraft/text/Text;)Lnet/minecraft/text/Text; to mdfa83b2$fabric-message-api-v1$lambda$onGetChatDecorator$0$2 in fabric-message-api-v1.mixins.json:MinecraftServerMixin from mod fabric-message-api-v1
[01:26:18] [Render thread/DEBUG] (FabricLoader/Mixin) Mixing MinecraftServerMixin from fabric-game-rule-api-v1.mixins.json into net.minecraft.server.MinecraftServer
[01:26:18] [Render thread/DEBUG] (FabricLoader/Mixin) xaerohud.fabric.mixins.json:MixinFabricMinecraftServer from mod xaerominimap->@Inject::onTick(Ljava/util/function/BooleanSupplier;Lorg/spongepowered/asm/mixin/injection/callback/CallbackInfo;)V doesn't use it's CallbackInfo
[01:26:18] [Render thread/DEBUG] (FabricLoader/Mixin) xaerohud.fabric.mixins.json:MixinFabricMinecraftServer from mod xaerominimap->@Inject::onTick(Ljava/util/function/BooleanSupplier;Lorg/spongepowered/asm/mixin/injection/callback/CallbackInfo;)V has 0 override(s) in child classes
[01:26:18] [Render thread/DEBUG] (FabricLoader/Mixin) xaerohud.fabric.mixins.json:MixinFabricMinecraftServer from mod xaerominimap->@Inject::onTick(Ljava/util/function/BooleanSupplier;Lorg/spongepowered/asm/mixin/injection/callback/CallbackInfo;)V won't be passed a CallbackInfo as a result
[01:26:18] [Render thread/DEBUG] (FabricLoader/Mixin) fabric-resource-loader-v1.mixins.json:MinecraftServerMixin from mod fabric-resource-loader-v1->@Inject::init(Ljava/lang/Thread;Lnet/minecraft/world/level/storage/LevelStorage$Session;Lnet/minecraft/resource/ResourcePackManager;Lnet/minecraft/server/SaveLoader;Ljava/net/Proxy;Lcom/mojang/datafixers/DataFixer;Lnet/minecraft/util/ApiServices;Lnet/minecraft/world/chunk/ChunkLoadProgress;Lorg/spongepowered/asm/mixin/injection/callback/CallbackInfo;)V doesn't use it's CallbackInfo
[01:26:18] [Render thread/DEBUG] (FabricLoader/Mixin) fabric-resource-loader-v1.mixins.json:MinecraftServerMixin from mod fabric-resource-loader-v1->@Inject::init(Ljava/lang/Thread;Lnet/minecraft/world/level/storage/LevelStorage$Session;Lnet/minecraft/resource/ResourcePackManager;Lnet/minecraft/server/SaveLoader;Ljava/net/Proxy;Lcom/mojang/datafixers/DataFixer;Lnet/minecraft/util/ApiServices;Lnet/minecraft/world/chunk/ChunkLoadProgress;Lorg/spongepowered/asm/mixin/injection/callback/CallbackInfo;)V has 0 override(s) in child classes
[01:26:18] [Render thread/DEBUG] (FabricLoader/Mixin) fabric-resource-loader-v1.mixins.json:MinecraftServerMixin from mod fabric-resource-loader-v1->@Inject::init(Ljava/lang/Thread;Lnet/minecraft/world/level/storage/LevelStorage$Session;Lnet/minecraft/resource/ResourcePackManager;Lnet/minecraft/server/SaveLoader;Ljava/net/Proxy;Lcom/mojang/datafixers/DataFixer;Lnet/minecraft/util/ApiServices;Lnet/minecraft/world/chunk/ChunkLoadProgress;Lorg/spongepowered/asm/mixin/injection/callback/CallbackInfo;)V won't be passed a CallbackInfo as a result
[01:26:18] [Render thread/DEBUG] (FabricLoader/Mixin) fabric-lifecycle-events-v1.mixins.json:MinecraftServerMixin from mod fabric-lifecycle-events-v1->@Inject::beforeSetupServer(Lorg/spongepowered/asm/mixin/injection/callback/CallbackInfo;)V doesn't use it's CallbackInfo
[01:26:18] [Render thread/DEBUG] (FabricLoader/Mixin) fabric-lifecycle-events-v1.mixins.json:MinecraftServerMixin from mod fabric-lifecycle-events-v1->@Inject::beforeSetupServer(Lorg/spongepowered/asm/mixin/injection/callback/CallbackInfo;)V has 0 override(s) in child classes
[01:26:18] [Render thread/DEBUG] (FabricLoader/Mixin) fabric-lifecycle-events-v1.mixins.json:MinecraftServerMixin from mod fabric-lifecycle-events-v1->@Inject::beforeSetupServer(Lorg/spongepowered/asm/mixin/injection/callback/CallbackInfo;)V won't be passed a CallbackInfo as a result
[01:26:18] [Render thread/DEBUG] (FabricLoader/Mixin) fabric-lifecycle-events-v1.mixins.json:MinecraftServerMixin from mod fabric-lifecycle-events-v1->@Inject::afterSetupServer(Lorg/spongepowered/asm/mixin/injection/callback/CallbackInfo;)V doesn't use it's CallbackInfo
[01:26:18] [Render thread/DEBUG] (FabricLoader/Mixin) fabric-lifecycle-events-v1.mixins.json:MinecraftServerMixin from mod fabric-lifecycle-events-v1->@Inject::afterSetupServer(Lorg/spongepowered/asm/mixin/injection/callback/CallbackInfo;)V has 0 override(s) in child classes
[01:26:18] [Render thread/DEBUG] (FabricLoader/Mixin) fabric-lifecycle-events-v1.mixins.json:MinecraftServerMixin from mod fabric-lifecycle-events-v1->@Inject::afterSetupServer(Lorg/spongepowered/asm/mixin/injection/callback/CallbackInfo;)V won't be passed a CallbackInfo as a result
[01:26:18] [Render thread/DEBUG] (FabricLoader/Mixin) fabric-lifecycle-events-v1.mixins.json:MinecraftServerMixin from mod fabric-lifecycle-events-v1->@Inject::beforeShutdownServer(Lorg/spongepowered/asm/mixin/injection/callback/CallbackInfo;)V doesn't use it's CallbackInfo
[01:26:18] [Render thread/DEBUG] (FabricLoader/Mixin) fabric-lifecycle-events-v1.mixins.json:MinecraftServerMixin from mod fabric-lifecycle-events-v1->@Inject::beforeShutdownServer(Lorg/spongepowered/asm/mixin/injection/callback/CallbackInfo;)V has 0 override(s) in child classes
[01:26:18] [Render thread/DEBUG] (FabricLoader/Mixin) fabric-lifecycle-events-v1.mixins.json:MinecraftServerMixin from mod fabric-lifecycle-events-v1->@Inject::beforeShutdownServer(Lorg/spongepowered/asm/mixin/injection/callback/CallbackInfo;)V won't be passed a CallbackInfo as a result
[01:26:18] [Render thread/DEBUG] (FabricLoader/Mixin) fabric-lifecycle-events-v1.mixins.json:MinecraftServerMixin from mod fabric-lifecycle-events-v1->@Inject::afterShutdownServer(Lorg/spongepowered/asm/mixin/injection/callback/CallbackInfo;)V doesn't use it's CallbackInfo
[01:26:18] [Render thread/DEBUG] (FabricLoader/Mixin) fabric-lifecycle-events-v1.mixins.json:MinecraftServerMixin from mod fabric-lifecycle-events-v1->@Inject::afterShutdownServer(Lorg/spongepowered/asm/mixin/injection/callback/CallbackInfo;)V has 0 override(s) in child classes
[01:26:18] [Render thread/DEBUG] (FabricLoader/Mixin) fabric-lifecycle-events-v1.mixins.json:MinecraftServerMixin from mod fabric-lifecycle-events-v1->@Inject::afterShutdownServer(Lorg/spongepowered/asm/mixin/injection/callback/CallbackInfo;)V won't be passed a CallbackInfo as a result
[01:26:18] [Render thread/DEBUG] (FabricLoader/Mixin) fabric-lifecycle-events-v1.mixins.json:MinecraftServerMixin from mod fabric-lifecycle-events-v1->@Inject::onStartTick(Ljava/util/function/BooleanSupplier;Lorg/spongepowered/asm/mixin/injection/callback/CallbackInfo;)V doesn't use it's CallbackInfo
[01:26:18] [Render thread/DEBUG] (FabricLoader/Mixin) fabric-lifecycle-events-v1.mixins.json:MinecraftServerMixin from mod fabric-lifecycle-events-v1->@Inject::onStartTick(Ljava/util/function/BooleanSupplier;Lorg/spongepowered/asm/mixin/injection/callback/CallbackInfo;)V has 0 override(s) in child classes
[01:26:18] [Render thread/DEBUG] (FabricLoader/Mixin) fabric-lifecycle-events-v1.mixins.json:MinecraftServerMixin from mod fabric-lifecycle-events-v1->@Inject::onStartTick(Ljava/util/function/BooleanSupplier;Lorg/spongepowered/asm/mixin/injection/callback/CallbackInfo;)V won't be passed a CallbackInfo as a result
[01:26:18] [Render thread/DEBUG] (FabricLoader/Mixin) fabric-lifecycle-events-v1.mixins.json:MinecraftServerMixin from mod fabric-lifecycle-events-v1->@Inject::onEndTick(Ljava/util/function/BooleanSupplier;Lorg/spongepowered/asm/mixin/injection/callback/CallbackInfo;)V doesn't use it's CallbackInfo
[01:26:18] [Render thread/DEBUG] (FabricLoader/Mixin) fabric-lifecycle-events-v1.mixins.json:MinecraftServerMixin from mod fabric-lifecycle-events-v1->@Inject::onEndTick(Ljava/util/function/BooleanSupplier;Lorg/spongepowered/asm/mixin/injection/callback/CallbackInfo;)V has 0 override(s) in child classes
[01:26:18] [Render thread/DEBUG] (FabricLoader/Mixin) fabric-lifecycle-events-v1.mixins.json:MinecraftServerMixin from mod fabric-lifecycle-events-v1->@Inject::onEndTick(Ljava/util/function/BooleanSupplier;Lorg/spongepowered/asm/mixin/injection/callback/CallbackInfo;)V won't be passed a CallbackInfo as a result
[01:26:18] [Render thread/DEBUG] (FabricLoader/Mixin) fabric-lifecycle-events-v1.mixins.json:MinecraftServerMixin from mod fabric-lifecycle-events-v1->@Inject::onUnloadWorldAtShutdown(Lorg/spongepowered/asm/mixin/injection/callback/CallbackInfo;)V doesn't use it's CallbackInfo
[01:26:18] [Render thread/DEBUG] (FabricLoader/Mixin) fabric-lifecycle-events-v1.mixins.json:MinecraftServerMixin from mod fabric-lifecycle-events-v1->@Inject::onUnloadWorldAtShutdown(Lorg/spongepowered/asm/mixin/injection/callback/CallbackInfo;)V has 0 override(s) in child classes
[01:26:18] [Render thread/DEBUG] (FabricLoader/Mixin) fabric-lifecycle-events-v1.mixins.json:MinecraftServerMixin from mod fabric-lifecycle-events-v1->@Inject::onUnloadWorldAtShutdown(Lorg/spongepowered/asm/mixin/injection/callback/CallbackInfo;)V won't be passed a CallbackInfo as a result
[01:26:18] [Render thread/DEBUG] (FabricLoader/Mixin) fabric-lifecycle-events-v1.mixins.json:MinecraftServerMixin from mod fabric-lifecycle-events-v1->@Inject::startResourceReload(Ljava/util/Collection;Lorg/spongepowered/asm/mixin/injection/callback/CallbackInfoReturnable;)V doesn't use it's CallbackInfoReturnable
[01:26:18] [Render thread/DEBUG] (FabricLoader/Mixin) fabric-lifecycle-events-v1.mixins.json:MinecraftServerMixin from mod fabric-lifecycle-events-v1->@Inject::startResourceReload(Ljava/util/Collection;Lorg/spongepowered/asm/mixin/injection/callback/CallbackInfoReturnable;)V has 0 override(s) in child classes
[01:26:18] [Render thread/DEBUG] (FabricLoader/Mixin) fabric-lifecycle-events-v1.mixins.json:MinecraftServerMixin from mod fabric-lifecycle-events-v1->@Inject::startResourceReload(Ljava/util/Collection;Lorg/spongepowered/asm/mixin/injection/callback/CallbackInfoReturnable;)V won't be passed a CallbackInfoReturnable as a result
[01:26:18] [Render thread/DEBUG] (FabricLoader/Mixin) fabric-lifecycle-events-v1.mixins.json:MinecraftServerMixin from mod fabric-lifecycle-events-v1->@Inject::endResourceReload(Ljava/util/Collection;Lorg/spongepowered/asm/mixin/injection/callback/CallbackInfoReturnable;)V does use it's CallbackInfoReturnable
[01:26:18] [Render thread/DEBUG] (FabricLoader/Mixin) fabric-lifecycle-events-v1.mixins.json:MinecraftServerMixin from mod fabric-lifecycle-events-v1->@Inject::startSave(ZZZLorg/spongepowered/asm/mixin/injection/callback/CallbackInfoReturnable;)V doesn't use it's CallbackInfoReturnable
[01:26:18] [Render thread/DEBUG] (FabricLoader/Mixin) fabric-lifecycle-events-v1.mixins.json:MinecraftServerMixin from mod fabric-lifecycle-events-v1->@Inject::startSave(ZZZLorg/spongepowered/asm/mixin/injection/callback/CallbackInfoReturnable;)V has 0 override(s) in child classes
[01:26:18] [Render thread/DEBUG] (FabricLoader/Mixin) fabric-lifecycle-events-v1.mixins.json:MinecraftServerMixin from mod fabric-lifecycle-events-v1->@Inject::startSave(ZZZLorg/spongepowered/asm/mixin/injection/callback/CallbackInfoReturnable;)V won't be passed a CallbackInfoReturnable as a result
[01:26:18] [Render thread/DEBUG] (FabricLoader/Mixin) fabric-lifecycle-events-v1.mixins.json:MinecraftServerMixin from mod fabric-lifecycle-events-v1->@Inject::endSave(ZZZLorg/spongepowered/asm/mixin/injection/callback/CallbackInfoReturnable;)V doesn't use it's CallbackInfoReturnable
[01:26:18] [Render thread/DEBUG] (FabricLoader/Mixin) fabric-lifecycle-events-v1.mixins.json:MinecraftServerMixin from mod fabric-lifecycle-events-v1->@Inject::endSave(ZZZLorg/spongepowered/asm/mixin/injection/callback/CallbackInfoReturnable;)V has 0 override(s) in child classes
[01:26:18] [Render thread/DEBUG] (FabricLoader/Mixin) fabric-lifecycle-events-v1.mixins.json:MinecraftServerMixin from mod fabric-lifecycle-events-v1->@Inject::endSave(ZZZLorg/spongepowered/asm/mixin/injection/callback/CallbackInfoReturnable;)V won't be passed a CallbackInfoReturnable as a result
[01:26:18] [Render thread/DEBUG] (FabricLoader/Mixin) fabric-biome-api-v1.mixins.json:modification.MinecraftServerMixin from mod fabric-biome-api-v1->@Inject::finalizeWorldGen(Lorg/spongepowered/asm/mixin/injection/callback/CallbackInfo;)V doesn't use it's CallbackInfo
[01:26:18] [Render thread/DEBUG] (FabricLoader/Mixin) fabric-biome-api-v1.mixins.json:modification.MinecraftServerMixin from mod fabric-biome-api-v1->@Inject::finalizeWorldGen(Lorg/spongepowered/asm/mixin/injection/callback/CallbackInfo;)V has 0 override(s) in child classes
[01:26:18] [Render thread/DEBUG] (FabricLoader/Mixin) fabric-biome-api-v1.mixins.json:modification.MinecraftServerMixin from mod fabric-biome-api-v1->@Inject::finalizeWorldGen(Lorg/spongepowered/asm/mixin/injection/callback/CallbackInfo;)V won't be passed a CallbackInfo as a result
[01:26:18] [Render thread/DEBUG] (FabricLoader/Mixin) fabric-message-api-v1.mixins.json:MinecraftServerMixin from mod fabric-message-api-v1->@Inject::onGetChatDecorator(Lorg/spongepowered/asm/mixin/injection/callback/CallbackInfoReturnable;)V does use it's CallbackInfoReturnable
[01:26:18] [Render thread/DEBUG] (FabricLoader/Mixin) fabric-game-rule-api-v1.mixins.json:MinecraftServerMixin from mod fabric-game-rule-api-v1->@Inject::handleGameRuleUpdate(Lnet/minecraft/world/rule/GameRule;Ljava/lang/Object;Lorg/spongepowered/asm/mixin/injection/callback/CallbackInfo;)V doesn't use it's CallbackInfo
[01:26:18] [Render thread/DEBUG] (FabricLoader/Mixin) fabric-game-rule-api-v1.mixins.json:MinecraftServerMixin from mod fabric-game-rule-api-v1->@Inject::handleGameRuleUpdate(Lnet/minecraft/world/rule/GameRule;Ljava/lang/Object;Lorg/spongepowered/asm/mixin/injection/callback/CallbackInfo;)V has 0 override(s) in child classes
[01:26:18] [Render thread/DEBUG] (FabricLoader/Mixin) fabric-game-rule-api-v1.mixins.json:MinecraftServerMixin from mod fabric-game-rule-api-v1->@Inject::handleGameRuleUpdate(Lnet/minecraft/world/rule/GameRule;Ljava/lang/Object;Lorg/spongepowered/asm/mixin/injection/callback/CallbackInfo;)V won't be passed a CallbackInfo as a result
[01:26:18] [Render thread/DEBUG] (FabricLoader/Mixin) Mixing ServerConfigurationPacketListenerImplMixin from fabric-networking-api-v1.mixins.json into net.minecraft.server.network.ServerConfigurationNetworkHandler
[01:26:18] [Render thread/DEBUG] (FabricLoader/Mixin) Renaming synthetic method lambda$bindChannelInfo$0(Lnet/minecraft/network/RegistryByteBuf;)Lnet/minecraft/network/RegistryByteBuf; to mdfa83b2$fabric-networking-api-v1$lambda$bindChannelInfo$0$0 in fabric-networking-api-v1.mixins.json:ServerConfigurationPacketListenerImplMixin from mod fabric-networking-api-v1
[01:26:18] [Render thread/DEBUG] (FabricLoader/Mixin) Mixing ServerConfigurationPacketListenerImplMixin from fabric-resource-loader-v1.mixins.json into net.minecraft.server.network.ServerConfigurationNetworkHandler
[01:26:18] [Render thread/DEBUG] (FabricLoader/Mixin) fabric-networking-api-v1.mixins.json:ServerConfigurationPacketListenerImplMixin from mod fabric-networking-api-v1->@Inject::initAddon(Lorg/spongepowered/asm/mixin/injection/callback/CallbackInfo;)V doesn't use it's CallbackInfo
[01:26:18] [Render thread/DEBUG] (FabricLoader/Mixin) fabric-networking-api-v1.mixins.json:ServerConfigurationPacketListenerImplMixin from mod fabric-networking-api-v1->@Inject::initAddon(Lorg/spongepowered/asm/mixin/injection/callback/CallbackInfo;)V has 0 override(s) in child classes
[01:26:18] [Render thread/DEBUG] (FabricLoader/Mixin) fabric-networking-api-v1.mixins.json:ServerConfigurationPacketListenerImplMixin from mod fabric-networking-api-v1->@Inject::initAddon(Lorg/spongepowered/asm/mixin/injection/callback/CallbackInfo;)V won't be passed a CallbackInfo as a result
[01:26:18] [Render thread/DEBUG] (FabricLoader/Mixin) fabric-networking-api-v1.mixins.json:ServerConfigurationPacketListenerImplMixin from mod fabric-networking-api-v1->@Inject::onClientReady(Lorg/spongepowered/asm/mixin/injection/callback/CallbackInfo;)V does use it's CallbackInfo
[01:26:18] [Render thread/DEBUG] (FabricLoader/Mixin) Mixing ServerCommonPacketListenerAccessor from emotecraft-arch.mixins.json into net.minecraft.server.network.ServerCommonNetworkHandler
[01:26:18] [Render thread/DEBUG] (FabricLoader/Mixin) emotecraft-arch.mixins.json:ServerCommonPacketListenerAccessor from mod emotecraft: Class version 65 required is higher than the class version supported by the current version of Mixin (JAVA_16 supports class version 60)
[01:26:18] [Render thread/DEBUG] (FabricLoader/Mixin) Mixing sync.ServerCommonPacketListenerImplAccessor from fabric-recipe-api-v1.mixins.json into net.minecraft.server.network.ServerCommonNetworkHandler
[01:26:18] [Render thread/DEBUG] (FabricLoader/Mixin) Mixing ServerCommonPacketListenerImplMixin from fabric-networking-api-v1.mixins.json into net.minecraft.server.network.ServerCommonNetworkHandler
[01:26:18] [Render thread/DEBUG] (FabricLoader/Mixin) Mixing accessor.ServerCommonPacketListenerImplAccessor from fabric-networking-api-v1.mixins.json into net.minecraft.server.network.ServerCommonNetworkHandler
[01:26:18] [Render thread/DEBUG] (FabricLoader/Mixin) fabric-networking-api-v1.mixins.json:ServerCommonPacketListenerImplMixin from mod fabric-networking-api-v1->@Inject::handleCustomPayloadReceivedAsync(Lnet/minecraft/network/packet/c2s/common/CustomPayloadC2SPacket;Lorg/spongepowered/asm/mixin/injection/callback/CallbackInfo;)V does use it's CallbackInfo
[01:26:18] [Render thread/DEBUG] (FabricLoader/Mixin) fabric-networking-api-v1.mixins.json:ServerCommonPacketListenerImplMixin from mod fabric-networking-api-v1->@Inject::onPlayPong(Lnet/minecraft/network/packet/c2s/common/CommonPongC2SPacket;Lorg/spongepowered/asm/mixin/injection/callback/CallbackInfo;)V doesn't use it's CallbackInfo
[01:26:18] [Render thread/DEBUG] (FabricLoader/Mixin) fabric-networking-api-v1.mixins.json:ServerCommonPacketListenerImplMixin from mod fabric-networking-api-v1->@Inject::onPlayPong(Lnet/minecraft/network/packet/c2s/common/CommonPongC2SPacket;Lorg/spongepowered/asm/mixin/injection/callback/CallbackInfo;)V has 0 override(s) in child classes
[01:26:18] [Render thread/DEBUG] (FabricLoader/Mixin) fabric-networking-api-v1.mixins.json:ServerCommonPacketListenerImplMixin from mod fabric-networking-api-v1->@Inject::onPlayPong(Lnet/minecraft/network/packet/c2s/common/CommonPongC2SPacket;Lorg/spongepowered/asm/mixin/injection/callback/CallbackInfo;)V won't be passed a CallbackInfo as a result
[01:26:18] [Render thread/DEBUG] (FabricLoader/Mixin) Unexpected: Registered method getConnection()Lnet/minecraft/network/ClientConnection; in net.minecraft.server.network.ServerCommonNetworkHandler was not merged
[01:26:18] [Render thread/DEBUG] (FabricLoader/Mixin) Unexpected: Registered method getConnection()Lnet/minecraft/network/ClientConnection; in net.minecraft.server.network.ServerCommonNetworkHandler was not merged
[01:26:18] [Render thread/DEBUG] (FabricLoader/Mixin) Mixing FileToIdConverterAccessor from fabric-loot-api-v3.mixins.json into net.minecraft.resource.ResourceFinder
[01:26:18] [Render thread/DEBUG] (FabricLoader/Mixin) Mixing FileToIdConverterAccessor from fabric-resource-conditions-api-v1.mixins.json into net.minecraft.resource.ResourceFinder
[01:26:18] [Render thread/DEBUG] (FabricLoader/Mixin) Unexpected: Registered method getDirectoryName()Ljava/lang/String; in net.minecraft.resource.ResourceFinder was not merged
[01:26:18] [Render thread/DEBUG] (FabricLoader/Mixin) Mixing ServerboundCustomPayloadPacketAccessor from fabric-data-attachment-api-v1.mixins.json into net.minecraft.network.packet.c2s.common.CustomPayloadC2SPacket
[01:26:18] [Render thread/DEBUG] (FabricLoader/Mixin) Mixing ServerboundCustomPayloadPacketMixin from fabric-networking-api-v1.mixins.json into net.minecraft.network.packet.c2s.common.CustomPayloadC2SPacket
[01:26:18] [Render thread/DEBUG] (FabricLoader/Mixin) Renaming synthetic method lambda$wrapCodec$0(Lnet/minecraft/network/PacketByteBuf;Lnet/minecraft/util/Identifier;)Lnet/minecraft/network/packet/CustomPayload$Type; to mdfa83b2$fabric-networking-api-v1$lambda$wrapCodec$0$0 in fabric-networking-api-v1.mixins.json:ServerboundCustomPayloadPacketMixin from mod fabric-networking-api-v1
[01:26:18] [Render thread/DEBUG] (FabricLoader/Mixin) Mixing CustomPayloadPacketCodecMixin from fabric-networking-api-v1.mixins.json into net.minecraft.network.packet.CustomPayload$1
[01:26:18] [Render thread/DEBUG] (io.netty.util.internal.InternalThreadLocalMap) -Dio.netty.threadLocalMap.stringBuilder.initialSize: 1024
[01:26:18] [Render thread/DEBUG] (io.netty.util.internal.InternalThreadLocalMap) -Dio.netty.threadLocalMap.stringBuilder.maxSize: 4096
[01:26:18] [Render thread/DEBUG] (io.netty.buffer.AdaptiveByteBufAllocator) -Dio.netty.allocator.useCachedMagazinesForNonEventLoopThreads: false
[01:26:18] [Render thread/DEBUG] (io.netty.util.internal.PlatformDependent0) Java version: 25
[01:26:18] [Render thread/DEBUG] (io.netty.util.internal.PlatformDependent0) -Dio.netty.noUnsafe: false
[01:26:18] [Render thread/DEBUG] (io.netty.util.internal.PlatformDependent0) sun.misc.Unsafe: unavailable (io.netty.noUnsafe=true by default on Java 25+)
[01:26:18] [Render thread/DEBUG] (io.netty.util.internal.PlatformDependent0) java.nio.DirectByteBuffer.<init>(long, {int,long}): unavailable
[01:26:18] [Render thread/DEBUG] (io.netty.util.internal.PlatformDependent) maxDirectMemory: 6442450944 bytes (maybe)
[01:26:18] [Render thread/DEBUG] (io.netty.util.internal.PlatformDependent) -Dio.netty.tmpdir: /var/folders/fj/g0jryqps2ylfdzhzwn0j0zvw0000gn/T (java.io.tmpdir)
[01:26:18] [Render thread/DEBUG] (io.netty.util.internal.PlatformDependent) -Dio.netty.bitMode: 64 (sun.arch.data.model)
[01:26:18] [Render thread/DEBUG] (io.netty.util.internal.PlatformDependent) Platform: MacOS
[01:26:18] [Render thread/DEBUG] (io.netty.util.internal.PlatformDependent) -Dio.netty.maxDirectMemory: -1 bytes
[01:26:18] [Render thread/DEBUG] (io.netty.util.internal.CleanerJava9) java.nio.ByteBuffer.cleaner(): unavailable
java.lang.UnsupportedOperationException: sun.misc.Unsafe unavailable
	at knot//io.netty.util.internal.CleanerJava9.<clinit>(CleanerJava9.java:70)
	at knot//io.netty.util.internal.PlatformDependent.<clinit>(PlatformDependent.java:198)
	at knot//io.netty.buffer.AdaptiveByteBufAllocator.<init>(AdaptiveByteBufAllocator.java:47)
	at knot//io.netty.buffer.ByteBufUtil.<clinit>(ByteBufUtil.java:90)
	at knot//net.fabricmc.fabric.impl.networking.PayloadTypeRegistryImpl.registerLarge(PayloadTypeRegistryImpl.java:90)
	at knot//net.fabricmc.fabric.impl.recipe.sync.RecipeSyncImpl.onInitialize(RecipeSyncImpl.java:51)
	at net.fabricmc.loader.impl.FabricLoaderImpl.invokeEntrypoints(FabricLoaderImpl.java:409)
	at net.fabricmc.loader.impl.game.minecraft.Hooks.startClient(Hooks.java:52)
	at knot//net.minecraft.client.MinecraftClient.<init>(MinecraftClient.java:475)
	at knot//net.minecraft.client.main.Main.main(Main.java:234)
	at net.fabricmc.loader.impl.game.minecraft.MinecraftGameProvider.launch(MinecraftGameProvider.java:517)
	at net.fabricmc.loader.impl.launch.knot.Knot.launch(Knot.java:72)
	at net.fabricmc.loader.impl.launch.knot.KnotClient.main(KnotClient.java:23)
	at net.fabricmc.devlaunchinjector.Main.main(Main.java:86)
[01:26:18] [Render thread/DEBUG] (io.netty.util.internal.CleanerJava24Linker) java.nio.ByteBuffer.cleaner(): available
[01:26:18] [Render thread/DEBUG] (io.netty.util.internal.PlatformDependent) -Dio.netty.noPreferDirect: false
[01:26:18] [Render thread/DEBUG] (io.netty.util.internal.PlatformDependent) -Dio.netty.jfr.enabled: true
[01:26:18] [Render thread/DEBUG] (io.netty.util.internal.PlatformDependent) java.lang.invoke.VarHandle: available
[01:26:18] [Render thread/DEBUG] (io.netty.util.internal.PlatformDependent) -Dio.netty.varHandle.enabled: true
[01:26:18] [Render thread/DEBUG] (io.netty.util.Recycler) -Dio.netty.recycler.maxCapacityPerThread: 4096
[01:26:18] [Render thread/DEBUG] (io.netty.util.Recycler) -Dio.netty.recycler.ratio: 8
[01:26:18] [Render thread/DEBUG] (io.netty.util.Recycler) -Dio.netty.recycler.chunkSize: 32
[01:26:18] [Render thread/DEBUG] (io.netty.util.Recycler) -Dio.netty.recycler.blocking: false
[01:26:18] [Render thread/DEBUG] (io.netty.util.Recycler) -Dio.netty.recycler.batchFastThreadLocalOnly: true
[01:26:18] [Render thread/DEBUG] (io.netty.buffer.ByteBufUtil) -Dio.netty.allocator.type: adaptive
[01:26:18] [Render thread/DEBUG] (io.netty.buffer.ByteBufUtil) -Dio.netty.threadLocalDirectBufferSize: 0
[01:26:18] [Render thread/DEBUG] (io.netty.buffer.ByteBufUtil) -Dio.netty.maxThreadLocalCharBufferSize: 16384
[01:26:18] [Render thread/DEBUG] (FabricLoader/Mixin) Mixing VarIntAccessor from fabric-data-attachment-api-v1.mixins.json into net.minecraft.network.encoding.VarInts
[01:26:18] [Render thread/DEBUG] (FabricLoader/Mixin) Renaming @Accessor method getMaxByteSize()I to getMaxByteSize$fabric-data-attachment-api-v1_$md$fa83b2$0 in fabric-data-attachment-api-v1.mixins.json:VarIntAccessor from mod fabric-data-attachment-api-v1
[01:26:18] [Render thread/DEBUG] (FabricLoader/Mixin) Mixing LootTableBuilderMixin from fabric-loot-api-v3.mixins.json into net.minecraft.loot.LootTable$Builder
[01:26:18] [Render thread/DEBUG] (FabricLoader/Mixin) Mixing LootTableBuilderMixin from fabric-loot-api-v2.mixins.json into net.minecraft.loot.LootTable$Builder
[01:26:18] [Render thread/DEBUG] (FabricLoader/Entrypoint) Iterating over entrypoint 'client'
[01:26:18] [Render thread/DEBUG] (xaero.hud.minimap.MinimapLogs) Loaded xaero.common.platform.services.FabricPlatformHelper@3b7f5647 for service interface xaero.common.platform.services.IPlatformHelper
[01:26:18] [Render thread/INFO] (xaero.hud.minimap.MinimapLogs) No Optifine!
[01:26:18] [Render thread/INFO] (xaero.hud.minimap.MinimapLogs) Xaero's Minimap: No Vivecraft!
[01:26:18] [Render thread/DEBUG] (xaero.lib.XaeroLib) Loaded xaero.lib.platform.services.PlatformHelperFabric@1d4ec4bb for service interface xaero.lib.platform.services.IPlatformHelper
[01:26:18] [Render thread/INFO] (xaero.common.HudMod) Registering common data for channel xaerominimap:main!
[01:26:18] [Render thread/INFO] (xaero.common.HudMod) Registering client data for channel xaerominimap:main!
[01:26:18] [Render thread/INFO] (xaero.common.HudMod) Loading primary common config for channel xaerominimap:main!
[01:26:18] [Render thread/INFO] (xaero.common.HudMod) Loading server config profiles for channel xaerominimap:main!
[01:26:18] [Render thread/INFO] (xaero.common.HudMod) Loading primary client config for channel xaerominimap:main!
[01:26:18] [Render thread/INFO] (xaero.common.HudMod) Loading client config profiles for channel xaerominimap:main!
[01:26:18] [Render thread/INFO] (xaero.minimap.XaeroMinimap) Loading Xaero's Minimap - Stage 1/2
[01:26:18] [Render thread/DEBUG] (FabricLoader/Mixin) Mixing MixinGuiGraphics from xaerohud.mixins.json into net.minecraft.client.gui.DrawContext
[01:26:18] [Render thread/DEBUG] (FabricLoader/Mixin) xaerohud.mixins.json:MixinGuiGraphics from mod xaerominimap: Class version 65 required is higher than the class version supported by the current version of Mixin (JAVA_17 supports class version 61)
[01:26:18] [Render thread/DEBUG] (FabricLoader/Mixin) Mixing map_atlas_generation.MixinGuiGraphics from immediatelyfast-common.mixins.json into net.minecraft.client.gui.DrawContext
[01:26:18] [Render thread/DEBUG] (FabricLoader/Mixin) Mixing ScreenMixin_TranslateTooltip from mixins.scrollabletooltips.json into net.minecraft.client.gui.DrawContext
[01:26:18] [Render thread/DEBUG] (FabricLoader/Mixin) mixins.scrollabletooltips.json:ScreenMixin_TranslateTooltip from mod text_overflow_scroll: Class version 65 required is higher than the class version supported by the current version of Mixin (JAVA_17 supports class version 61)
[01:26:18] [Render thread/DEBUG] (FabricLoader/Mixin) Mixing GuiGraphicsMixin from fabric-rendering-v1.mixins.json into net.minecraft.client.gui.DrawContext
[01:26:18] [Render thread/DEBUG] (FabricLoader/Mixin) Mixing GuiGraphicsMixin from yacl.mixins.json into net.minecraft.client.gui.DrawContext
[01:26:18] [Render thread/DEBUG] (FabricLoader/Mixin) yacl.mixins.json:GuiGraphicsMixin from mod yet_another_config_lib_v3: Class version 65 required is higher than the class version supported by the current version of Mixin (JAVA_17 supports class version 61)
[01:26:18] [Render thread/DEBUG] (FabricLoader/Mixin) Mixing MixinGuiGraphics from xaerolib.mixins.json into net.minecraft.client.gui.DrawContext
[01:26:18] [Render thread/DEBUG] (FabricLoader/Mixin) xaerolib.mixins.json:MixinGuiGraphics from mod xaerolib: Class version 65 required is higher than the class version supported by the current version of Mixin (JAVA_17 supports class version 61)
[01:26:18] [Render thread/DEBUG] (FabricLoader/Mixin) Mixing client.DrawContextAccessor from trender.mixins.json into net.minecraft.client.gui.DrawContext
[01:26:18] [Render thread/DEBUG] (FabricLoader/Mixin) mixins.scrollabletooltips.json:ScreenMixin_TranslateTooltip from mod text_overflow_scroll->@Inject::scrollableTooltips$detectItemChange(Lorg/spongepowered/asm/mixin/injection/callback/CallbackInfo;)V doesn't use it's CallbackInfo
[01:26:18] [Render thread/DEBUG] (FabricLoader/Mixin) mixins.scrollabletooltips.json:ScreenMixin_TranslateTooltip from mod text_overflow_scroll->@Inject::scrollableTooltips$detectItemChange(Lorg/spongepowered/asm/mixin/injection/callback/CallbackInfo;)V has 0 override(s) in child classes
[01:26:18] [Render thread/DEBUG] (FabricLoader/Mixin) mixins.scrollabletooltips.json:ScreenMixin_TranslateTooltip from mod text_overflow_scroll->@Inject::scrollableTooltips$detectItemChange(Lorg/spongepowered/asm/mixin/injection/callback/CallbackInfo;)V won't be passed a CallbackInfo as a result
[01:26:18] [Render thread/DEBUG] (FabricLoader/Mixin) mixins.scrollabletooltips.json:ScreenMixin_TranslateTooltip from mod text_overflow_scroll->@Inject::scrollableTooltips$pushMatrixAndTranslate(Lorg/spongepowered/asm/mixin/injection/callback/CallbackInfo;)V doesn't use it's CallbackInfo
[01:26:18] [Render thread/DEBUG] (FabricLoader/Mixin) mixins.scrollabletooltips.json:ScreenMixin_TranslateTooltip from mod text_overflow_scroll->@Inject::scrollableTooltips$pushMatrixAndTranslate(Lorg/spongepowered/asm/mixin/injection/callback/CallbackInfo;)V has 0 override(s) in child classes
[01:26:18] [Render thread/DEBUG] (FabricLoader/Mixin) mixins.scrollabletooltips.json:ScreenMixin_TranslateTooltip from mod text_overflow_scroll->@Inject::scrollableTooltips$pushMatrixAndTranslate(Lorg/spongepowered/asm/mixin/injection/callback/CallbackInfo;)V won't be passed a CallbackInfo as a result
[01:26:18] [Render thread/DEBUG] (FabricLoader/Mixin) fabric-rendering-v1.mixins.json:GuiGraphicsMixin from mod fabric-rendering-v1->@Inject::drawStackOverlay(Lnet/minecraft/client/font/TextRenderer;Lnet/minecraft/item/ItemStack;IILjava/lang/String;Lorg/spongepowered/asm/mixin/injection/callback/CallbackInfo;)V doesn't use it's CallbackInfo
[01:26:18] [Render thread/DEBUG] (FabricLoader/Mixin) fabric-rendering-v1.mixins.json:GuiGraphicsMixin from mod fabric-rendering-v1->@Inject::drawStackOverlay(Lnet/minecraft/client/font/TextRenderer;Lnet/minecraft/item/ItemStack;IILjava/lang/String;Lorg/spongepowered/asm/mixin/injection/callback/CallbackInfo;)V has 0 override(s) in child classes
[01:26:18] [Render thread/DEBUG] (FabricLoader/Mixin) fabric-rendering-v1.mixins.json:GuiGraphicsMixin from mod fabric-rendering-v1->@Inject::drawStackOverlay(Lnet/minecraft/client/font/TextRenderer;Lnet/minecraft/item/ItemStack;IILjava/lang/String;Lorg/spongepowered/asm/mixin/injection/callback/CallbackInfo;)V won't be passed a CallbackInfo as a result
[01:26:18] [Render thread/DEBUG] (FabricLoader/Mixin) fabric-rendering-v1.mixins.json:GuiGraphicsMixin from mod fabric-rendering-v1->@Inject::drawStackOverlay(Lnet/minecraft/client/font/TextRenderer;Lnet/minecraft/item/ItemStack;IILjava/lang/String;Lorg/spongepowered/asm/mixin/injection/callback/CallbackInfo;)V doesn't use it's CallbackInfo
[01:26:18] [Render thread/DEBUG] (FabricLoader/Mixin) fabric-rendering-v1.mixins.json:GuiGraphicsMixin from mod fabric-rendering-v1->@Inject::drawStackOverlay(Lnet/minecraft/client/font/TextRenderer;Lnet/minecraft/item/ItemStack;IILjava/lang/String;Lorg/spongepowered/asm/mixin/injection/callback/CallbackInfo;)V has 0 override(s) in child classes
[01:26:18] [Render thread/DEBUG] (FabricLoader/Mixin) fabric-rendering-v1.mixins.json:GuiGraphicsMixin from mod fabric-rendering-v1->@Inject::drawStackOverlay(Lnet/minecraft/client/font/TextRenderer;Lnet/minecraft/item/ItemStack;IILjava/lang/String;Lorg/spongepowered/asm/mixin/injection/callback/CallbackInfo;)V won't be passed a CallbackInfo as a result
[01:26:18] [Render thread/DEBUG] (FabricLoader/Mixin) Mixing KeyMappingCategoryMixin from fabric-key-binding-api-v1.mixins.json into net.minecraft.client.option.KeyBinding$Category
[01:26:18] [Render thread/DEBUG] (FabricLoader/Mixin) fabric-key-binding-api-v1.mixins.json:KeyMappingCategoryMixin from mod fabric-key-binding-api-v1->@Inject::onReturnRegister(Lnet/minecraft/util/Identifier;Lorg/spongepowered/asm/mixin/injection/callback/CallbackInfoReturnable;)V doesn't use it's CallbackInfoReturnable
[01:26:18] [Render thread/DEBUG] (FabricLoader/Mixin) Mixing MixinBufferSource from xaerohud.mixins.json into net.minecraft.client.render.VertexConsumerProvider$Immediate
[01:26:18] [Render thread/DEBUG] (FabricLoader/Mixin) xaerohud.mixins.json:MixinBufferSource from mod xaerominimap: Class version 65 required is higher than the class version supported by the current version of Mixin (JAVA_17 supports class version 61)
[01:26:18] [Render thread/DEBUG] (FabricLoader/Mixin) Mixing EmoteRadialReleaseSelectMixin from axial-cosmetics.mixins.json into io.github.kosmx.emotes.arch.screen.ingame.FastMenuScreen
[01:26:18] [Render thread/DEBUG] (FabricLoader/Mixin) axial-cosmetics.mixins.json:EmoteRadialReleaseSelectMixin from mod axial_cosmetics->@Inject::axial_cosmetics$playHoveredEmoteOnRelease(Lnet/minecraft/client/input/KeyInput;Lorg/spongepowered/asm/mixin/injection/callback/CallbackInfoReturnable;)V does use it's CallbackInfoReturnable
[01:26:18] [IO-Worker-1/DEBUG] (Emotecraft) Loading config...
[01:26:18] [IO-Worker-1/DEBUG] (Emotecraft) Selected service io.github.kosmx.emotes.fabric.executor.FabricEmotesMain (priority 0) for io.github.kosmx.emotes.server.services.InstanceService
[01:26:18] [Render thread/DEBUG] (FabricLoader/Mixin) Mixing ClientPacketListenerMixin from fabric-message-api-v1.client.mixins.json into net.minecraft.client.network.ClientPlayNetworkHandler
[01:26:18] [Render thread/DEBUG] (FabricLoader/Mixin) Mixing ClientPacketListenerMixin from fabric-networking-api-v1.client.mixins.json into net.minecraft.client.network.ClientPlayNetworkHandler
[01:26:18] [Render thread/DEBUG] (FabricLoader/Mixin) Mixing MixinClientPlayNetworkHandler from xaerohud.mixins.json into net.minecraft.client.network.ClientPlayNetworkHandler
[01:26:18] [Render thread/DEBUG] (FabricLoader/Mixin) xaerohud.mixins.json:MixinClientPlayNetworkHandler from mod xaerominimap: Class version 65 required is higher than the class version supported by the current version of Mixin (JAVA_17 supports class version 61)
[01:26:18] [Render thread/DEBUG] (FabricLoader/Mixin) Mixing MixinFabricClientPacketListener from xaerohud.fabric.mixins.json into net.minecraft.client.network.ClientPlayNetworkHandler
[01:26:18] [Render thread/DEBUG] (FabricLoader/Mixin) xaerohud.fabric.mixins.json:MixinFabricClientPacketListener from mod xaerominimap: Class version 65 required is higher than the class version supported by the current version of Mixin (JAVA_17 supports class version 61)
[01:26:18] [Render thread/DEBUG] (FabricLoader/Mixin) Mixing ClientPacketListenerMixin from fabric-lifecycle-events-v1.client.mixins.json into net.minecraft.client.network.ClientPlayNetworkHandler
[01:26:18] [Render thread/DEBUG] (FabricLoader/Mixin) Mixing ClientPacketListenerMixin from fabric-data-attachment-api-v1.client.mixins.json into net.minecraft.client.network.ClientPlayNetworkHandler
[01:26:18] [Render thread/DEBUG] (FabricLoader/Mixin) Mixing sync.ClientPacketListenerMixin from fabric-recipe-api-v1.client.mixins.json into net.minecraft.client.network.ClientPlayNetworkHandler
[01:26:18] [Render thread/DEBUG] (FabricLoader/Mixin) Mixing ClientPacketListenerMixin from fabric-command-api-v2.client.mixins.json into net.minecraft.client.network.ClientPlayNetworkHandler
[01:26:18] [Render thread/DEBUG] (FabricLoader/Mixin) Mixing MixinClientPacketListener from xaerolib.mixins.json into net.minecraft.client.network.ClientPlayNetworkHandler
[01:26:18] [Render thread/DEBUG] (FabricLoader/Mixin) xaerolib.mixins.json:MixinClientPacketListener from mod xaerolib: Class version 65 required is higher than the class version supported by the current version of Mixin (JAVA_17 supports class version 61)
[01:26:18] [Render thread/DEBUG] (FabricLoader/Mixin) Renaming synthetic method lambda$onHandleInitializeBorder$0()V to mdfa83b2$xaerolib$lambda$onHandleInitializeBorder$0$0 in xaerolib.mixins.json:MixinClientPacketListener from mod xaerolib
[01:26:18] [Render thread/DEBUG] (FabricLoader/Mixin) Mixing ClientPlayNetworkHandlerIslandXpMixin from axial-cosmetics.mixins.json into net.minecraft.client.network.ClientPlayNetworkHandler
[01:26:18] [Render thread/DEBUG] (FabricLoader/Mixin) fabric-message-api-v1.client.mixins.json:ClientPacketListenerMixin from mod fabric-message-api-v1->@Inject::fabric_allowSendChatMessage(Ljava/lang/String;Lorg/spongepowered/asm/mixin/injection/callback/CallbackInfo;)V does use it's CallbackInfo
[01:26:18] [Render thread/DEBUG] (FabricLoader/Mixin) fabric-message-api-v1.client.mixins.json:ClientPacketListenerMixin from mod fabric-message-api-v1->@Inject::fabric_allowSendCommandMessage(Ljava/lang/String;Lorg/spongepowered/asm/mixin/injection/callback/CallbackInfo;)V does use it's CallbackInfo
[01:26:18] [Render thread/DEBUG] (FabricLoader/Mixin) fabric-networking-api-v1.client.mixins.json:ClientPacketListenerMixin from mod fabric-networking-api-v1->@Inject::initAddon(Lorg/spongepowered/asm/mixin/injection/callback/CallbackInfo;)V doesn't use it's CallbackInfo
[01:26:18] [Render thread/DEBUG] (FabricLoader/Mixin) fabric-networking-api-v1.client.mixins.json:ClientPacketListenerMixin from mod fabric-networking-api-v1->@Inject::initAddon(Lorg/spongepowered/asm/mixin/injection/callback/CallbackInfo;)V has 0 override(s) in child classes
[01:26:18] [Render thread/DEBUG] (FabricLoader/Mixin) fabric-networking-api-v1.client.mixins.json:ClientPacketListenerMixin from mod fabric-networking-api-v1->@Inject::initAddon(Lorg/spongepowered/asm/mixin/injection/callback/CallbackInfo;)V won't be passed a CallbackInfo as a result
[01:26:18] [Render thread/DEBUG] (FabricLoader/Mixin) fabric-networking-api-v1.client.mixins.json:ClientPacketListenerMixin from mod fabric-networking-api-v1->@Inject::handleServerPlayReady(Lnet/minecraft/network/packet/s2c/play/GameJoinS2CPacket;Lorg/spongepowered/asm/mixin/injection/callback/CallbackInfo;)V doesn't use it's CallbackInfo
[01:26:18] [Render thread/DEBUG] (FabricLoader/Mixin) fabric-networking-api-v1.client.mixins.json:ClientPacketListenerMixin from mod fabric-networking-api-v1->@Inject::handleServerPlayReady(Lnet/minecraft/network/packet/s2c/play/GameJoinS2CPacket;Lorg/spongepowered/asm/mixin/injection/callback/CallbackInfo;)V has 0 override(s) in child classes
[01:26:18] [Render thread/DEBUG] (FabricLoader/Mixin) fabric-networking-api-v1.client.mixins.json:ClientPacketListenerMixin from mod fabric-networking-api-v1->@Inject::handleServerPlayReady(Lnet/minecraft/network/packet/s2c/play/GameJoinS2CPacket;Lorg/spongepowered/asm/mixin/injection/callback/CallbackInfo;)V won't be passed a CallbackInfo as a result
[01:26:18] [Render thread/DEBUG] (FabricLoader/Mixin) xaerohud.mixins.json:MixinClientPlayNetworkHandler from mod xaerominimap->@Inject::onOnChunkDeltaUpdate(Lnet/minecraft/network/packet/s2c/play/ChunkDeltaUpdateS2CPacket;Lorg/spongepowered/asm/mixin/injection/callback/CallbackInfo;)V doesn't use it's CallbackInfo
[01:26:18] [Render thread/DEBUG] (FabricLoader/Mixin) xaerohud.mixins.json:MixinClientPlayNetworkHandler from mod xaerominimap->@Inject::onOnChunkDeltaUpdate(Lnet/minecraft/network/packet/s2c/play/ChunkDeltaUpdateS2CPacket;Lorg/spongepowered/asm/mixin/injection/callback/CallbackInfo;)V has 0 override(s) in child classes
[01:26:18] [Render thread/DEBUG] (FabricLoader/Mixin) xaerohud.mixins.json:MixinClientPlayNetworkHandler from mod xaerominimap->@Inject::onOnChunkDeltaUpdate(Lnet/minecraft/network/packet/s2c/play/ChunkDeltaUpdateS2CPacket;Lorg/spongepowered/asm/mixin/injection/callback/CallbackInfo;)V won't be passed a CallbackInfo as a result
[01:26:18] [Render thread/DEBUG] (FabricLoader/Mixin) xaerohud.mixins.json:MixinClientPlayNetworkHandler from mod xaerominimap->@Inject::onOnChunkData(IILnet/minecraft/network/packet/s2c/play/ChunkData;Lorg/spongepowered/asm/mixin/injection/callback/CallbackInfo;)V doesn't use it's CallbackInfo
[01:26:18] [Render thread/DEBUG] (FabricLoader/Mixin) xaerohud.mixins.json:MixinClientPlayNetworkHandler from mod xaerominimap->@Inject::onOnChunkData(IILnet/minecraft/network/packet/s2c/play/ChunkData;Lorg/spongepowered/asm/mixin/injection/callback/CallbackInfo;)V has 0 override(s) in child classes
[01:26:18] [Render thread/DEBUG] (FabricLoader/Mixin) xaerohud.mixins.json:MixinClientPlayNetworkHandler from mod xaerominimap->@Inject::onOnChunkData(IILnet/minecraft/network/packet/s2c/play/ChunkData;Lorg/spongepowered/asm/mixin/injection/callback/CallbackInfo;)V won't be passed a CallbackInfo as a result
[01:26:18] [Render thread/DEBUG] (FabricLoader/Mixin) xaerohud.mixins.json:MixinClientPlayNetworkHandler from mod xaerominimap->@Inject::onHandleLevelChunkWithLight(Lnet/minecraft/network/packet/s2c/play/ChunkDataS2CPacket;Lorg/spongepowered/asm/mixin/injection/callback/CallbackInfo;)V doesn't use it's CallbackInfo
[01:26:18] [Render thread/DEBUG] (FabricLoader/Mixin) xaerohud.mixins.json:MixinClientPlayNetworkHandler from mod xaerominimap->@Inject::onHandleLevelChunkWithLight(Lnet/minecraft/network/packet/s2c/play/ChunkDataS2CPacket;Lorg/spongepowered/asm/mixin/injection/callback/CallbackInfo;)V has 0 override(s) in child classes
[01:26:18] [Render thread/DEBUG] (FabricLoader/Mixin) xaerohud.mixins.json:MixinClientPlayNetworkHandler from mod xaerominimap->@Inject::onHandleLevelChunkWithLight(Lnet/minecraft/network/packet/s2c/play/ChunkDataS2CPacket;Lorg/spongepowered/asm/mixin/injection/callback/CallbackInfo;)V won't be passed a CallbackInfo as a result
[01:26:18] [Render thread/DEBUG] (FabricLoader/Mixin) xaerohud.mixins.json:MixinClientPlayNetworkHandler from mod xaerominimap->@Inject::onHandleLightUpdatePacket(Lnet/minecraft/network/packet/s2c/play/LightUpdateS2CPacket;Lorg/spongepowered/asm/mixin/injection/callback/CallbackInfo;)V doesn't use it's CallbackInfo
[01:26:18] [Render thread/DEBUG] (FabricLoader/Mixin) xaerohud.mixins.json:MixinClientPlayNetworkHandler from mod xaerominimap->@Inject::onHandleLightUpdatePacket(Lnet/minecraft/network/packet/s2c/play/LightUpdateS2CPacket;Lorg/spongepowered/asm/mixin/injection/callback/CallbackInfo;)V has 0 override(s) in child classes
[01:26:18] [Render thread/DEBUG] (FabricLoader/Mixin) xaerohud.mixins.json:MixinClientPlayNetworkHandler from mod xaerominimap->@Inject::onHandleLightUpdatePacket(Lnet/minecraft/network/packet/s2c/play/LightUpdateS2CPacket;Lorg/spongepowered/asm/mixin/injection/callback/CallbackInfo;)V won't be passed a CallbackInfo as a result
[01:26:18] [Render thread/DEBUG] (FabricLoader/Mixin) xaerohud.mixins.json:MixinClientPlayNetworkHandler from mod xaerominimap->@Inject::onQueueLightRemoval(Lnet/minecraft/network/packet/s2c/play/UnloadChunkS2CPacket;Lorg/spongepowered/asm/mixin/injection/callback/CallbackInfo;)V doesn't use it's CallbackInfo
[01:26:18] [Render thread/DEBUG] (FabricLoader/Mixin) xaerohud.mixins.json:MixinClientPlayNetworkHandler from mod xaerominimap->@Inject::onQueueLightRemoval(Lnet/minecraft/network/packet/s2c/play/UnloadChunkS2CPacket;Lorg/spongepowered/asm/mixin/injection/callback/CallbackInfo;)V has 0 override(s) in child classes
[01:26:18] [Render thread/DEBUG] (FabricLoader/Mixin) xaerohud.mixins.json:MixinClientPlayNetworkHandler from mod xaerominimap->@Inject::onQueueLightRemoval(Lnet/minecraft/network/packet/s2c/play/UnloadChunkS2CPacket;Lorg/spongepowered/asm/mixin/injection/callback/CallbackInfo;)V won't be passed a CallbackInfo as a result
[01:26:18] [Render thread/DEBUG] (FabricLoader/Mixin) xaerohud.mixins.json:MixinClientPlayNetworkHandler from mod xaerominimap->@Inject::onOnBlockUpdate(Lnet/minecraft/network/packet/s2c/play/BlockUpdateS2CPacket;Lorg/spongepowered/asm/mixin/injection/callback/CallbackInfo;)V doesn't use it's CallbackInfo
[01:26:18] [Render thread/DEBUG] (FabricLoader/Mixin) xaerohud.mixins.json:MixinClientPlayNetworkHandler from mod xaerominimap->@Inject::onOnBlockUpdate(Lnet/minecraft/network/packet/s2c/play/BlockUpdateS2CPacket;Lorg/spongepowered/asm/mixin/injection/callback/CallbackInfo;)V has 0 override(s) in child classes
[01:26:18] [Render thread/DEBUG] (FabricLoader/Mixin) xaerohud.mixins.json:MixinClientPlayNetworkHandler from mod xaerominimap->@Inject::onOnBlockUpdate(Lnet/minecraft/network/packet/s2c/play/BlockUpdateS2CPacket;Lorg/spongepowered/asm/mixin/injection/callback/CallbackInfo;)V won't be passed a CallbackInfo as a result
[01:26:18] [Render thread/DEBUG] (FabricLoader/Mixin) xaerohud.mixins.json:MixinClientPlayNetworkHandler from mod xaerominimap->@Inject::onOnPlayerSpawnPosition(Lnet/minecraft/network/packet/s2c/play/PlayerSpawnPositionS2CPacket;Lorg/spongepowered/asm/mixin/injection/callback/CallbackInfo;)V doesn't use it's CallbackInfo
[01:26:18] [Render thread/DEBUG] (FabricLoader/Mixin) xaerohud.mixins.json:MixinClientPlayNetworkHandler from mod xaerominimap->@Inject::onOnPlayerSpawnPosition(Lnet/minecraft/network/packet/s2c/play/PlayerSpawnPositionS2CPacket;Lorg/spongepowered/asm/mixin/injection/callback/CallbackInfo;)V has 0 override(s) in child classes
[01:26:18] [Render thread/DEBUG] (FabricLoader/Mixin) xaerohud.mixins.json:MixinClientPlayNetworkHandler from mod xaerominimap->@Inject::onOnPlayerSpawnPosition(Lnet/minecraft/network/packet/s2c/play/PlayerSpawnPositionS2CPacket;Lorg/spongepowered/asm/mixin/injection/callback/CallbackInfo;)V won't be passed a CallbackInfo as a result
[01:26:18] [Render thread/DEBUG] (FabricLoader/Mixin) xaerohud.mixins.json:MixinClientPlayNetworkHandler from mod xaerominimap->@Inject::onOnGameJoin(Lnet/minecraft/network/packet/s2c/play/GameJoinS2CPacket;Lorg/spongepowered/asm/mixin/injection/callback/CallbackInfo;)V doesn't use it's CallbackInfo
[01:26:18] [Render thread/DEBUG] (FabricLoader/Mixin) xaerohud.mixins.json:MixinClientPlayNetworkHandler from mod xaerominimap->@Inject::onOnGameJoin(Lnet/minecraft/network/packet/s2c/play/GameJoinS2CPacket;Lorg/spongepowered/asm/mixin/injection/callback/CallbackInfo;)V has 0 override(s) in child classes
[01:26:18] [Render thread/DEBUG] (FabricLoader/Mixin) xaerohud.mixins.json:MixinClientPlayNetworkHandler from mod xaerominimap->@Inject::onOnGameJoin(Lnet/minecraft/network/packet/s2c/play/GameJoinS2CPacket;Lorg/spongepowered/asm/mixin/injection/callback/CallbackInfo;)V won't be passed a CallbackInfo as a result
[01:26:18] [Render thread/DEBUG] (FabricLoader/Mixin) xaerohud.mixins.json:MixinClientPlayNetworkHandler from mod xaerominimap->@Inject::onClose(Lorg/spongepowered/asm/mixin/injection/callback/CallbackInfo;)V doesn't use it's CallbackInfo
[01:26:18] [Render thread/DEBUG] (FabricLoader/Mixin) xaerohud.mixins.json:MixinClientPlayNetworkHandler from mod xaerominimap->@Inject::onClose(Lorg/spongepowered/asm/mixin/injection/callback/CallbackInfo;)V has 0 override(s) in child classes
[01:26:18] [Render thread/DEBUG] (FabricLoader/Mixin) xaerohud.mixins.json:MixinClientPlayNetworkHandler from mod xaerominimap->@Inject::onClose(Lorg/spongepowered/asm/mixin/injection/callback/CallbackInfo;)V won't be passed a CallbackInfo as a result
[01:26:18] [Render thread/DEBUG] (FabricLoader/Mixin) xaerohud.mixins.json:MixinClientPlayNetworkHandler from mod xaerominimap->@Inject::onSendCommand(Ljava/lang/String;Lorg/spongepowered/asm/mixin/injection/callback/CallbackInfo;)V does use it's CallbackInfo
[01:26:18] [Render thread/DEBUG] (FabricLoader/Mixin) xaerohud.mixins.json:MixinClientPlayNetworkHandler from mod xaerominimap->@Inject::onSendUnattendedCommand(Ljava/lang/String;Lnet/minecraft/client/gui/screen/Screen;Lorg/spongepowered/asm/mixin/injection/callback/CallbackInfo;)V does use it's CallbackInfo
[01:26:18] [Render thread/DEBUG] (FabricLoader/Mixin) xaerohud.fabric.mixins.json:MixinFabricClientPacketListener from mod xaerominimap->@Inject::onSendChat(Ljava/lang/String;Lorg/spongepowered/asm/mixin/injection/callback/CallbackInfo;)V does use it's CallbackInfo
[01:26:18] [Render thread/DEBUG] (FabricLoader/Mixin) fabric-lifecycle-events-v1.client.mixins.json:ClientPacketListenerMixin from mod fabric-lifecycle-events-v1->@Inject::onPlayerRespawn(Lnet/minecraft/network/packet/s2c/play/PlayerRespawnS2CPacket;Lorg/spongepowered/asm/mixin/injection/callback/CallbackInfo;)V doesn't use it's CallbackInfo
[01:26:18] [Render thread/DEBUG] (FabricLoader/Mixin) fabric-lifecycle-events-v1.client.mixins.json:ClientPacketListenerMixin from mod fabric-lifecycle-events-v1->@Inject::onPlayerRespawn(Lnet/minecraft/network/packet/s2c/play/PlayerRespawnS2CPacket;Lorg/spongepowered/asm/mixin/injection/callback/CallbackInfo;)V has 0 override(s) in child classes
[01:26:18] [Render thread/DEBUG] (FabricLoader/Mixin) fabric-lifecycle-events-v1.client.mixins.json:ClientPacketListenerMixin from mod fabric-lifecycle-events-v1->@Inject::onPlayerRespawn(Lnet/minecraft/network/packet/s2c/play/PlayerRespawnS2CPacket;Lorg/spongepowered/asm/mixin/injection/callback/CallbackInfo;)V won't be passed a CallbackInfo as a result
[01:26:18] [Render thread/DEBUG] (FabricLoader/Mixin) fabric-lifecycle-events-v1.client.mixins.json:ClientPacketListenerMixin from mod fabric-lifecycle-events-v1->@Inject::onGameJoin(Lnet/minecraft/network/packet/s2c/play/GameJoinS2CPacket;Lorg/spongepowered/asm/mixin/injection/callback/CallbackInfo;)V doesn't use it's CallbackInfo
[01:26:18] [Render thread/DEBUG] (FabricLoader/Mixin) fabric-lifecycle-events-v1.client.mixins.json:ClientPacketListenerMixin from mod fabric-lifecycle-events-v1->@Inject::onGameJoin(Lnet/minecraft/network/packet/s2c/play/GameJoinS2CPacket;Lorg/spongepowered/asm/mixin/injection/callback/CallbackInfo;)V has 0 override(s) in child classes
[01:26:18] [Render thread/DEBUG] (FabricLoader/Mixin) fabric-lifecycle-events-v1.client.mixins.json:ClientPacketListenerMixin from mod fabric-lifecycle-events-v1->@Inject::onGameJoin(Lnet/minecraft/network/packet/s2c/play/GameJoinS2CPacket;Lorg/spongepowered/asm/mixin/injection/callback/CallbackInfo;)V won't be passed a CallbackInfo as a result
[01:26:18] [Render thread/DEBUG] (FabricLoader/Mixin) fabric-lifecycle-events-v1.client.mixins.json:ClientPacketListenerMixin from mod fabric-lifecycle-events-v1->@Inject::onClearWorld(Lorg/spongepowered/asm/mixin/injection/callback/CallbackInfo;)V doesn't use it's CallbackInfo
[01:26:18] [Render thread/DEBUG] (FabricLoader/Mixin) fabric-lifecycle-events-v1.client.mixins.json:ClientPacketListenerMixin from mod fabric-lifecycle-events-v1->@Inject::onClearWorld(Lorg/spongepowered/asm/mixin/injection/callback/CallbackInfo;)V has 0 override(s) in child classes
[01:26:18] [Render thread/DEBUG] (FabricLoader/Mixin) fabric-lifecycle-events-v1.client.mixins.json:ClientPacketListenerMixin from mod fabric-lifecycle-events-v1->@Inject::onClearWorld(Lorg/spongepowered/asm/mixin/injection/callback/CallbackInfo;)V won't be passed a CallbackInfo as a result
[01:26:18] [Render thread/DEBUG] (FabricLoader/Mixin) fabric-lifecycle-events-v1.client.mixins.json:ClientPacketListenerMixin from mod fabric-lifecycle-events-v1->@Inject::invokeTagsLoaded(Lnet/minecraft/network/packet/s2c/common/SynchronizeTagsS2CPacket;Lorg/spongepowered/asm/mixin/injection/callback/CallbackInfo;)V doesn't use it's CallbackInfo
[01:26:18] [Render thread/DEBUG] (FabricLoader/Mixin) fabric-lifecycle-events-v1.client.mixins.json:ClientPacketListenerMixin from mod fabric-lifecycle-events-v1->@Inject::invokeTagsLoaded(Lnet/minecraft/network/packet/s2c/common/SynchronizeTagsS2CPacket;Lorg/spongepowered/asm/mixin/injection/callback/CallbackInfo;)V has 0 override(s) in child classes
[01:26:18] [Render thread/DEBUG] (FabricLoader/Mixin) fabric-lifecycle-events-v1.client.mixins.json:ClientPacketListenerMixin from mod fabric-lifecycle-events-v1->@Inject::invokeTagsLoaded(Lnet/minecraft/network/packet/s2c/common/SynchronizeTagsS2CPacket;Lorg/spongepowered/asm/mixin/injection/callback/CallbackInfo;)V won't be passed a CallbackInfo as a result
[01:26:18] [Render thread/DEBUG] (FabricLoader/Mixin) fabric-command-api-v2.client.mixins.json:ClientPacketListenerMixin from mod fabric-command-api-v2->@Inject::onGameJoin(Lnet/minecraft/network/packet/s2c/play/GameJoinS2CPacket;Lorg/spongepowered/asm/mixin/injection/callback/CallbackInfo;)V doesn't use it's CallbackInfo
[01:26:18] [Render thread/DEBUG] (FabricLoader/Mixin) fabric-command-api-v2.client.mixins.json:ClientPacketListenerMixin from mod fabric-command-api-v2->@Inject::onGameJoin(Lnet/minecraft/network/packet/s2c/play/GameJoinS2CPacket;Lorg/spongepowered/asm/mixin/injection/callback/CallbackInfo;)V has 0 override(s) in child classes
[01:26:18] [Render thread/DEBUG] (FabricLoader/Mixin) fabric-command-api-v2.client.mixins.json:ClientPacketListenerMixin from mod fabric-command-api-v2->@Inject::onGameJoin(Lnet/minecraft/network/packet/s2c/play/GameJoinS2CPacket;Lorg/spongepowered/asm/mixin/injection/callback/CallbackInfo;)V won't be passed a CallbackInfo as a result
[01:26:18] [Render thread/DEBUG] (FabricLoader/Mixin) fabric-command-api-v2.client.mixins.json:ClientPacketListenerMixin from mod fabric-command-api-v2->@Inject::onOnCommandTree(Lnet/minecraft/network/packet/s2c/play/CommandTreeS2CPacket;Lorg/spongepowered/asm/mixin/injection/callback/CallbackInfo;)V doesn't use it's CallbackInfo
[01:26:18] [Render thread/DEBUG] (FabricLoader/Mixin) fabric-command-api-v2.client.mixins.json:ClientPacketListenerMixin from mod fabric-command-api-v2->@Inject::onOnCommandTree(Lnet/minecraft/network/packet/s2c/play/CommandTreeS2CPacket;Lorg/spongepowered/asm/mixin/injection/callback/CallbackInfo;)V has 0 override(s) in child classes
[01:26:18] [Render thread/DEBUG] (FabricLoader/Mixin) fabric-command-api-v2.client.mixins.json:ClientPacketListenerMixin from mod fabric-command-api-v2->@Inject::onOnCommandTree(Lnet/minecraft/network/packet/s2c/play/CommandTreeS2CPacket;Lorg/spongepowered/asm/mixin/injection/callback/CallbackInfo;)V won't be passed a CallbackInfo as a result
[01:26:18] [Render thread/DEBUG] (FabricLoader/Mixin) fabric-command-api-v2.client.mixins.json:ClientPacketListenerMixin from mod fabric-command-api-v2->@Inject::setLastReceivedCommandsPacket(Lnet/minecraft/network/packet/s2c/play/CommandTreeS2CPacket;Lorg/spongepowered/asm/mixin/injection/callback/CallbackInfo;)V doesn't use it's CallbackInfo
[01:26:18] [Render thread/DEBUG] (FabricLoader/Mixin) fabric-command-api-v2.client.mixins.json:ClientPacketListenerMixin from mod fabric-command-api-v2->@Inject::setLastReceivedCommandsPacket(Lnet/minecraft/network/packet/s2c/play/CommandTreeS2CPacket;Lorg/spongepowered/asm/mixin/injection/callback/CallbackInfo;)V has 0 override(s) in child classes
[01:26:18] [Render thread/DEBUG] (FabricLoader/Mixin) fabric-command-api-v2.client.mixins.json:ClientPacketListenerMixin from mod fabric-command-api-v2->@Inject::setLastReceivedCommandsPacket(Lnet/minecraft/network/packet/s2c/play/CommandTreeS2CPacket;Lorg/spongepowered/asm/mixin/injection/callback/CallbackInfo;)V won't be passed a CallbackInfo as a result
[01:26:18] [Render thread/DEBUG] (FabricLoader/Mixin) fabric-command-api-v2.client.mixins.json:ClientPacketListenerMixin from mod fabric-command-api-v2->@Inject::onSendCommand(Ljava/lang/String;Lnet/minecraft/client/gui/screen/Screen;Lorg/spongepowered/asm/mixin/injection/callback/CallbackInfo;)V does use it's CallbackInfo
[01:26:18] [Render thread/DEBUG] (FabricLoader/Mixin) fabric-command-api-v2.client.mixins.json:ClientPacketListenerMixin from mod fabric-command-api-v2->@Inject::onSendCommand(Ljava/lang/String;Lorg/spongepowered/asm/mixin/injection/callback/CallbackInfo;)V does use it's CallbackInfo
[01:26:18] [Render thread/DEBUG] (FabricLoader/Mixin) xaerolib.mixins.json:MixinClientPacketListener from mod xaerolib->@Inject::onHandleInitializeBorder(Lnet/minecraft/network/packet/s2c/play/WorldBorderInitializeS2CPacket;Lorg/spongepowered/asm/mixin/injection/callback/CallbackInfo;)V doesn't use it's CallbackInfo
[01:26:18] [Render thread/DEBUG] (FabricLoader/Mixin) xaerolib.mixins.json:MixinClientPacketListener from mod xaerolib->@Inject::onHandleInitializeBorder(Lnet/minecraft/network/packet/s2c/play/WorldBorderInitializeS2CPacket;Lorg/spongepowered/asm/mixin/injection/callback/CallbackInfo;)V has 0 override(s) in child classes
[01:26:18] [Render thread/DEBUG] (FabricLoader/Mixin) xaerolib.mixins.json:MixinClientPacketListener from mod xaerolib->@Inject::onHandleInitializeBorder(Lnet/minecraft/network/packet/s2c/play/WorldBorderInitializeS2CPacket;Lorg/spongepowered/asm/mixin/injection/callback/CallbackInfo;)V won't be passed a CallbackInfo as a result
[01:26:18] [Render thread/DEBUG] (FabricLoader/Mixin) axial-cosmetics.mixins.json:ClientPlayNetworkHandlerIslandXpMixin from mod axial_cosmetics->@Inject::axial_cosmetics$showIslandXp(Lnet/minecraft/network/packet/s2c/play/GameMessageS2CPacket;Lorg/spongepowered/asm/mixin/injection/callback/CallbackInfo;)V does use it's CallbackInfo
[01:26:18] [Render thread/DEBUG] (FabricLoader/Mixin) Mixing accessor.ClientCommonPacketListenerImplAccessor from fabric-networking-api-v1.client.mixins.json into net.minecraft.client.network.ClientCommonNetworkHandler
[01:26:18] [Render thread/DEBUG] (FabricLoader/Mixin) Mixing ClientCommonPacketListenerImplMixin from fabric-networking-api-v1.client.mixins.json into net.minecraft.client.network.ClientCommonNetworkHandler
[01:26:18] [Render thread/DEBUG] (FabricLoader/Mixin) fabric-networking-api-v1.client.mixins.json:ClientCommonPacketListenerImplMixin from mod fabric-networking-api-v1->@Inject::onCustomPayload(Lnet/minecraft/network/packet/s2c/common/CustomPayloadS2CPacket;Lorg/spongepowered/asm/mixin/injection/callback/CallbackInfo;)V does use it's CallbackInfo
[01:26:18] [IO-Worker-1/WARN] (Emotecraft) Failed to load built-in emote!
io.github.kosmx.emotes.server.serializer.type.EmoteSerializerException: Error has occurred while serializing an emote
	at knot//io.github.kosmx.emotes.server.serializer.UniversalEmoteSerializer.readData(UniversalEmoteSerializer.java:61)
	at knot//io.github.kosmx.emotes.server.serializer.UniversalEmoteSerializer.serializeInternalJson(UniversalEmoteSerializer.java:134)
	at knot//io.github.kosmx.emotes.server.serializer.UniversalEmoteSerializer.loadEmotes(UniversalEmoteSerializer.java:99)
	at java.base/java.util.concurrent.CompletableFuture$AsyncSupply.run(CompletableFuture.java:1789)
	at java.base/java.util.concurrent.ThreadPoolExecutor.runWorker(ThreadPoolExecutor.java:1090)
	at java.base/java.util.concurrent.ThreadPoolExecutor$Worker.run(ThreadPoolExecutor.java:614)
	at java.base/java.lang.Thread.run(Thread.java:1474)
Caused by: java.lang.NoClassDefFoundError: team/unnamed/mocha/parser/ast/Expression
	at knot//com.zigythebird.playeranimcore.PlayerAnimLib.<clinit>(PlayerAnimLib.java:22)
	at knot//com.zigythebird.playeranimcore.loading.UniversalAnimLoader.loadAnimations(UniversalAnimLoader.java:35)
	at knot//io.github.kosmx.emotes.server.serializer.type.impl.JsonEmoteWrapper.read(JsonEmoteWrapper.java:17)
	at knot//io.github.kosmx.emotes.server.serializer.UniversalEmoteSerializer.readData(UniversalEmoteSerializer.java:57)
	... 6 more
Caused by: java.lang.ClassNotFoundException: team.unnamed.mocha.parser.ast.Expression
	at java.base/jdk.internal.loader.BuiltinClassLoader.loadClass(BuiltinClassLoader.java:580)
	at java.base/java.lang.ClassLoader.loadClass(ClassLoader.java:490)
	at net.fabricmc.loader.impl.launch.knot.KnotClassDelegate.loadClass(KnotClassDelegate.java:239)
	at net.fabricmc.loader.impl.launch.knot.KnotClassLoader.loadClass(KnotClassLoader.java:119)
	at java.base/java.lang.ClassLoader.loadClass(ClassLoader.java:490)
	... 10 more
[01:26:18] [IO-Worker-1/WARN] (Emotecraft) Failed to load built-in emote!
io.github.kosmx.emotes.server.serializer.type.EmoteSerializerException: Error has occurred while serializing an emote
	at knot//io.github.kosmx.emotes.server.serializer.UniversalEmoteSerializer.readData(UniversalEmoteSerializer.java:61)
	at knot//io.github.kosmx.emotes.server.serializer.UniversalEmoteSerializer.serializeInternalJson(UniversalEmoteSerializer.java:134)
	at knot//io.github.kosmx.emotes.server.serializer.UniversalEmoteSerializer.loadEmotes(UniversalEmoteSerializer.java:100)
	at java.base/java.util.concurrent.CompletableFuture$AsyncSupply.run(CompletableFuture.java:1789)
	at java.base/java.util.concurrent.ThreadPoolExecutor.runWorker(ThreadPoolExecutor.java:1090)
	at java.base/java.util.concurrent.ThreadPoolExecutor$Worker.run(ThreadPoolExecutor.java:614)
	at java.base/java.lang.Thread.run(Thread.java:1474)
Caused by: java.lang.NoClassDefFoundError: Could not initialize class com.zigythebird.playeranimcore.PlayerAnimLib
	at knot//com.zigythebird.playeranimcore.loading.UniversalAnimLoader.loadAnimations(UniversalAnimLoader.java:35)
	at knot//io.github.kosmx.emotes.server.serializer.type.impl.JsonEmoteWrapper.read(JsonEmoteWrapper.java:17)
	at knot//io.github.kosmx.emotes.server.serializer.UniversalEmoteSerializer.readData(UniversalEmoteSerializer.java:57)
	... 6 more
Caused by: java.lang.ExceptionInInitializerError: Exception java.lang.NoClassDefFoundError: team/unnamed/mocha/parser/ast/Expression [in thread "IO-Worker-1"]
	at knot//com.zigythebird.playeranimcore.PlayerAnimLib.<clinit>(PlayerAnimLib.java:22)
	at knot//com.zigythebird.playeranimcore.loading.UniversalAnimLoader.loadAnimations(UniversalAnimLoader.java:35)
	at knot//io.github.kosmx.emotes.server.serializer.type.impl.JsonEmoteWrapper.read(JsonEmoteWrapper.java:17)
	at knot//io.github.kosmx.emotes.server.serializer.UniversalEmoteSerializer.readData(UniversalEmoteSerializer.java:57)
	at knot//io.github.kosmx.emotes.server.serializer.UniversalEmoteSerializer.serializeInternalJson(UniversalEmoteSerializer.java:134)
	at knot//io.github.kosmx.emotes.server.serializer.UniversalEmoteSerializer.loadEmotes(UniversalEmoteSerializer.java:99)
	... 4 more
[01:26:18] [IO-Worker-1/WARN] (Emotecraft) Failed to load built-in emote!
io.github.kosmx.emotes.server.serializer.type.EmoteSerializerException: Error has occurred while serializing an emote
	at knot//io.github.kosmx.emotes.server.serializer.UniversalEmoteSerializer.readData(UniversalEmoteSerializer.java:61)
	at knot//io.github.kosmx.emotes.server.serializer.UniversalEmoteSerializer.serializeInternalJson(UniversalEmoteSerializer.java:134)
	at knot//io.github.kosmx.emotes.server.serializer.UniversalEmoteSerializer.loadEmotes(UniversalEmoteSerializer.java:101)
	at java.base/java.util.concurrent.CompletableFuture$AsyncSupply.run(CompletableFuture.java:1789)
	at java.base/java.util.concurrent.ThreadPoolExecutor.runWorker(ThreadPoolExecutor.java:1090)
	at java.base/java.util.concurrent.ThreadPoolExecutor$Worker.run(ThreadPoolExecutor.java:614)
	at java.base/java.lang.Thread.run(Thread.java:1474)
Caused by: java.lang.NoClassDefFoundError: Could not initialize class com.zigythebird.playeranimcore.PlayerAnimLib
	at knot//com.zigythebird.playeranimcore.loading.UniversalAnimLoader.loadAnimations(UniversalAnimLoader.java:35)
	at knot//io.github.kosmx.emotes.server.serializer.type.impl.JsonEmoteWrapper.read(JsonEmoteWrapper.java:17)
	at knot//io.github.kosmx.emotes.server.serializer.UniversalEmoteSerializer.readData(UniversalEmoteSerializer.java:57)
	... 6 more
Caused by: java.lang.ExceptionInInitializerError: Exception java.lang.NoClassDefFoundError: team/unnamed/mocha/parser/ast/Expression [in thread "IO-Worker-1"]
	at knot//com.zigythebird.playeranimcore.PlayerAnimLib.<clinit>(PlayerAnimLib.java:22)
	at knot//com.zigythebird.playeranimcore.loading.UniversalAnimLoader.loadAnimations(UniversalAnimLoader.java:35)
	at knot//io.github.kosmx.emotes.server.serializer.type.impl.JsonEmoteWrapper.read(JsonEmoteWrapper.java:17)
	at knot//io.github.kosmx.emotes.server.serializer.UniversalEmoteSerializer.readData(UniversalEmoteSerializer.java:57)
	at knot//io.github.kosmx.emotes.server.serializer.UniversalEmoteSerializer.serializeInternalJson(UniversalEmoteSerializer.java:134)
	at knot//io.github.kosmx.emotes.server.serializer.UniversalEmoteSerializer.loadEmotes(UniversalEmoteSerializer.java:99)
	... 4 more
[01:26:18] [IO-Worker-1/WARN] (Emotecraft) Failed to load built-in emote!
io.github.kosmx.emotes.server.serializer.type.EmoteSerializerException: Error has occurred while serializing an emote
	at knot//io.github.kosmx.emotes.server.serializer.UniversalEmoteSerializer.readData(UniversalEmoteSerializer.java:61)
	at knot//io.github.kosmx.emotes.server.serializer.UniversalEmoteSerializer.serializeInternalJson(UniversalEmoteSerializer.java:134)
	at knot//io.github.kosmx.emotes.server.serializer.UniversalEmoteSerializer.loadEmotes(UniversalEmoteSerializer.java:102)
	at java.base/java.util.concurrent.CompletableFuture$AsyncSupply.run(CompletableFuture.java:1789)
	at java.base/java.util.concurrent.ThreadPoolExecutor.runWorker(ThreadPoolExecutor.java:1090)
	at java.base/java.util.concurrent.ThreadPoolExecutor$Worker.run(ThreadPoolExecutor.java:614)
	at java.base/java.lang.Thread.run(Thread.java:1474)
Caused by: java.lang.NoClassDefFoundError: Could not initialize class com.zigythebird.playeranimcore.PlayerAnimLib
	at knot//com.zigythebird.playeranimcore.loading.UniversalAnimLoader.loadAnimations(UniversalAnimLoader.java:35)
	at knot//io.github.kosmx.emotes.server.serializer.type.impl.JsonEmoteWrapper.read(JsonEmoteWrapper.java:17)
	at knot//io.github.kosmx.emotes.server.serializer.UniversalEmoteSerializer.readData(UniversalEmoteSerializer.java:57)
	... 6 more
Caused by: java.lang.ExceptionInInitializerError: Exception java.lang.NoClassDefFoundError: team/unnamed/mocha/parser/ast/Expression [in thread "IO-Worker-1"]
	at knot//com.zigythebird.playeranimcore.PlayerAnimLib.<clinit>(PlayerAnimLib.java:22)
	at knot//com.zigythebird.playeranimcore.loading.UniversalAnimLoader.loadAnimations(UniversalAnimLoader.java:35)
	at knot//io.github.kosmx.emotes.server.serializer.type.impl.JsonEmoteWrapper.read(JsonEmoteWrapper.java:17)
	at knot//io.github.kosmx.emotes.server.serializer.UniversalEmoteSerializer.readData(UniversalEmoteSerializer.java:57)
	at knot//io.github.kosmx.emotes.server.serializer.UniversalEmoteSerializer.serializeInternalJson(UniversalEmoteSerializer.java:134)
	at knot//io.github.kosmx.emotes.server.serializer.UniversalEmoteSerializer.loadEmotes(UniversalEmoteSerializer.java:99)
	... 4 more
[01:26:18] [IO-Worker-1/WARN] (Emotecraft) Failed to load built-in emote!
io.github.kosmx.emotes.server.serializer.type.EmoteSerializerException: Error has occurred while serializing an emote
	at knot//io.github.kosmx.emotes.server.serializer.UniversalEmoteSerializer.readData(UniversalEmoteSerializer.java:61)
	at knot//io.github.kosmx.emotes.server.serializer.UniversalEmoteSerializer.serializeInternalJson(UniversalEmoteSerializer.java:134)
	at knot//io.github.kosmx.emotes.server.serializer.UniversalEmoteSerializer.loadEmotes(UniversalEmoteSerializer.java:103)
	at java.base/java.util.concurrent.CompletableFuture$AsyncSupply.run(CompletableFuture.java:1789)
	at java.base/java.util.concurrent.ThreadPoolExecutor.runWorker(ThreadPoolExecutor.java:1090)
	at java.base/java.util.concurrent.ThreadPoolExecutor$Worker.run(ThreadPoolExecutor.java:614)
	at java.base/java.lang.Thread.run(Thread.java:1474)
Caused by: java.lang.NoClassDefFoundError: Could not initialize class com.zigythebird.playeranimcore.PlayerAnimLib
	at knot//com.zigythebird.playeranimcore.loading.UniversalAnimLoader.loadAnimations(UniversalAnimLoader.java:35)
	at knot//io.github.kosmx.emotes.server.serializer.type.impl.JsonEmoteWrapper.read(JsonEmoteWrapper.java:17)
	at knot//io.github.kosmx.emotes.server.serializer.UniversalEmoteSerializer.readData(UniversalEmoteSerializer.java:57)
	... 6 more
Caused by: java.lang.ExceptionInInitializerError: Exception java.lang.NoClassDefFoundError: team/unnamed/mocha/parser/ast/Expression [in thread "IO-Worker-1"]
	at knot//com.zigythebird.playeranimcore.PlayerAnimLib.<clinit>(PlayerAnimLib.java:22)
	at knot//com.zigythebird.playeranimcore.loading.UniversalAnimLoader.loadAnimations(UniversalAnimLoader.java:35)
	at knot//io.github.kosmx.emotes.server.serializer.type.impl.JsonEmoteWrapper.read(JsonEmoteWrapper.java:17)
	at knot//io.github.kosmx.emotes.server.serializer.UniversalEmoteSerializer.readData(UniversalEmoteSerializer.java:57)
	at knot//io.github.kosmx.emotes.server.serializer.UniversalEmoteSerializer.serializeInternalJson(UniversalEmoteSerializer.java:134)
	at knot//io.github.kosmx.emotes.server.serializer.UniversalEmoteSerializer.loadEmotes(UniversalEmoteSerializer.java:99)
	... 4 more
[01:26:18] [IO-Worker-1/WARN] (Emotecraft) Failed to load built-in emote!
io.github.kosmx.emotes.server.serializer.type.EmoteSerializerException: Error has occurred while serializing an emote
	at knot//io.github.kosmx.emotes.server.serializer.UniversalEmoteSerializer.readData(UniversalEmoteSerializer.java:61)
	at knot//io.github.kosmx.emotes.server.serializer.UniversalEmoteSerializer.serializeInternalJson(UniversalEmoteSerializer.java:134)
	at knot//io.github.kosmx.emotes.server.serializer.UniversalEmoteSerializer.loadEmotes(UniversalEmoteSerializer.java:104)
	at java.base/java.util.concurrent.CompletableFuture$AsyncSupply.run(CompletableFuture.java:1789)
	at java.base/java.util.concurrent.ThreadPoolExecutor.runWorker(ThreadPoolExecutor.java:1090)
	at java.base/java.util.concurrent.ThreadPoolExecutor$Worker.run(ThreadPoolExecutor.java:614)
	at java.base/java.lang.Thread.run(Thread.java:1474)
Caused by: java.lang.NoClassDefFoundError: Could not initialize class com.zigythebird.playeranimcore.PlayerAnimLib
	at knot//com.zigythebird.playeranimcore.loading.UniversalAnimLoader.loadAnimations(UniversalAnimLoader.java:35)
	at knot//io.github.kosmx.emotes.server.serializer.type.impl.JsonEmoteWrapper.read(JsonEmoteWrapper.java:17)
	at knot//io.github.kosmx.emotes.server.serializer.UniversalEmoteSerializer.readData(UniversalEmoteSerializer.java:57)
	... 6 more
Caused by: java.lang.ExceptionInInitializerError: Exception java.lang.NoClassDefFoundError: team/unnamed/mocha/parser/ast/Expression [in thread "IO-Worker-1"]
	at knot//com.zigythebird.playeranimcore.PlayerAnimLib.<clinit>(PlayerAnimLib.java:22)
	at knot//com.zigythebird.playeranimcore.loading.UniversalAnimLoader.loadAnimations(UniversalAnimLoader.java:35)
	at knot//io.github.kosmx.emotes.server.serializer.type.impl.JsonEmoteWrapper.read(JsonEmoteWrapper.java:17)
	at knot//io.github.kosmx.emotes.server.serializer.UniversalEmoteSerializer.readData(UniversalEmoteSerializer.java:57)
	at knot//io.github.kosmx.emotes.server.serializer.UniversalEmoteSerializer.serializeInternalJson(UniversalEmoteSerializer.java:134)
	at knot//io.github.kosmx.emotes.server.serializer.UniversalEmoteSerializer.loadEmotes(UniversalEmoteSerializer.java:99)
	... 4 more
[01:26:18] [IO-Worker-1/WARN] (Emotecraft) Failed to load built-in emote!
io.github.kosmx.emotes.server.serializer.type.EmoteSerializerException: Error has occurred while serializing an emote
	at knot//io.github.kosmx.emotes.server.serializer.UniversalEmoteSerializer.readData(UniversalEmoteSerializer.java:61)
	at knot//io.github.kosmx.emotes.server.serializer.UniversalEmoteSerializer.serializeInternalJson(UniversalEmoteSerializer.java:134)
	at knot//io.github.kosmx.emotes.server.serializer.UniversalEmoteSerializer.loadEmotes(UniversalEmoteSerializer.java:105)
	at java.base/java.util.concurrent.CompletableFuture$AsyncSupply.run(CompletableFuture.java:1789)
	at java.base/java.util.concurrent.ThreadPoolExecutor.runWorker(ThreadPoolExecutor.java:1090)
	at java.base/java.util.concurrent.ThreadPoolExecutor$Worker.run(ThreadPoolExecutor.java:614)
	at java.base/java.lang.Thread.run(Thread.java:1474)
Caused by: java.lang.NoClassDefFoundError: Could not initialize class com.zigythebird.playeranimcore.PlayerAnimLib
	at knot//com.zigythebird.playeranimcore.loading.UniversalAnimLoader.loadAnimations(UniversalAnimLoader.java:35)
	at knot//io.github.kosmx.emotes.server.serializer.type.impl.JsonEmoteWrapper.read(JsonEmoteWrapper.java:17)
	at knot//io.github.kosmx.emotes.server.serializer.UniversalEmoteSerializer.readData(UniversalEmoteSerializer.java:57)
	... 6 more
Caused by: java.lang.ExceptionInInitializerError: Exception java.lang.NoClassDefFoundError: team/unnamed/mocha/parser/ast/Expression [in thread "IO-Worker-1"]
	at knot//com.zigythebird.playeranimcore.PlayerAnimLib.<clinit>(PlayerAnimLib.java:22)
	at knot//com.zigythebird.playeranimcore.loading.UniversalAnimLoader.loadAnimations(UniversalAnimLoader.java:35)
	at knot//io.github.kosmx.emotes.server.serializer.type.impl.JsonEmoteWrapper.read(JsonEmoteWrapper.java:17)
	at knot//io.github.kosmx.emotes.server.serializer.UniversalEmoteSerializer.readData(UniversalEmoteSerializer.java:57)
	at knot//io.github.kosmx.emotes.server.serializer.UniversalEmoteSerializer.serializeInternalJson(UniversalEmoteSerializer.java:134)
	at knot//io.github.kosmx.emotes.server.serializer.UniversalEmoteSerializer.loadEmotes(UniversalEmoteSerializer.java:99)
	... 4 more
[01:26:18] [IO-Worker-1/WARN] (Emotecraft) Failed to load built-in emote!
io.github.kosmx.emotes.server.serializer.type.EmoteSerializerException: Error has occurred while serializing an emote
	at knot//io.github.kosmx.emotes.server.serializer.UniversalEmoteSerializer.readData(UniversalEmoteSerializer.java:61)
	at knot//io.github.kosmx.emotes.server.serializer.UniversalEmoteSerializer.serializeInternalJson(UniversalEmoteSerializer.java:134)
	at knot//io.github.kosmx.emotes.server.serializer.UniversalEmoteSerializer.loadEmotes(UniversalEmoteSerializer.java:106)
	at java.base/java.util.concurrent.CompletableFuture$AsyncSupply.run(CompletableFuture.java:1789)
	at java.base/java.util.concurrent.ThreadPoolExecutor.runWorker(ThreadPoolExecutor.java:1090)
	at java.base/java.util.concurrent.ThreadPoolExecutor$Worker.run(ThreadPoolExecutor.java:614)
	at java.base/java.lang.Thread.run(Thread.java:1474)
Caused by: java.lang.NoClassDefFoundError: Could not initialize class com.zigythebird.playeranimcore.PlayerAnimLib
	at knot//com.zigythebird.playeranimcore.loading.UniversalAnimLoader.loadAnimations(UniversalAnimLoader.java:35)
	at knot//io.github.kosmx.emotes.server.serializer.type.impl.JsonEmoteWrapper.read(JsonEmoteWrapper.java:17)
	at knot//io.github.kosmx.emotes.server.serializer.UniversalEmoteSerializer.readData(UniversalEmoteSerializer.java:57)
	... 6 more
Caused by: java.lang.ExceptionInInitializerError: Exception java.lang.NoClassDefFoundError: team/unnamed/mocha/parser/ast/Expression [in thread "IO-Worker-1"]
	at knot//com.zigythebird.playeranimcore.PlayerAnimLib.<clinit>(PlayerAnimLib.java:22)
	at knot//com.zigythebird.playeranimcore.loading.UniversalAnimLoader.loadAnimations(UniversalAnimLoader.java:35)
	at knot//io.github.kosmx.emotes.server.serializer.type.impl.JsonEmoteWrapper.read(JsonEmoteWrapper.java:17)
	at knot//io.github.kosmx.emotes.server.serializer.UniversalEmoteSerializer.readData(UniversalEmoteSerializer.java:57)
	at knot//io.github.kosmx.emotes.server.serializer.UniversalEmoteSerializer.serializeInternalJson(UniversalEmoteSerializer.java:134)
	at knot//io.github.kosmx.emotes.server.serializer.UniversalEmoteSerializer.loadEmotes(UniversalEmoteSerializer.java:99)
	... 4 more
[01:26:18] [IO-Worker-1/WARN] (Emotecraft) Failed to load built-in emote!
io.github.kosmx.emotes.server.serializer.type.EmoteSerializerException: Error has occurred while serializing an emote
	at knot//io.github.kosmx.emotes.server.serializer.UniversalEmoteSerializer.readData(UniversalEmoteSerializer.java:61)
	at knot//io.github.kosmx.emotes.server.serializer.UniversalEmoteSerializer.serializeInternalJson(UniversalEmoteSerializer.java:134)
	at knot//io.github.kosmx.emotes.server.serializer.UniversalEmoteSerializer.loadEmotes(UniversalEmoteSerializer.java:107)
	at java.base/java.util.concurrent.CompletableFuture$AsyncSupply.run(CompletableFuture.java:1789)
	at java.base/java.util.concurrent.ThreadPoolExecutor.runWorker(ThreadPoolExecutor.java:1090)
	at java.base/java.util.concurrent.ThreadPoolExecutor$Worker.run(ThreadPoolExecutor.java:614)
	at java.base/java.lang.Thread.run(Thread.java:1474)
Caused by: java.lang.NoClassDefFoundError: Could not initialize class com.zigythebird.playeranimcore.PlayerAnimLib
	at knot//com.zigythebird.playeranimcore.loading.UniversalAnimLoader.loadAnimations(UniversalAnimLoader.java:35)
	at knot//io.github.kosmx.emotes.server.serializer.type.impl.JsonEmoteWrapper.read(JsonEmoteWrapper.java:17)
	at knot//io.github.kosmx.emotes.server.serializer.UniversalEmoteSerializer.readData(UniversalEmoteSerializer.java:57)
	... 6 more
Caused by: java.lang.ExceptionInInitializerError: Exception java.lang.NoClassDefFoundError: team/unnamed/mocha/parser/ast/Expression [in thread "IO-Worker-1"]
	at knot//com.zigythebird.playeranimcore.PlayerAnimLib.<clinit>(PlayerAnimLib.java:22)
	at knot//com.zigythebird.playeranimcore.loading.UniversalAnimLoader.loadAnimations(UniversalAnimLoader.java:35)
	at knot//io.github.kosmx.emotes.server.serializer.type.impl.JsonEmoteWrapper.read(JsonEmoteWrapper.java:17)
	at knot//io.github.kosmx.emotes.server.serializer.UniversalEmoteSerializer.readData(UniversalEmoteSerializer.java:57)
	at knot//io.github.kosmx.emotes.server.serializer.UniversalEmoteSerializer.serializeInternalJson(UniversalEmoteSerializer.java:134)
	at knot//io.github.kosmx.emotes.server.serializer.UniversalEmoteSerializer.loadEmotes(UniversalEmoteSerializer.java:99)
	... 4 more
[01:26:18] [IO-Worker-1/WARN] (Emotecraft) Failed to load built-in emote!
io.github.kosmx.emotes.server.serializer.type.EmoteSerializerException: Error has occurred while serializing an emote
	at knot//io.github.kosmx.emotes.server.serializer.UniversalEmoteSerializer.readData(UniversalEmoteSerializer.java:61)
	at knot//io.github.kosmx.emotes.server.serializer.UniversalEmoteSerializer.serializeInternalJson(UniversalEmoteSerializer.java:134)
	at knot//io.github.kosmx.emotes.server.serializer.UniversalEmoteSerializer.loadEmotes(UniversalEmoteSerializer.java:108)
	at java.base/java.util.concurrent.CompletableFuture$AsyncSupply.run(CompletableFuture.java:1789)
	at java.base/java.util.concurrent.ThreadPoolExecutor.runWorker(ThreadPoolExecutor.java:1090)
	at java.base/java.util.concurrent.ThreadPoolExecutor$Worker.run(ThreadPoolExecutor.java:614)
	at java.base/java.lang.Thread.run(Thread.java:1474)
Caused by: java.lang.NoClassDefFoundError: Could not initialize class com.zigythebird.playeranimcore.PlayerAnimLib
	at knot//com.zigythebird.playeranimcore.loading.UniversalAnimLoader.loadAnimations(UniversalAnimLoader.java:35)
	at knot//io.github.kosmx.emotes.server.serializer.type.impl.JsonEmoteWrapper.read(JsonEmoteWrapper.java:17)
	at knot//io.github.kosmx.emotes.server.serializer.UniversalEmoteSerializer.readData(UniversalEmoteSerializer.java:57)
	... 6 more
Caused by: java.lang.ExceptionInInitializerError: Exception java.lang.NoClassDefFoundError: team/unnamed/mocha/parser/ast/Expression [in thread "IO-Worker-1"]
	at knot//com.zigythebird.playeranimcore.PlayerAnimLib.<clinit>(PlayerAnimLib.java:22)
	at knot//com.zigythebird.playeranimcore.loading.UniversalAnimLoader.loadAnimations(UniversalAnimLoader.java:35)
	at knot//io.github.kosmx.emotes.server.serializer.type.impl.JsonEmoteWrapper.read(JsonEmoteWrapper.java:17)
	at knot//io.github.kosmx.emotes.server.serializer.UniversalEmoteSerializer.readData(UniversalEmoteSerializer.java:57)
	at knot//io.github.kosmx.emotes.server.serializer.UniversalEmoteSerializer.serializeInternalJson(UniversalEmoteSerializer.java:134)
	at knot//io.github.kosmx.emotes.server.serializer.UniversalEmoteSerializer.loadEmotes(UniversalEmoteSerializer.java:99)
	... 4 more
[01:26:18] [IO-Worker-1/WARN] (Emotecraft) Failed to load built-in emote!
io.github.kosmx.emotes.server.serializer.type.EmoteSerializerException: Error has occurred while serializing an emote
	at knot//io.github.kosmx.emotes.server.serializer.UniversalEmoteSerializer.readData(UniversalEmoteSerializer.java:61)
	at knot//io.github.kosmx.emotes.server.serializer.UniversalEmoteSerializer.serializeInternalJson(UniversalEmoteSerializer.java:134)
	at knot//io.github.kosmx.emotes.server.serializer.UniversalEmoteSerializer.loadEmotes(UniversalEmoteSerializer.java:109)
	at java.base/java.util.concurrent.CompletableFuture$AsyncSupply.run(CompletableFuture.java:1789)
	at java.base/java.util.concurrent.ThreadPoolExecutor.runWorker(ThreadPoolExecutor.java:1090)
	at java.base/java.util.concurrent.ThreadPoolExecutor$Worker.run(ThreadPoolExecutor.java:614)
	at java.base/java.lang.Thread.run(Thread.java:1474)
Caused by: java.lang.NoClassDefFoundError: Could not initialize class com.zigythebird.playeranimcore.PlayerAnimLib
	at knot//com.zigythebird.playeranimcore.loading.UniversalAnimLoader.loadAnimations(UniversalAnimLoader.java:35)
	at knot//io.github.kosmx.emotes.server.serializer.type.impl.JsonEmoteWrapper.read(JsonEmoteWrapper.java:17)
	at knot//io.github.kosmx.emotes.server.serializer.UniversalEmoteSerializer.readData(UniversalEmoteSerializer.java:57)
	... 6 more
Caused by: java.lang.ExceptionInInitializerError: Exception java.lang.NoClassDefFoundError: team/unnamed/mocha/parser/ast/Expression [in thread "IO-Worker-1"]
	at knot//com.zigythebird.playeranimcore.PlayerAnimLib.<clinit>(PlayerAnimLib.java:22)
	at knot//com.zigythebird.playeranimcore.loading.UniversalAnimLoader.loadAnimations(UniversalAnimLoader.java:35)
	at knot//io.github.kosmx.emotes.server.serializer.type.impl.JsonEmoteWrapper.read(JsonEmoteWrapper.java:17)
	at knot//io.github.kosmx.emotes.server.serializer.UniversalEmoteSerializer.readData(UniversalEmoteSerializer.java:57)
	at knot//io.github.kosmx.emotes.server.serializer.UniversalEmoteSerializer.serializeInternalJson(UniversalEmoteSerializer.java:134)
	at knot//io.github.kosmx.emotes.server.serializer.UniversalEmoteSerializer.loadEmotes(UniversalEmoteSerializer.java:99)
	... 4 more
[01:26:18] [Render thread/DEBUG] (FabricLoader/Mixin) Mixing DebugScreenEntriesAccessor from entityculling.mixins.json into net.minecraft.client.gui.hud.debug.DebugHudEntries
[01:26:18] [Render thread/DEBUG] (FabricLoader/Mixin) entityculling.mixins.json:DebugScreenEntriesAccessor from mod entityculling: Class version 65 required is higher than the class version supported by the current version of Mixin (JAVA_16 supports class version 60)
[01:26:18] [Render thread/DEBUG] (FabricLoader/Mixin) Mixing core.MixinDebugScreenEntries from immediatelyfast-common.mixins.json into net.minecraft.client.gui.hud.debug.DebugHudEntries
[01:26:18] [Render thread/DEBUG] (FabricLoader/Mixin) immediatelyfast-common.mixins.json:core.MixinDebugScreenEntries from mod immediatelyfast->@Inject::addImmediatelyFastEntry(Lorg/spongepowered/asm/mixin/injection/callback/CallbackInfo;)V doesn't use it's CallbackInfo
[01:26:18] [Render thread/DEBUG] (GeckoLib) Registered SyncedAnimatable for class org.axial.axialutils.client.cosmetics.ArmorCosmeticItem
[01:26:18] [Render thread/DEBUG] (FabricLoader/Mixin) Mixing MixinModelPart from xaerohud.mixins.json into net.minecraft.client.model.ModelPart
[01:26:18] [Render thread/DEBUG] (FabricLoader/Mixin) xaerohud.mixins.json:MixinModelPart from mod xaerominimap: Class version 65 required is higher than the class version supported by the current version of Mixin (JAVA_17 supports class version 61)
[01:26:18] [Render thread/DEBUG] (FabricLoader/Mixin) Mixing ModelPartAccessor from fabric-rendering-v1.mixins.json into net.minecraft.client.model.ModelPart
[01:26:18] [Render thread/DEBUG] (FabricLoader/Mixin) Mixing ModelPartMixin from bendable_cuboids.mixins.json into net.minecraft.client.model.ModelPart
[01:26:18] [Render thread/DEBUG] (FabricLoader/Mixin) xaerohud.mixins.json:MixinModelPart from mod xaerominimap->@Inject::onRender(Lnet/minecraft/client/util/math/MatrixStack$Entry;Lnet/minecraft/client/render/VertexConsumer;IIILorg/spongepowered/asm/mixin/injection/callback/CallbackInfo;)V doesn't use it's CallbackInfo
[01:26:18] [Render thread/DEBUG] (FabricLoader/Mixin) xaerohud.mixins.json:MixinModelPart from mod xaerominimap->@Inject::onRender(Lnet/minecraft/client/util/math/MatrixStack$Entry;Lnet/minecraft/client/render/VertexConsumer;IIILorg/spongepowered/asm/mixin/injection/callback/CallbackInfo;)V has 0 override(s) in child classes
[01:26:18] [Render thread/DEBUG] (FabricLoader/Mixin) xaerohud.mixins.json:MixinModelPart from mod xaerominimap->@Inject::onRender(Lnet/minecraft/client/util/math/MatrixStack$Entry;Lnet/minecraft/client/render/VertexConsumer;IIILorg/spongepowered/asm/mixin/injection/callback/CallbackInfo;)V won't be passed a CallbackInfo as a result
[01:26:18] [Render thread/DEBUG] (FabricLoader/Mixin) Mixing GeoArmorGlintMixin from axial-cosmetics.mixins.json into software.bernie.geckolib.renderer.GeoArmorRenderer
[01:26:18] [Render thread/DEBUG] (FabricLoader/Mixin) axial-cosmetics.mixins.json:GeoArmorGlintMixin from mod axial_cosmetics->@Inject::axial$captureShadow(Lnet/minecraft/item/Item;Lsoftware/bernie/geckolib/renderer/GeoArmorRenderer$RenderData;Lnet/minecraft/client/render/entity/state/BipedEntityRenderState;FLorg/spongepowered/asm/mixin/injection/callback/CallbackInfo;)V doesn't use it's CallbackInfo
[01:26:18] [Render thread/DEBUG] (FabricLoader/Mixin) axial-cosmetics.mixins.json:GeoArmorGlintMixin from mod axial_cosmetics->@Inject::axial$captureShadow(Lnet/minecraft/item/Item;Lsoftware/bernie/geckolib/renderer/GeoArmorRenderer$RenderData;Lnet/minecraft/client/render/entity/state/BipedEntityRenderState;FLorg/spongepowered/asm/mixin/injection/callback/CallbackInfo;)V has 0 override(s) in child classes
[01:26:18] [Render thread/DEBUG] (FabricLoader/Mixin) axial-cosmetics.mixins.json:GeoArmorGlintMixin from mod axial_cosmetics->@Inject::axial$captureShadow(Lnet/minecraft/item/Item;Lsoftware/bernie/geckolib/renderer/GeoArmorRenderer$RenderData;Lnet/minecraft/client/render/entity/state/BipedEntityRenderState;FLorg/spongepowered/asm/mixin/injection/callback/CallbackInfo;)V won't be passed a CallbackInfo as a result
[01:26:18] [Render thread/DEBUG] (FabricLoader/Mixin) Mixing ArmorCosmeticGeoRendererMixin from axial-cosmetics.mixins.json into org.axial.axialutils.client.cosmetics.ArmorCosmeticGeoRenderer
[01:26:18] [Render thread/DEBUG] (FabricLoader/Mixin) axial-cosmetics.mixins.json:ArmorCosmeticGeoRendererMixin from mod axial_cosmetics->@Inject::axial$captureShadow(Lorg/axial/axialutils/client/cosmetics/ArmorCosmeticItem;Lsoftware/bernie/geckolib/renderer/GeoArmorRenderer$RenderData;Lnet/minecraft/client/render/entity/state/PlayerEntityRenderState;FLorg/spongepowered/asm/mixin/injection/callback/CallbackInfo;)V doesn't use it's CallbackInfo
[01:26:18] [Render thread/DEBUG] (FabricLoader/Mixin) Mixing client.block.render.OrderedSubmitNodeCollectorMixin from fabric-renderer-api-v1.mixins.json into net.minecraft.client.render.command.RenderCommandQueue
[01:26:18] [Render thread/DEBUG] (FabricLoader/Mixin) Mixing client.EntityRenderStateMixin from geckolib.mixins.json into net.minecraft.client.render.entity.state.EntityRenderState
[01:26:18] [Render thread/DEBUG] (FabricLoader/Mixin) geckolib.mixins.json:client.EntityRenderStateMixin from mod geckolib: Class version 65 required is higher than the class version supported by the current version of Mixin (JAVA_17 supports class version 61)
[01:26:18] [Render thread/DEBUG] (FabricLoader/Mixin) Mixing RenderStateMixin from fabric-rendering-v1.mixins.json into net.minecraft.client.render.entity.state.EntityRenderState
[01:26:18] [Render thread/DEBUG] (FabricLoader/Mixin) Mixing EntityRenderStateMixin from transition.mixins.json into net.minecraft.client.render.entity.state.EntityRenderState
[01:26:18] [Render thread/DEBUG] (FabricLoader/Mixin) Mixing PlayerEntityRenderStateMixin from axialutils.client.mixins.json into net.minecraft.client.render.entity.state.PlayerEntityRenderState
[01:26:18] [Render thread/DEBUG] (FabricLoader/Mixin) Mixing AvatarRenderStateMixin from player_animation_library.mixins.json into net.minecraft.client.render.entity.state.PlayerEntityRenderState
[01:26:18] [Render thread/DEBUG] (FabricLoader/Mixin) Mixing PlayerModelMixin from player_animation_library.mixins.json into net.minecraft.client.render.entity.model.PlayerEntityModel
[01:26:18] [Render thread/DEBUG] (FabricLoader/Mixin) player_animation_library.mixins.json:PlayerModelMixin from mod player_animation_library->@Inject::setDefaultBeforeRender(Lnet/minecraft/client/render/entity/state/PlayerEntityRenderState;Lorg/spongepowered/asm/mixin/injection/callback/CallbackInfo;)V doesn't use it's CallbackInfo
[01:26:18] [Render thread/DEBUG] (FabricLoader/Mixin) player_animation_library.mixins.json:PlayerModelMixin from mod player_animation_library->@Inject::setDefaultBeforeRender(Lnet/minecraft/client/render/entity/state/PlayerEntityRenderState;Lorg/spongepowered/asm/mixin/injection/callback/CallbackInfo;)V has 0 override(s) in child classes
[01:26:18] [Render thread/DEBUG] (FabricLoader/Mixin) player_animation_library.mixins.json:PlayerModelMixin from mod player_animation_library->@Inject::setDefaultBeforeRender(Lnet/minecraft/client/render/entity/state/PlayerEntityRenderState;Lorg/spongepowered/asm/mixin/injection/callback/CallbackInfo;)V won't be passed a CallbackInfo as a result
[01:26:18] [Render thread/DEBUG] (FabricLoader/Mixin) player_animation_library.mixins.json:PlayerModelMixin from mod player_animation_library->@Inject::setupPlayerAnimation(Lnet/minecraft/client/render/entity/state/PlayerEntityRenderState;Lorg/spongepowered/asm/mixin/injection/callback/CallbackInfo;)V doesn't use it's CallbackInfo
[01:26:18] [Render thread/DEBUG] (FabricLoader/Mixin) player_animation_library.mixins.json:PlayerModelMixin from mod player_animation_library->@Inject::setupPlayerAnimation(Lnet/minecraft/client/render/entity/state/PlayerEntityRenderState;Lorg/spongepowered/asm/mixin/injection/callback/CallbackInfo;)V has 0 override(s) in child classes
[01:26:18] [Render thread/DEBUG] (FabricLoader/Mixin) player_animation_library.mixins.json:PlayerModelMixin from mod player_animation_library->@Inject::setupPlayerAnimation(Lnet/minecraft/client/render/entity/state/PlayerEntityRenderState;Lorg/spongepowered/asm/mixin/injection/callback/CallbackInfo;)V won't be passed a CallbackInfo as a result
[01:26:18] [Render thread/DEBUG] (FabricLoader/Mixin) Mixing LivingEntityRendererMixin from emotecraft-arch.mixins.json into net.minecraft.client.render.entity.LivingEntityRenderer
[01:26:18] [Render thread/DEBUG] (FabricLoader/Mixin) emotecraft-arch.mixins.json:LivingEntityRendererMixin from mod emotecraft: Class version 65 required is higher than the class version supported by the current version of Mixin (JAVA_16 supports class version 60)
[01:26:18] [Render thread/DEBUG] (FabricLoader/Mixin) Mixing LivingEntityRendererAccessor from entityculling.mixins.json into net.minecraft.client.render.entity.LivingEntityRenderer
[01:26:18] [Render thread/DEBUG] (FabricLoader/Mixin) entityculling.mixins.json:LivingEntityRendererAccessor from mod entityculling: Class version 65 required is higher than the class version supported by the current version of Mixin (JAVA_16 supports class version 60)
[01:26:18] [Render thread/DEBUG] (FabricLoader/Mixin) Mixing LivingEntityRendererAccessor from fabric-rendering-v1.mixins.json into net.minecraft.client.render.entity.LivingEntityRenderer
[01:26:18] [Render thread/DEBUG] (FabricLoader/Mixin) Mixing LivingEntityRendererMixin from fabric-rendering-v1.mixins.json into net.minecraft.client.render.entity.LivingEntityRenderer
[01:26:18] [Render thread/DEBUG] (FabricLoader/Mixin) Mixing LivingEntityRendererMixin from player_animation_library.mixins.json into net.minecraft.client.render.entity.LivingEntityRenderer
[01:26:18] [Render thread/DEBUG] (FabricLoader/Mixin) Mixing firstPerson.LivingEntityRendererMixin from player_animation_library.mixins.json into net.minecraft.client.render.entity.LivingEntityRenderer
[01:26:18] [Render thread/DEBUG] (FabricLoader/Mixin) emotecraft-arch.mixins.json:LivingEntityRendererMixin from mod emotecraft->@Inject::emotecraft$shouldShowName(Lnet/minecraft/entity/LivingEntity;DLorg/spongepowered/asm/mixin/injection/callback/CallbackInfoReturnable;)V does use it's CallbackInfoReturnable
[01:26:18] [Render thread/DEBUG] (FabricLoader/Mixin) player_animation_library.mixins.json:LivingEntityRendererMixin from mod player_animation_library->@Inject::doTranslations(Lnet/minecraft/client/render/entity/state/LivingEntityRenderState;Lnet/minecraft/client/util/math/MatrixStack;Lnet/minecraft/client/render/command/OrderedRenderCommandQueue;Lnet/minecraft/client/render/state/CameraRenderState;Lorg/spongepowered/asm/mixin/injection/callback/CallbackInfo;)V doesn't use it's CallbackInfo
[01:26:18] [Render thread/DEBUG] (FabricLoader/Mixin) player_animation_library.mixins.json:LivingEntityRendererMixin from mod player_animation_library->@Inject::doTranslations(Lnet/minecraft/client/render/entity/state/LivingEntityRenderState;Lnet/minecraft/client/util/math/MatrixStack;Lnet/minecraft/client/render/command/OrderedRenderCommandQueue;Lnet/minecraft/client/render/state/CameraRenderState;Lorg/spongepowered/asm/mixin/injection/callback/CallbackInfo;)V has 0 override(s) in child classes
[01:26:18] [Render thread/DEBUG] (FabricLoader/Mixin) player_animation_library.mixins.json:LivingEntityRendererMixin from mod player_animation_library->@Inject::doTranslations(Lnet/minecraft/client/render/entity/state/LivingEntityRenderState;Lnet/minecraft/client/util/math/MatrixStack;Lnet/minecraft/client/render/command/OrderedRenderCommandQueue;Lnet/minecraft/client/render/state/CameraRenderState;Lorg/spongepowered/asm/mixin/injection/callback/CallbackInfo;)V won't be passed a CallbackInfo as a result
[01:26:18] [Render thread/DEBUG] (FabricLoader/Mixin) Mixing EntityRendererMixin from entityculling.mixins.json into net.minecraft.client.render.entity.EntityRenderer
[01:26:18] [Render thread/DEBUG] (FabricLoader/Mixin) entityculling.mixins.json:EntityRendererMixin from mod entityculling: Class version 65 required is higher than the class version supported by the current version of Mixin (JAVA_16 supports class version 60)
[01:26:18] [Render thread/DEBUG] (FabricLoader/Mixin) Mixing EntityRendererMixin from transition.mixins.json into net.minecraft.client.render.entity.EntityRenderer
[01:26:18] [Render thread/DEBUG] (FabricLoader/Mixin) Mixing client.EntityRendererMixin from geckolib.mixins.json into net.minecraft.client.render.entity.EntityRenderer
[01:26:18] [Render thread/DEBUG] (FabricLoader/Mixin) geckolib.mixins.json:client.EntityRendererMixin from mod geckolib: Class version 65 required is higher than the class version supported by the current version of Mixin (JAVA_17 supports class version 61)
[01:26:18] [Render thread/DEBUG] (FabricLoader/Mixin) Renaming synthetic method lambda$geckolib$captureDataForArmorLayer$1(Lnet/minecraft/client/render/entity/state/EntityRenderState;Lcom/llamalad7/mixinextras/injector/wrapoperation/Operation;Lnet/minecraft/entity/Entity;FLnet/minecraft/entity/EquipmentSlot;)Lnet/minecraft/client/render/entity/state/BipedEntityRenderState; to mdfa83b2$geckolib$lambda$geckolib$captureDataForArmorLayer$1$0 in geckolib.mixins.json:client.EntityRendererMixin from mod geckolib
[01:26:18] [Render thread/DEBUG] (FabricLoader/Mixin) Renaming synthetic method lambda$geckolib$captureDataForArmorLayer$0(Lnet/minecraft/client/render/entity/feature/ArmorFeatureRenderer;Lnet/minecraft/client/render/entity/state/BipedEntityRenderState;Lnet/minecraft/entity/EquipmentSlot;)Lnet/minecraft/client/render/entity/model/BipedEntityModel; to mdfa83b2$geckolib$lambda$geckolib$captureDataForArmorLayer$0$1 in geckolib.mixins.json:client.EntityRendererMixin from mod geckolib
[01:26:18] [Render thread/DEBUG] (FabricLoader/Mixin) transition.mixins.json:EntityRendererMixin from mod transition->@Inject::extractRenderState(Lnet/minecraft/entity/Entity;Lnet/minecraft/client/render/entity/state/EntityRenderState;FLorg/spongepowered/asm/mixin/injection/callback/CallbackInfo;)V doesn't use it's CallbackInfo
[01:26:18] [Render thread/DEBUG] (FabricLoader/Mixin) transition.mixins.json:EntityRendererMixin from mod transition->@Inject::extractRenderState(Lnet/minecraft/entity/Entity;Lnet/minecraft/client/render/entity/state/EntityRenderState;FLorg/spongepowered/asm/mixin/injection/callback/CallbackInfo;)V has 0 override(s) in child classes
[01:26:18] [Render thread/DEBUG] (FabricLoader/Mixin) transition.mixins.json:EntityRendererMixin from mod transition->@Inject::extractRenderState(Lnet/minecraft/entity/Entity;Lnet/minecraft/client/render/entity/state/EntityRenderState;FLorg/spongepowered/asm/mixin/injection/callback/CallbackInfo;)V won't be passed a CallbackInfo as a result
[01:26:18] [Render thread/DEBUG] (FabricLoader/Mixin) Mixing AxialUiThemeFontMixin from axial-cosmetics.mixins.json into org.axial.axialutils.client.AxialUiTheme
[01:26:18] [Render thread/DEBUG] (FabricLoader/Mixin) Renaming synthetic method lambda$axial_cosmetics$applyBoldUiFont$0(Lnet/minecraft/text/Style;)Lnet/minecraft/text/Style; to mdfa83b2$axial_cosmetics$lambda$axial_cosmetics$applyBoldUiFont$0$0 in axial-cosmetics.mixins.json:AxialUiThemeFontMixin from mod axial_cosmetics
[01:26:18] [Render thread/DEBUG] (FabricLoader/Mixin) Renaming synthetic method lambda$axial_cosmetics$applyUiFont$0(Lnet/minecraft/text/Style;)Lnet/minecraft/text/Style; to mdfa83b2$axial_cosmetics$lambda$axial_cosmetics$applyUiFont$0$1 in axial-cosmetics.mixins.json:AxialUiThemeFontMixin from mod axial_cosmetics
[01:26:18] [Render thread/DEBUG] (FabricLoader/Mixin) Mixing AxialUiThemeNoCornerPixelsMixin from axial-cosmetics.mixins.json into org.axial.axialutils.client.AxialUiTheme
[01:26:18] [Render thread/DEBUG] (FabricLoader/Mixin) Mixing ModMenuBackButtonMixin from axial-cosmetics.mixins.json into org.axial.axialutils.client.AxialUiTheme
[01:26:18] [Render thread/DEBUG] (FabricLoader/Mixin) axial-cosmetics.mixins.json:AxialUiThemeFontMixin from mod axial_cosmetics->@Inject::axial_cosmetics$applyUiFont(Ljava/lang/String;Lorg/spongepowered/asm/mixin/injection/callback/CallbackInfoReturnable;)V does use it's CallbackInfoReturnable
[01:26:18] [Render thread/DEBUG] (FabricLoader/Mixin) axial-cosmetics.mixins.json:AxialUiThemeFontMixin from mod axial_cosmetics->@Inject::axial_cosmetics$applyBoldUiFont(Ljava/lang/String;Lorg/spongepowered/asm/mixin/injection/callback/CallbackInfoReturnable;)V does use it's CallbackInfoReturnable
[01:26:18] [Render thread/DEBUG] (FabricLoader/Mixin) axial-cosmetics.mixins.json:ModMenuBackButtonMixin from mod axial_cosmetics->@Inject::axial_cosmetics$drawSharedBackButton(Lnet/minecraft/client/gui/DrawContext;Lnet/minecraft/client/font/TextRenderer;IIIILjava/lang/String;Ljava/lang/String;ZZILorg/spongepowered/asm/mixin/injection/callback/CallbackInfo;)V does use it's CallbackInfo
[01:26:18] [Render thread/DEBUG] (FabricLoader/Mixin) Mixing AxialConfigNoHudBoxesMixin from axial-cosmetics.mixins.json into org.axial.axialutils.client.AxialConfigManager
[01:26:18] [Render thread/DEBUG] (FabricLoader/Mixin) Mixing AxialConfigManagerFissureRemovalMixin from axial-cosmetics.mixins.json into org.axial.axialutils.client.AxialConfigManager
[01:26:18] [Render thread/DEBUG] (FabricLoader/Mixin) Mixing AxialConfigManagerCompassMixin from axial-cosmetics.mixins.json into org.axial.axialutils.client.AxialConfigManager
[01:26:18] [Render thread/DEBUG] (FabricLoader/Mixin) axial-cosmetics.mixins.json:AxialConfigNoHudBoxesMixin from mod axial_cosmetics->@Inject::axial_cosmetics$disableHudBoxes(Lorg/spongepowered/asm/mixin/injection/callback/CallbackInfoReturnable;)V does use it's CallbackInfoReturnable
[01:26:18] [Render thread/DEBUG] (FabricLoader/Mixin) axial-cosmetics.mixins.json:AxialConfigManagerFissureRemovalMixin from mod axial_cosmetics->@Inject::axial_cosmetics$removeFissureHighlights(Lorg/spongepowered/asm/mixin/injection/callback/CallbackInfoReturnable;)V doesn't use it's CallbackInfoReturnable
[01:26:18] [Render thread/DEBUG] (FabricLoader/Mixin) axial-cosmetics.mixins.json:AxialConfigManagerFissureRemovalMixin from mod axial_cosmetics->@Inject::axial_cosmetics$removeFissureHighlights(Lorg/spongepowered/asm/mixin/injection/callback/CallbackInfoReturnable;)V doesn't use it's CallbackInfoReturnable
[01:26:18] [Render thread/DEBUG] (FabricLoader/Mixin) axial-cosmetics.mixins.json:AxialConfigManagerCompassMixin from mod axial_cosmetics->@Inject::axial_cosmetics$normalizeCompassDefault(Lorg/spongepowered/asm/mixin/injection/callback/CallbackInfoReturnable;)V doesn't use it's CallbackInfoReturnable
[01:26:18] [Render thread/DEBUG] (FabricLoader/Mixin) axial-cosmetics.mixins.json:AxialConfigManagerCompassMixin from mod axial_cosmetics->@Inject::axial_cosmetics$normalizeCompassDefault(Lorg/spongepowered/asm/mixin/injection/callback/CallbackInfoReturnable;)V doesn't use it's CallbackInfoReturnable
[01:26:18] [Render thread/DEBUG] (FabricLoader/Mixin) Mixing AxialConfigHudColorDefaultsMixin from axial-cosmetics.mixins.json into org.axial.axialutils.client.AxialConfig
[01:26:18] [Render thread/DEBUG] (FabricLoader/Mixin) Mixing AxialConfigCompassMixin from axial-cosmetics.mixins.json into org.axial.axialutils.client.AxialConfig
[01:26:18] [Render thread/DEBUG] (FabricLoader/Mixin) axial-cosmetics.mixins.json:AxialConfigHudColorDefaultsMixin from mod axial_cosmetics->@Inject::axial_cosmetics$setHudColorDefaults(Lorg/spongepowered/asm/mixin/injection/callback/CallbackInfo;)V doesn't use it's CallbackInfo
[01:26:18] [Download-1/DEBUG] (com.mojang.authlib.yggdrasil.YggdrasilMinecraftSessionService) Couldn't fetch profile properties for 3e97bd98-3fed-36a5-a2b2-bf93d544eeed as the profile does not exist
[01:26:18] [Download-2/ERROR] (net.minecraft.client.MinecraftClient) Failed to fetch user properties
com.mojang.authlib.exceptions.InvalidCredentialsException: Status: 401
	at knot//com.mojang.authlib.exceptions.MinecraftClientHttpException.toAuthenticationException(MinecraftClientHttpException.java:59)
	at knot//com.mojang.authlib.yggdrasil.YggdrasilUserApiService.fetchProperties(YggdrasilUserApiService.java:150)
	at knot//net.minecraft.client.MinecraftClient.method_55608(MinecraftClient.java:457)
	at java.base/java.util.concurrent.CompletableFuture$AsyncSupply.run(CompletableFuture.java:1789)
	at java.base/java.util.concurrent.ThreadPoolExecutor.runWorker(ThreadPoolExecutor.java:1090)
	at java.base/java.util.concurrent.ThreadPoolExecutor$Worker.run(ThreadPoolExecutor.java:614)
	at java.base/java.lang.Thread.run(Thread.java:1474)
Caused by: com.mojang.authlib.exceptions.MinecraftClientHttpException: Status: 401
	at knot//com.mojang.authlib.minecraft.client.MinecraftClient.readInputStream(MinecraftClient.java:103)
	at knot//com.mojang.authlib.minecraft.client.MinecraftClient.get(MinecraftClient.java:56)
	at knot//com.mojang.authlib.yggdrasil.YggdrasilUserApiService.fetchProperties(YggdrasilUserApiService.java:121)
	... 5 more
[01:26:18] [Render thread/DEBUG] (FabricLoader/Mixin) Mixing AxialConfigScreenEnchantGlintMixin from axial-cosmetics.mixins.json into org.axial.axialutils.client.AxialConfigScreen
[01:26:18] [Render thread/DEBUG] (FabricLoader/Mixin) Renaming synthetic method lambda$axial_cosmetics$addThirdPersonNameTagsRow$1(Ljava/lang/Object;Ljava/lang/reflect/Method;[Ljava/lang/Object;)Ljava/lang/Object; to mdfa83b2$axial_cosmetics$lambda$axial_cosmetics$addThirdPersonNameTagsRow$1$0 in axial-cosmetics.mixins.json:AxialConfigScreenEnchantGlintMixin from mod axial_cosmetics
[01:26:18] [Render thread/DEBUG] (FabricLoader/Mixin) Renaming synthetic method lambda$axial_cosmetics$addThirdPersonNameTagsRow$0(Ljava/lang/Object;Ljava/lang/reflect/Method;[Ljava/lang/Object;)Ljava/lang/Object; to mdfa83b2$axial_cosmetics$lambda$axial_cosmetics$addThirdPersonNameTagsRow$0$1 in axial-cosmetics.mixins.json:AxialConfigScreenEnchantGlintMixin from mod axial_cosmetics
[01:26:18] [Render thread/DEBUG] (FabricLoader/Mixin) Renaming synthetic method lambda$axial_cosmetics$glintText$0(Lnet/minecraft/text/Style;)Lnet/minecraft/text/Style; to mdfa83b2$axial_cosmetics$lambda$axial_cosmetics$glintText$0$2 in axial-cosmetics.mixins.json:AxialConfigScreenEnchantGlintMixin from mod axial_cosmetics
[01:26:18] [Render thread/DEBUG] (FabricLoader/Mixin) Renaming synthetic method lambda$axial_cosmetics$initGlintControls$0()V to mdfa83b2$axial_cosmetics$lambda$axial_cosmetics$initGlintControls$0$3 in axial-cosmetics.mixins.json:AxialConfigScreenEnchantGlintMixin from mod axial_cosmetics
[01:26:18] [Render thread/DEBUG] (FabricLoader/Mixin) Mixing AxialConfigScreenOptionsScrollMixin from axial-cosmetics.mixins.json into org.axial.axialutils.client.AxialConfigScreen
[01:26:18] [Render thread/DEBUG] (FabricLoader/Mixin) Mixing AxialConfigScreenInformationHudPreviewMixin from axial-cosmetics.mixins.json into org.axial.axialutils.client.AxialConfigScreen
[01:26:18] [Render thread/DEBUG] (FabricLoader/Mixin) Mixing AxialConfigScreenColorPickerMixin from axial-cosmetics.mixins.json into org.axial.axialutils.client.AxialConfigScreen
[01:26:18] [Render thread/DEBUG] (FabricLoader/Mixin) Renaming synthetic method lambda$axial_cosmetics$tryOpenColorPicker$0(Ljava/lang/Object;I)V to mdfa83b2$axial_cosmetics$lambda$axial_cosmetics$tryOpenColorPicker$0$4 in axial-cosmetics.mixins.json:AxialConfigScreenColorPickerMixin from mod axial_cosmetics
[01:26:18] [Render thread/DEBUG] (FabricLoader/Mixin) Mixing AxialConfigScreenFissureRemovalMixin from axial-cosmetics.mixins.json into org.axial.axialutils.client.AxialConfigScreen
[01:26:18] [Render thread/DEBUG] (FabricLoader/Mixin) Renaming synthetic method lambda$axial_cosmetics$removeFissureHighlightsTile$0(Ljava/lang/Object;)Z to mdfa83b2$axial_cosmetics$lambda$axial_cosmetics$removeFissureHighlightsTile$0$5 in axial-cosmetics.mixins.json:AxialConfigScreenFissureRemovalMixin from mod axial_cosmetics
[01:26:18] [Render thread/DEBUG] (FabricLoader/Mixin) Mixing AxialConfigScreenCompassMixin from axial-cosmetics.mixins.json into org.axial.axialutils.client.AxialConfigScreen
[01:26:18] [Render thread/DEBUG] (FabricLoader/Mixin) Renaming synthetic method lambda$axial_cosmetics$compassAccentGetter$0(Ljava/lang/Object;Ljava/lang/reflect/Method;[Ljava/lang/Object;)Ljava/lang/Object; to mdfa83b2$axial_cosmetics$lambda$axial_cosmetics$compassAccentGetter$0$6 in axial-cosmetics.mixins.json:AxialConfigScreenCompassMixin from mod axial_cosmetics
[01:26:18] [Render thread/DEBUG] (FabricLoader/Mixin) Renaming synthetic method lambda$axial_cosmetics$addCompassButton$0()V to mdfa83b2$axial_cosmetics$lambda$axial_cosmetics$addCompassButton$0$7 in axial-cosmetics.mixins.json:AxialConfigScreenCompassMixin from mod axial_cosmetics
[01:26:18] [Render thread/DEBUG] (FabricLoader/Mixin) Mixing AxialConfigScreenCompassMoveMixin from axial-cosmetics.mixins.json into org.axial.axialutils.client.AxialConfigScreen
[01:26:18] [Render thread/DEBUG] (FabricLoader/Mixin) Mixing AxialConfigScreenCrosshairMixin from axial-cosmetics.mixins.json into org.axial.axialutils.client.AxialConfigScreen
[01:26:18] [Render thread/DEBUG] (FabricLoader/Mixin) Renaming synthetic method lambda$axial_cosmetics$addCrosshairButton$0()V to mdfa83b2$axial_cosmetics$lambda$axial_cosmetics$addCrosshairButton$0$8 in axial-cosmetics.mixins.json:AxialConfigScreenCrosshairMixin from mod axial_cosmetics
[01:26:18] [Render thread/DEBUG] (FabricLoader/Mixin) Mixing AxialConfigScreenChunkBordersMixin from axial-cosmetics.mixins.json into org.axial.axialutils.client.AxialConfigScreen
[01:26:18] [Render thread/DEBUG] (FabricLoader/Mixin) Renaming synthetic method lambda$axial_cosmetics$addChunkBordersButton$0()V to mdfa83b2$axial_cosmetics$lambda$axial_cosmetics$addChunkBordersButton$0$9 in axial-cosmetics.mixins.json:AxialConfigScreenChunkBordersMixin from mod axial_cosmetics
[01:26:18] [Render thread/DEBUG] (FabricLoader/Mixin) Mixing AxialConfigScreenWaypointsMixin from axial-cosmetics.mixins.json into org.axial.axialutils.client.AxialConfigScreen
[01:26:18] [Render thread/DEBUG] (FabricLoader/Mixin) Renaming synthetic method lambda$axial_cosmetics$addWaypointsButton$0()V to mdfa83b2$axial_cosmetics$lambda$axial_cosmetics$addWaypointsButton$0$a in axial-cosmetics.mixins.json:AxialConfigScreenWaypointsMixin from mod axial_cosmetics
[01:26:18] [Render thread/DEBUG] (FabricLoader/Mixin) Mixing AxialConfigScreenMixin from axial-cosmetics.mixins.json into org.axial.axialutils.client.AxialConfigScreen
[01:26:18] [Render thread/DEBUG] (FabricLoader/Mixin) Mixing AxialConfigScreenItemScalerMixin from axial-cosmetics.mixins.json into org.axial.axialutils.client.AxialConfigScreen
[01:26:18] [Render thread/DEBUG] (FabricLoader/Mixin) Renaming synthetic method lambda$axial_cosmetics$addItemScalerButton$0()V to mdfa83b2$axial_cosmetics$lambda$axial_cosmetics$addItemScalerButton$0$b in axial-cosmetics.mixins.json:AxialConfigScreenItemScalerMixin from mod axial_cosmetics
[01:26:18] [Render thread/DEBUG] (FabricLoader/Mixin) Mixing CloseModMenuMixin from axial-cosmetics.mixins.json into org.axial.axialutils.client.AxialConfigScreen
[01:26:18] [Render thread/DEBUG] (FabricLoader/Mixin) Mixing AxialConfigScreenPotionsHudMixin from axial-cosmetics.mixins.json into org.axial.axialutils.client.AxialConfigScreen
[01:26:18] [Render thread/DEBUG] (FabricLoader/Mixin) Renaming synthetic method lambda$axial_cosmetics$addPotionsHudButton$0()V to mdfa83b2$axial_cosmetics$lambda$axial_cosmetics$addPotionsHudButton$0$c in axial-cosmetics.mixins.json:AxialConfigScreenPotionsHudMixin from mod axial_cosmetics
[01:26:18] [Render thread/DEBUG] (FabricLoader/Mixin) Mixing AxialConfigScreenMinimapMixin from axial-cosmetics.mixins.json into org.axial.axialutils.client.AxialConfigScreen
[01:26:18] [Render thread/DEBUG] (FabricLoader/Mixin) Renaming synthetic method lambda$axial_cosmetics$addMinimapSettings$1()V to mdfa83b2$axial_cosmetics$lambda$axial_cosmetics$addMinimapSettings$1$d in axial-cosmetics.mixins.json:AxialConfigScreenMinimapMixin from mod axial_cosmetics
[01:26:18] [Render thread/DEBUG] (FabricLoader/Mixin) Renaming synthetic method lambda$axial_cosmetics$addMinimapSettings$0(Ljava/lang/Object;Ljava/lang/reflect/Method;[Ljava/lang/Object;)Ljava/lang/Object; to mdfa83b2$axial_cosmetics$lambda$axial_cosmetics$addMinimapSettings$0$e in axial-cosmetics.mixins.json:AxialConfigScreenMinimapMixin from mod axial_cosmetics
[01:26:18] [Render thread/DEBUG] (FabricLoader/Mixin) Mixing AxialConfigScreenMinimapMoveMixin from axial-cosmetics.mixins.json into org.axial.axialutils.client.AxialConfigScreen
[01:26:18] [Render thread/DEBUG] (FabricLoader/Mixin) Mixing AxialConfigScreenPotionsHudMoveMixin from axial-cosmetics.mixins.json into org.axial.axialutils.client.AxialConfigScreen
[01:26:18] [Render thread/DEBUG] (FabricLoader/Mixin) Mixing AxialConfigScreenInformationHudOptionsMixin from axial-cosmetics.mixins.json into org.axial.axialutils.client.AxialConfigScreen
[01:26:18] [Render thread/DEBUG] (FabricLoader/Mixin) Renaming @Unique method drawScrollBar(Lnet/minecraft/client/gui/DrawContext;II)V to mdfa83b2$axial_cosmetics$drawScrollBar$f in axial-cosmetics.mixins.json:AxialConfigScreenInformationHudOptionsMixin from mod axial_cosmetics
[01:26:18] [Render thread/DEBUG] (FabricLoader/Mixin) Renaming @Unique method maxScroll()I to mdfa83b2$axial_cosmetics$maxScroll$10 in axial-cosmetics.mixins.json:AxialConfigScreenInformationHudOptionsMixin from mod axial_cosmetics
[01:26:18] [Render thread/DEBUG] (FabricLoader/Mixin) Renaming @Unique method clamp(III)I to mdfa83b2$axial_cosmetics$clamp$11 in axial-cosmetics.mixins.json:AxialConfigScreenInformationHudOptionsMixin from mod axial_cosmetics
[01:26:18] [Render thread/DEBUG] (FabricLoader/Mixin) Renaming synthetic method lambda$removeBox$0(Ljava/lang/Object;)Z to mdfa83b2$axial_cosmetics$lambda$removeBox$0$12 in axial-cosmetics.mixins.json:AxialConfigScreenInformationHudOptionsMixin from mod axial_cosmetics
[01:26:18] [Render thread/DEBUG] (FabricLoader/Mixin) Renaming synthetic method lambda$renderOptionRows$0(Lnet/minecraft/text/Style;)Lnet/minecraft/text/Style; to mdfa83b2$axial_cosmetics$lambda$renderOptionRows$0$13 in axial-cosmetics.mixins.json:AxialConfigScreenInformationHudOptionsMixin from mod axial_cosmetics
[01:26:18] [Render thread/DEBUG] (FabricLoader/Mixin) Renaming synthetic method lambda$divider$0(Lnet/minecraft/text/Style;)Lnet/minecraft/text/Style; to mdfa83b2$axial_cosmetics$lambda$divider$0$14 in axial-cosmetics.mixins.json:AxialConfigScreenInformationHudOptionsMixin from mod axial_cosmetics
[01:26:18] [Render thread/DEBUG] (FabricLoader/Mixin) Renaming synthetic method lambda$addColor$1(Ljava/util/function/IntConsumer;Ljava/lang/Object;Ljava/lang/reflect/Method;[Ljava/lang/Object;)Ljava/lang/Object; to mdfa83b2$axial_cosmetics$lambda$addColor$1$15 in axial-cosmetics.mixins.json:AxialConfigScreenInformationHudOptionsMixin from mod axial_cosmetics
[01:26:18] [Render thread/DEBUG] (FabricLoader/Mixin) Renaming synthetic method lambda$addColor$0(Ljava/util/function/IntSupplier;Ljava/lang/Object;Ljava/lang/reflect/Method;[Ljava/lang/Object;)Ljava/lang/Object; to mdfa83b2$axial_cosmetics$lambda$addColor$0$16 in axial-cosmetics.mixins.json:AxialConfigScreenInformationHudOptionsMixin from mod axial_cosmetics
[01:26:18] [Render thread/DEBUG] (FabricLoader/Mixin) Renaming synthetic method lambda$addEnabledTile$1(Ljava/lang/Object;Ljava/lang/reflect/Method;[Ljava/lang/Object;)Ljava/lang/Object; to mdfa83b2$axial_cosmetics$lambda$addEnabledTile$1$17 in axial-cosmetics.mixins.json:AxialConfigScreenInformationHudOptionsMixin from mod axial_cosmetics
[01:26:18] [Render thread/DEBUG] (FabricLoader/Mixin) Renaming synthetic method lambda$addEnabledTile$0(Ljava/lang/Object;Ljava/lang/reflect/Method;[Ljava/lang/Object;)Ljava/lang/Object; to mdfa83b2$axial_cosmetics$lambda$addEnabledTile$0$18 in axial-cosmetics.mixins.json:AxialConfigScreenInformationHudOptionsMixin from mod axial_cosmetics
[01:26:18] [Render thread/DEBUG] (FabricLoader/Mixin) Renaming synthetic method lambda$addOption$1(Ljava/util/function/Consumer;Ljava/lang/Object;Ljava/lang/reflect/Method;[Ljava/lang/Object;)Ljava/lang/Object; to mdfa83b2$axial_cosmetics$lambda$addOption$1$19 in axial-cosmetics.mixins.json:AxialConfigScreenInformationHudOptionsMixin from mod axial_cosmetics
[01:26:18] [Render thread/DEBUG] (FabricLoader/Mixin) Renaming synthetic method lambda$addOption$0(Ljava/util/function/BooleanSupplier;Ljava/lang/Object;Ljava/lang/reflect/Method;[Ljava/lang/Object;)Ljava/lang/Object; to mdfa83b2$axial_cosmetics$lambda$addOption$0$1a in axial-cosmetics.mixins.json:AxialConfigScreenInformationHudOptionsMixin from mod axial_cosmetics
[01:26:18] [Render thread/DEBUG] (FabricLoader/Mixin) Renaming synthetic method lambda$buildHud$9(I)V to mdfa83b2$axial_cosmetics$lambda$buildHud$9$1b in axial-cosmetics.mixins.json:AxialConfigScreenInformationHudOptionsMixin from mod axial_cosmetics
[01:26:18] [Render thread/DEBUG] (FabricLoader/Mixin) Renaming synthetic method lambda$buildHud$8()I to mdfa83b2$axial_cosmetics$lambda$buildHud$8$1c in axial-cosmetics.mixins.json:AxialConfigScreenInformationHudOptionsMixin from mod axial_cosmetics
[01:26:18] [Render thread/DEBUG] (FabricLoader/Mixin) Renaming synthetic method lambda$buildHud$7(I)V to mdfa83b2$axial_cosmetics$lambda$buildHud$7$1d in axial-cosmetics.mixins.json:AxialConfigScreenInformationHudOptionsMixin from mod axial_cosmetics
[01:26:18] [Render thread/DEBUG] (FabricLoader/Mixin) Renaming synthetic method lambda$buildHud$6()I to mdfa83b2$axial_cosmetics$lambda$buildHud$6$1e in axial-cosmetics.mixins.json:AxialConfigScreenInformationHudOptionsMixin from mod axial_cosmetics
[01:26:18] [Render thread/DEBUG] (FabricLoader/Mixin) Renaming synthetic method lambda$buildHud$5(I)V to mdfa83b2$axial_cosmetics$lambda$buildHud$5$1f in axial-cosmetics.mixins.json:AxialConfigScreenInformationHudOptionsMixin from mod axial_cosmetics
[01:26:18] [Render thread/DEBUG] (FabricLoader/Mixin) Renaming synthetic method lambda$buildHud$4()I to mdfa83b2$axial_cosmetics$lambda$buildHud$4$20 in axial-cosmetics.mixins.json:AxialConfigScreenInformationHudOptionsMixin from mod axial_cosmetics
[01:26:18] [Render thread/DEBUG] (FabricLoader/Mixin) Renaming synthetic method lambda$buildHud$3(Ljava/lang/Boolean;)V to mdfa83b2$axial_cosmetics$lambda$buildHud$3$21 in axial-cosmetics.mixins.json:AxialConfigScreenInformationHudOptionsMixin from mod axial_cosmetics
[01:26:18] [Render thread/DEBUG] (FabricLoader/Mixin) Renaming synthetic method lambda$buildHud$2()Z to mdfa83b2$axial_cosmetics$lambda$buildHud$2$22 in axial-cosmetics.mixins.json:AxialConfigScreenInformationHudOptionsMixin from mod axial_cosmetics
[01:26:18] [Render thread/DEBUG] (FabricLoader/Mixin) Renaming synthetic method lambda$buildHud$1(Ljava/lang/Boolean;)V to mdfa83b2$axial_cosmetics$lambda$buildHud$1$23 in axial-cosmetics.mixins.json:AxialConfigScreenInformationHudOptionsMixin from mod axial_cosmetics
[01:26:18] [Render thread/DEBUG] (FabricLoader/Mixin) Renaming synthetic method lambda$buildHud$0()Z to mdfa83b2$axial_cosmetics$lambda$buildHud$0$24 in axial-cosmetics.mixins.json:AxialConfigScreenInformationHudOptionsMixin from mod axial_cosmetics
[01:26:18] [Render thread/DEBUG] (FabricLoader/Mixin) Mixing AxialConfigScreenSatchelMenuMixin from axial-cosmetics.mixins.json into org.axial.axialutils.client.AxialConfigScreen
[01:26:18] [Render thread/DEBUG] (FabricLoader/Mixin) Renaming @Unique method addEnabledTile(Ljava/util/List;I)V to mdfa83b2$axial_cosmetics$addEnabledTile$25 in axial-cosmetics.mixins.json:AxialConfigScreenSatchelMenuMixin from mod axial_cosmetics
[01:26:18] [Render thread/DEBUG] (FabricLoader/Mixin) Renaming @Unique method addColor(IILjava/lang/String;Ljava/util/function/IntSupplier;Ljava/util/function/IntConsumer;)V to mdfa83b2$axial_cosmetics$addColor$26 in axial-cosmetics.mixins.json:AxialConfigScreenSatchelMenuMixin from mod axial_cosmetics
[01:26:18] [Render thread/DEBUG] (FabricLoader/Mixin) Renaming @Unique method updateEnabledTileLabel(Z)V to mdfa83b2$axial_cosmetics$updateEnabledTileLabel$27 in axial-cosmetics.mixins.json:AxialConfigScreenSatchelMenuMixin from mod axial_cosmetics
[01:26:18] [Render thread/DEBUG] (FabricLoader/Mixin) Renaming @Unique method refreshLayout()V to mdfa83b2$axial_cosmetics$refreshLayout$28 in axial-cosmetics.mixins.json:AxialConfigScreenSatchelMenuMixin from mod axial_cosmetics
[01:26:18] [Render thread/DEBUG] (FabricLoader/Mixin) Renaming @Unique method divider(Lnet/minecraft/client/gui/DrawContext;IILjava/lang/String;)V to mdfa83b2$axial_cosmetics$divider$29 in axial-cosmetics.mixins.json:AxialConfigScreenSatchelMenuMixin from mod axial_cosmetics
[01:26:18] [Render thread/DEBUG] (FabricLoader/Mixin) Renaming @Unique method drawScrollBar(Lnet/minecraft/client/gui/DrawContext;II)V to mdfa83b2$axial_cosmetics$drawScrollBar$2a in axial-cosmetics.mixins.json:AxialConfigScreenSatchelMenuMixin from mod axial_cosmetics
[01:26:18] [Render thread/DEBUG] (FabricLoader/Mixin) Renaming @Unique method shift(I)V to mdfa83b2$axial_cosmetics$shift$2b in axial-cosmetics.mixins.json:AxialConfigScreenSatchelMenuMixin from mod axial_cosmetics
[01:26:18] [Render thread/DEBUG] (FabricLoader/Mixin) Renaming @Unique method maxScroll()I to mdfa83b2$axial_cosmetics$maxScroll$2c in axial-cosmetics.mixins.json:AxialConfigScreenSatchelMenuMixin from mod axial_cosmetics
[01:26:18] [Render thread/DEBUG] (FabricLoader/Mixin) Renaming @Unique method clamp(III)I to mdfa83b2$axial_cosmetics$clamp$2d in axial-cosmetics.mixins.json:AxialConfigScreenSatchelMenuMixin from mod axial_cosmetics
[01:26:18] [Render thread/DEBUG] (FabricLoader/Mixin) Renaming @Unique method list(Ljava/lang/String;)Ljava/util/List; to mdfa83b2$axial_cosmetics$list$2e in axial-cosmetics.mixins.json:AxialConfigScreenSatchelMenuMixin from mod axial_cosmetics
[01:26:18] [Render thread/DEBUG] (FabricLoader/Mixin) Renaming @Unique method getInt(Ljava/lang/String;)I to mdfa83b2$axial_cosmetics$getInt$2f in axial-cosmetics.mixins.json:AxialConfigScreenSatchelMenuMixin from mod axial_cosmetics
[01:26:18] [Render thread/DEBUG] (FabricLoader/Mixin) Renaming @Unique method setInt(Ljava/lang/String;I)V to mdfa83b2$axial_cosmetics$setInt$30 in axial-cosmetics.mixins.json:AxialConfigScreenSatchelMenuMixin from mod axial_cosmetics
[01:26:18] [Render thread/DEBUG] (FabricLoader/Mixin) Renaming @Unique method integer(Ljava/lang/Object;Ljava/lang/String;)I to mdfa83b2$axial_cosmetics$integer$31 in axial-cosmetics.mixins.json:AxialConfigScreenSatchelMenuMixin from mod axial_cosmetics
[01:26:18] [Render thread/DEBUG] (FabricLoader/Mixin) Renaming synthetic method lambda$label$0(Lnet/minecraft/text/Style;)Lnet/minecraft/text/Style; to mdfa83b2$axial_cosmetics$lambda$label$0$32 in axial-cosmetics.mixins.json:AxialConfigScreenSatchelMenuMixin from mod axial_cosmetics
[01:26:18] [Render thread/DEBUG] (FabricLoader/Mixin) Renaming synthetic method lambda$addColor$1(Ljava/util/function/IntConsumer;Ljava/lang/Object;Ljava/lang/reflect/Method;[Ljava/lang/Object;)Ljava/lang/Object; to mdfa83b2$axial_cosmetics$lambda$addColor$1$33 in axial-cosmetics.mixins.json:AxialConfigScreenSatchelMenuMixin from mod axial_cosmetics
[01:26:18] [Render thread/DEBUG] (FabricLoader/Mixin) Renaming synthetic method lambda$addColor$0(Ljava/util/function/IntSupplier;Ljava/lang/Object;Ljava/lang/reflect/Method;[Ljava/lang/Object;)Ljava/lang/Object; to mdfa83b2$axial_cosmetics$lambda$addColor$0$34 in axial-cosmetics.mixins.json:AxialConfigScreenSatchelMenuMixin from mod axial_cosmetics
[01:26:18] [Render thread/DEBUG] (FabricLoader/Mixin) Renaming synthetic method lambda$addEnabledTile$1(Ljava/lang/Object;Ljava/lang/reflect/Method;[Ljava/lang/Object;)Ljava/lang/Object; to mdfa83b2$axial_cosmetics$lambda$addEnabledTile$1$35 in axial-cosmetics.mixins.json:AxialConfigScreenSatchelMenuMixin from mod axial_cosmetics
[01:26:18] [Render thread/DEBUG] (FabricLoader/Mixin) Renaming synthetic method lambda$addEnabledTile$0(Ljava/lang/Object;Ljava/lang/reflect/Method;[Ljava/lang/Object;)Ljava/lang/Object; to mdfa83b2$axial_cosmetics$lambda$addEnabledTile$0$36 in axial-cosmetics.mixins.json:AxialConfigScreenSatchelMenuMixin from mod axial_cosmetics
[01:26:18] [Render thread/DEBUG] (FabricLoader/Mixin) Renaming synthetic method lambda$buildSatchel$5(I)V to mdfa83b2$axial_cosmetics$lambda$buildSatchel$5$37 in axial-cosmetics.mixins.json:AxialConfigScreenSatchelMenuMixin from mod axial_cosmetics
[01:26:18] [Render thread/DEBUG] (FabricLoader/Mixin) Renaming synthetic method lambda$buildSatchel$4()I to mdfa83b2$axial_cosmetics$lambda$buildSatchel$4$38 in axial-cosmetics.mixins.json:AxialConfigScreenSatchelMenuMixin from mod axial_cosmetics
[01:26:18] [Render thread/DEBUG] (FabricLoader/Mixin) Renaming synthetic method lambda$buildSatchel$3(I)V to mdfa83b2$axial_cosmetics$lambda$buildSatchel$3$39 in axial-cosmetics.mixins.json:AxialConfigScreenSatchelMenuMixin from mod axial_cosmetics
[01:26:18] [Render thread/DEBUG] (FabricLoader/Mixin) Renaming synthetic method lambda$buildSatchel$2()I to mdfa83b2$axial_cosmetics$lambda$buildSatchel$2$3a in axial-cosmetics.mixins.json:AxialConfigScreenSatchelMenuMixin from mod axial_cosmetics
[01:26:18] [Render thread/DEBUG] (FabricLoader/Mixin) Renaming synthetic method lambda$buildSatchel$1(I)V to mdfa83b2$axial_cosmetics$lambda$buildSatchel$1$3b in axial-cosmetics.mixins.json:AxialConfigScreenSatchelMenuMixin from mod axial_cosmetics
[01:26:18] [Render thread/DEBUG] (FabricLoader/Mixin) Renaming synthetic method lambda$buildSatchel$0()I to mdfa83b2$axial_cosmetics$lambda$buildSatchel$0$3c in axial-cosmetics.mixins.json:AxialConfigScreenSatchelMenuMixin from mod axial_cosmetics
[01:26:18] [Render thread/DEBUG] (FabricLoader/Mixin) Renaming synthetic method lambda$initTitleField$0(Ljava/lang/String;)V to mdfa83b2$axial_cosmetics$lambda$initTitleField$0$3d in axial-cosmetics.mixins.json:AxialConfigScreenSatchelMenuMixin from mod axial_cosmetics
[01:26:18] [Render thread/DEBUG] (FabricLoader/Mixin) Renaming @Unique field WIDTHI to fdfa83b2$axial_cosmetics$WIDTH$0 in axial-cosmetics.mixins.json:AxialConfigScreenSatchelMenuMixin from mod axial_cosmetics
[01:26:18] [Render thread/DEBUG] (FabricLoader/Mixin) Renaming @Unique field HEIGHTI to fdfa83b2$axial_cosmetics$HEIGHT$1 in axial-cosmetics.mixins.json:AxialConfigScreenSatchelMenuMixin from mod axial_cosmetics
[01:26:18] [Render thread/DEBUG] (FabricLoader/Mixin) Renaming @Unique field CONTENT_HEIGHTI to fdfa83b2$axial_cosmetics$CONTENT_HEIGHT$2 in axial-cosmetics.mixins.json:AxialConfigScreenSatchelMenuMixin from mod axial_cosmetics
[01:26:18] [Render thread/DEBUG] (FabricLoader/Mixin) Renaming @Unique field FONTLnet/minecraft/text/StyleSpriteSource$Font; to fdfa83b2$axial_cosmetics$FONT$3 in axial-cosmetics.mixins.json:AxialConfigScreenSatchelMenuMixin from mod axial_cosmetics
[01:26:18] [Render thread/DEBUG] (FabricLoader/Mixin) Mixing AxialConfigScreenCpsMenuMixin from axial-cosmetics.mixins.json into org.axial.axialutils.client.AxialConfigScreen
[01:26:18] [Render thread/DEBUG] (FabricLoader/Mixin) Renaming @Unique method addEnabledTile(Ljava/util/List;I)V to mdfa83b2$axial_cosmetics$addEnabledTile$3e in axial-cosmetics.mixins.json:AxialConfigScreenCpsMenuMixin from mod axial_cosmetics
[01:26:18] [Render thread/DEBUG] (FabricLoader/Mixin) Renaming @Unique method addColor(IILjava/lang/String;Ljava/util/function/IntSupplier;Ljava/util/function/IntConsumer;)V to mdfa83b2$axial_cosmetics$addColor$3f in axial-cosmetics.mixins.json:AxialConfigScreenCpsMenuMixin from mod axial_cosmetics
[01:26:18] [Render thread/DEBUG] (FabricLoader/Mixin) Renaming @Unique method renderRows(Lnet/minecraft/client/gui/DrawContext;III)V to mdfa83b2$axial_cosmetics$renderRows$40 in axial-cosmetics.mixins.json:AxialConfigScreenCpsMenuMixin from mod axial_cosmetics
[01:26:18] [Render thread/DEBUG] (FabricLoader/Mixin) Renaming @Unique method drawHex(Lnet/minecraft/client/gui/DrawContext;Ljava/lang/Object;I)V to mdfa83b2$axial_cosmetics$drawHex$41 in axial-cosmetics.mixins.json:AxialConfigScreenCpsMenuMixin from mod axial_cosmetics
[01:26:18] [Render thread/DEBUG] (FabricLoader/Mixin) Renaming @Unique method updateEnabledTileLabel(Z)V to mdfa83b2$axial_cosmetics$updateEnabledTileLabel$42 in axial-cosmetics.mixins.json:AxialConfigScreenCpsMenuMixin from mod axial_cosmetics
[01:26:18] [Render thread/DEBUG] (FabricLoader/Mixin) Renaming @Unique method refreshLayout()V to mdfa83b2$axial_cosmetics$refreshLayout$43 in axial-cosmetics.mixins.json:AxialConfigScreenCpsMenuMixin from mod axial_cosmetics
[01:26:18] [Render thread/DEBUG] (FabricLoader/Mixin) Renaming @Unique method divider(Lnet/minecraft/client/gui/DrawContext;IILjava/lang/String;)V to mdfa83b2$axial_cosmetics$divider$44 in axial-cosmetics.mixins.json:AxialConfigScreenCpsMenuMixin from mod axial_cosmetics
[01:26:18] [Render thread/DEBUG] (FabricLoader/Mixin) Renaming @Unique method insideSwatch(Ljava/lang/Object;DDI)Z to mdfa83b2$axial_cosmetics$insideSwatch$45 in axial-cosmetics.mixins.json:AxialConfigScreenCpsMenuMixin from mod axial_cosmetics
[01:26:18] [Render thread/DEBUG] (FabricLoader/Mixin) Renaming @Unique method list(Ljava/lang/String;)Ljava/util/List; to mdfa83b2$axial_cosmetics$list$46 in axial-cosmetics.mixins.json:AxialConfigScreenCpsMenuMixin from mod axial_cosmetics
[01:26:18] [Render thread/DEBUG] (FabricLoader/Mixin) Renaming @Unique method field(Ljava/lang/Object;Ljava/lang/String;)Ljava/lang/reflect/Field; to mdfa83b2$axial_cosmetics$field$47 in axial-cosmetics.mixins.json:AxialConfigScreenCpsMenuMixin from mod axial_cosmetics
[01:26:18] [Render thread/DEBUG] (FabricLoader/Mixin) Renaming @Unique method getInt(Ljava/lang/String;)I to mdfa83b2$axial_cosmetics$getInt$48 in axial-cosmetics.mixins.json:AxialConfigScreenCpsMenuMixin from mod axial_cosmetics
[01:26:18] [Render thread/DEBUG] (FabricLoader/Mixin) Renaming @Unique method setInt(Ljava/lang/String;I)V to mdfa83b2$axial_cosmetics$setInt$49 in axial-cosmetics.mixins.json:AxialConfigScreenCpsMenuMixin from mod axial_cosmetics
[01:26:18] [Render thread/DEBUG] (FabricLoader/Mixin) Renaming @Unique method integer(Ljava/lang/Object;Ljava/lang/String;)I to mdfa83b2$axial_cosmetics$integer$4a in axial-cosmetics.mixins.json:AxialConfigScreenCpsMenuMixin from mod axial_cosmetics
[01:26:18] [Render thread/DEBUG] (FabricLoader/Mixin) Renaming @Unique method setField(Ljava/lang/Object;Ljava/lang/String;I)V to mdfa83b2$axial_cosmetics$setField$4b in axial-cosmetics.mixins.json:AxialConfigScreenCpsMenuMixin from mod axial_cosmetics
[01:26:18] [Render thread/DEBUG] (FabricLoader/Mixin) Renaming synthetic method lambda$text$0(Lnet/minecraft/text/Style;)Lnet/minecraft/text/Style; to mdfa83b2$axial_cosmetics$lambda$text$0$4c in axial-cosmetics.mixins.json:AxialConfigScreenCpsMenuMixin from mod axial_cosmetics
[01:26:18] [Render thread/DEBUG] (FabricLoader/Mixin) Renaming synthetic method lambda$addColor$1(Ljava/util/function/IntConsumer;Ljava/lang/Object;Ljava/lang/reflect/Method;[Ljava/lang/Object;)Ljava/lang/Object; to mdfa83b2$axial_cosmetics$lambda$addColor$1$4d in axial-cosmetics.mixins.json:AxialConfigScreenCpsMenuMixin from mod axial_cosmetics
[01:26:18] [Render thread/DEBUG] (FabricLoader/Mixin) Renaming synthetic method lambda$addColor$0(Ljava/util/function/IntSupplier;Ljava/lang/Object;Ljava/lang/reflect/Method;[Ljava/lang/Object;)Ljava/lang/Object; to mdfa83b2$axial_cosmetics$lambda$addColor$0$4e in axial-cosmetics.mixins.json:AxialConfigScreenCpsMenuMixin from mod axial_cosmetics
[01:26:18] [Render thread/DEBUG] (FabricLoader/Mixin) Renaming synthetic method lambda$addEnabledTile$1(Ljava/lang/Object;Ljava/lang/reflect/Method;[Ljava/lang/Object;)Ljava/lang/Object; to mdfa83b2$axial_cosmetics$lambda$addEnabledTile$1$4f in axial-cosmetics.mixins.json:AxialConfigScreenCpsMenuMixin from mod axial_cosmetics
[01:26:18] [Render thread/DEBUG] (FabricLoader/Mixin) Renaming synthetic method lambda$addEnabledTile$0(Ljava/lang/Object;Ljava/lang/reflect/Method;[Ljava/lang/Object;)Ljava/lang/Object; to mdfa83b2$axial_cosmetics$lambda$addEnabledTile$0$50 in axial-cosmetics.mixins.json:AxialConfigScreenCpsMenuMixin from mod axial_cosmetics
[01:26:18] [Render thread/DEBUG] (FabricLoader/Mixin) Renaming synthetic method lambda$buildCps$3(I)V to mdfa83b2$axial_cosmetics$lambda$buildCps$3$51 in axial-cosmetics.mixins.json:AxialConfigScreenCpsMenuMixin from mod axial_cosmetics
[01:26:18] [Render thread/DEBUG] (FabricLoader/Mixin) Renaming synthetic method lambda$buildCps$2()I to mdfa83b2$axial_cosmetics$lambda$buildCps$2$52 in axial-cosmetics.mixins.json:AxialConfigScreenCpsMenuMixin from mod axial_cosmetics
[01:26:18] [Render thread/DEBUG] (FabricLoader/Mixin) Renaming synthetic method lambda$buildCps$1(I)V to mdfa83b2$axial_cosmetics$lambda$buildCps$1$53 in axial-cosmetics.mixins.json:AxialConfigScreenCpsMenuMixin from mod axial_cosmetics
[01:26:18] [Render thread/DEBUG] (FabricLoader/Mixin) Renaming synthetic method lambda$buildCps$0()I to mdfa83b2$axial_cosmetics$lambda$buildCps$0$54 in axial-cosmetics.mixins.json:AxialConfigScreenCpsMenuMixin from mod axial_cosmetics
[01:26:18] [Render thread/DEBUG] (FabricLoader/Mixin) Renaming @Unique field WIDTHI to fdfa83b2$axial_cosmetics$WIDTH$4 in axial-cosmetics.mixins.json:AxialConfigScreenCpsMenuMixin from mod axial_cosmetics
[01:26:18] [Render thread/DEBUG] (FabricLoader/Mixin) Renaming @Unique field HEIGHTI to fdfa83b2$axial_cosmetics$HEIGHT$5 in axial-cosmetics.mixins.json:AxialConfigScreenCpsMenuMixin from mod axial_cosmetics
[01:26:18] [Render thread/DEBUG] (FabricLoader/Mixin) Renaming @Unique field FONTLnet/minecraft/text/StyleSpriteSource$Font; to fdfa83b2$axial_cosmetics$FONT$6 in axial-cosmetics.mixins.json:AxialConfigScreenCpsMenuMixin from mod axial_cosmetics
[01:26:18] [Render thread/DEBUG] (FabricLoader/Mixin) Mixing AxialConfigScreenArmorMenuMixin from axial-cosmetics.mixins.json into org.axial.axialutils.client.AxialConfigScreen
[01:26:18] [Render thread/DEBUG] (FabricLoader/Mixin) Renaming @Unique method addEnabledTile(Ljava/util/List;I)V to mdfa83b2$axial_cosmetics$addEnabledTile$55 in axial-cosmetics.mixins.json:AxialConfigScreenArmorMenuMixin from mod axial_cosmetics
[01:26:18] [Render thread/DEBUG] (FabricLoader/Mixin) Renaming @Unique method addOption(IIILjava/lang/String;Ljava/util/function/BooleanSupplier;Ljava/util/function/Consumer;)V to mdfa83b2$axial_cosmetics$addOption$56 in axial-cosmetics.mixins.json:AxialConfigScreenArmorMenuMixin from mod axial_cosmetics
[01:26:18] [Render thread/DEBUG] (FabricLoader/Mixin) Renaming @Unique method addColor(IILjava/lang/String;Ljava/util/function/IntSupplier;Ljava/util/function/IntConsumer;)V to mdfa83b2$axial_cosmetics$addColor$57 in axial-cosmetics.mixins.json:AxialConfigScreenArmorMenuMixin from mod axial_cosmetics
[01:26:18] [Render thread/DEBUG] (FabricLoader/Mixin) Renaming @Unique method renderRows(Lnet/minecraft/client/gui/DrawContext;III)V to mdfa83b2$axial_cosmetics$renderRows$58 in axial-cosmetics.mixins.json:AxialConfigScreenArmorMenuMixin from mod axial_cosmetics
[01:26:18] [Render thread/DEBUG] (FabricLoader/Mixin) Renaming @Unique method drawHex(Lnet/minecraft/client/gui/DrawContext;Ljava/lang/Object;I)V to mdfa83b2$axial_cosmetics$drawHex$59 in axial-cosmetics.mixins.json:AxialConfigScreenArmorMenuMixin from mod axial_cosmetics
[01:26:18] [Render thread/DEBUG] (FabricLoader/Mixin) Renaming @Unique method updateEnabledTileLabel(Z)V to mdfa83b2$axial_cosmetics$updateEnabledTileLabel$5a in axial-cosmetics.mixins.json:AxialConfigScreenArmorMenuMixin from mod axial_cosmetics
[01:26:18] [Render thread/DEBUG] (FabricLoader/Mixin) Renaming @Unique method divider(Lnet/minecraft/client/gui/DrawContext;IILjava/lang/String;)V to mdfa83b2$axial_cosmetics$divider$5b in axial-cosmetics.mixins.json:AxialConfigScreenArmorMenuMixin from mod axial_cosmetics
[01:26:18] [Render thread/DEBUG] (FabricLoader/Mixin) Renaming @Unique method drawScrollBar(Lnet/minecraft/client/gui/DrawContext;II)V to mdfa83b2$axial_cosmetics$drawScrollBar$5c in axial-cosmetics.mixins.json:AxialConfigScreenArmorMenuMixin from mod axial_cosmetics
[01:26:18] [Render thread/DEBUG] (FabricLoader/Mixin) Renaming @Unique method shift(I)V to mdfa83b2$axial_cosmetics$shift$5d in axial-cosmetics.mixins.json:AxialConfigScreenArmorMenuMixin from mod axial_cosmetics
[01:26:18] [Render thread/DEBUG] (FabricLoader/Mixin) Renaming @Unique method maxScroll()I to mdfa83b2$axial_cosmetics$maxScroll$5e in axial-cosmetics.mixins.json:AxialConfigScreenArmorMenuMixin from mod axial_cosmetics
[01:26:18] [Render thread/DEBUG] (FabricLoader/Mixin) Renaming @Unique method clamp(III)I to mdfa83b2$axial_cosmetics$clamp$5f in axial-cosmetics.mixins.json:AxialConfigScreenArmorMenuMixin from mod axial_cosmetics
[01:26:18] [Render thread/DEBUG] (FabricLoader/Mixin) Renaming @Unique method text(Ljava/lang/String;)Lnet/minecraft/text/Text; to mdfa83b2$axial_cosmetics$text$60 in axial-cosmetics.mixins.json:AxialConfigScreenArmorMenuMixin from mod axial_cosmetics
[01:26:18] [Render thread/DEBUG] (FabricLoader/Mixin) Renaming @Unique method list(Ljava/lang/String;)Ljava/util/List; to mdfa83b2$axial_cosmetics$list$61 in axial-cosmetics.mixins.json:AxialConfigScreenArmorMenuMixin from mod axial_cosmetics
[01:26:18] [Render thread/DEBUG] (FabricLoader/Mixin) Renaming @Unique method field(Ljava/lang/Object;Ljava/lang/String;)Ljava/lang/reflect/Field; to mdfa83b2$axial_cosmetics$field$62 in axial-cosmetics.mixins.json:AxialConfigScreenArmorMenuMixin from mod axial_cosmetics
[01:26:18] [Render thread/DEBUG] (FabricLoader/Mixin) Renaming @Unique method getInt(Ljava/lang/String;)I to mdfa83b2$axial_cosmetics$getInt$63 in axial-cosmetics.mixins.json:AxialConfigScreenArmorMenuMixin from mod axial_cosmetics
[01:26:18] [Render thread/DEBUG] (FabricLoader/Mixin) Renaming @Unique method setInt(Ljava/lang/String;I)V to mdfa83b2$axial_cosmetics$setInt$64 in axial-cosmetics.mixins.json:AxialConfigScreenArmorMenuMixin from mod axial_cosmetics
[01:26:18] [Render thread/DEBUG] (FabricLoader/Mixin) Renaming @Unique method integer(Ljava/lang/Object;Ljava/lang/String;)I to mdfa83b2$axial_cosmetics$integer$65 in axial-cosmetics.mixins.json:AxialConfigScreenArmorMenuMixin from mod axial_cosmetics
[01:26:18] [Render thread/DEBUG] (FabricLoader/Mixin) Renaming @Unique method setField(Ljava/lang/Object;Ljava/lang/String;I)V to mdfa83b2$axial_cosmetics$setField$66 in axial-cosmetics.mixins.json:AxialConfigScreenArmorMenuMixin from mod axial_cosmetics
[01:26:18] [Render thread/DEBUG] (FabricLoader/Mixin) Renaming synthetic method lambda$text$0(Lnet/minecraft/text/Style;)Lnet/minecraft/text/Style; to mdfa83b2$axial_cosmetics$lambda$text$0$67 in axial-cosmetics.mixins.json:AxialConfigScreenArmorMenuMixin from mod axial_cosmetics
[01:26:18] [Render thread/DEBUG] (FabricLoader/Mixin) Renaming synthetic method lambda$addModeTile$0()V to mdfa83b2$axial_cosmetics$lambda$addModeTile$0$68 in axial-cosmetics.mixins.json:AxialConfigScreenArmorMenuMixin from mod axial_cosmetics
[01:26:18] [Render thread/DEBUG] (FabricLoader/Mixin) Renaming synthetic method lambda$addColor$1(Ljava/util/function/IntConsumer;Ljava/lang/Object;Ljava/lang/reflect/Method;[Ljava/lang/Object;)Ljava/lang/Object; to mdfa83b2$axial_cosmetics$lambda$addColor$1$69 in axial-cosmetics.mixins.json:AxialConfigScreenArmorMenuMixin from mod axial_cosmetics
[01:26:18] [Render thread/DEBUG] (FabricLoader/Mixin) Renaming synthetic method lambda$addColor$0(Ljava/util/function/IntSupplier;Ljava/lang/Object;Ljava/lang/reflect/Method;[Ljava/lang/Object;)Ljava/lang/Object; to mdfa83b2$axial_cosmetics$lambda$addColor$0$6a in axial-cosmetics.mixins.json:AxialConfigScreenArmorMenuMixin from mod axial_cosmetics
[01:26:18] [Render thread/DEBUG] (FabricLoader/Mixin) Renaming synthetic method lambda$addOption$1(Ljava/util/function/Consumer;Ljava/lang/Object;Ljava/lang/reflect/Method;[Ljava/lang/Object;)Ljava/lang/Object; to mdfa83b2$axial_cosmetics$lambda$addOption$1$6b in axial-cosmetics.mixins.json:AxialConfigScreenArmorMenuMixin from mod axial_cosmetics
[01:26:18] [Render thread/DEBUG] (FabricLoader/Mixin) Renaming synthetic method lambda$addOption$0(Ljava/util/function/BooleanSupplier;Ljava/lang/Object;Ljava/lang/reflect/Method;[Ljava/lang/Object;)Ljava/lang/Object; to mdfa83b2$axial_cosmetics$lambda$addOption$0$6c in axial-cosmetics.mixins.json:AxialConfigScreenArmorMenuMixin from mod axial_cosmetics
[01:26:18] [Render thread/DEBUG] (FabricLoader/Mixin) Renaming synthetic method lambda$addEnabledTile$1(Ljava/lang/Object;Ljava/lang/reflect/Method;[Ljava/lang/Object;)Ljava/lang/Object; to mdfa83b2$axial_cosmetics$lambda$addEnabledTile$1$6d in axial-cosmetics.mixins.json:AxialConfigScreenArmorMenuMixin from mod axial_cosmetics
[01:26:18] [Render thread/DEBUG] (FabricLoader/Mixin) Renaming synthetic method lambda$addEnabledTile$0(Ljava/lang/Object;Ljava/lang/reflect/Method;[Ljava/lang/Object;)Ljava/lang/Object; to mdfa83b2$axial_cosmetics$lambda$addEnabledTile$0$6e in axial-cosmetics.mixins.json:AxialConfigScreenArmorMenuMixin from mod axial_cosmetics
[01:26:18] [Render thread/DEBUG] (FabricLoader/Mixin) Renaming synthetic method lambda$buildArmor$15(I)V to mdfa83b2$axial_cosmetics$lambda$buildArmor$15$6f in axial-cosmetics.mixins.json:AxialConfigScreenArmorMenuMixin from mod axial_cosmetics
[01:26:18] [Render thread/DEBUG] (FabricLoader/Mixin) Renaming synthetic method lambda$buildArmor$14()I to mdfa83b2$axial_cosmetics$lambda$buildArmor$14$70 in axial-cosmetics.mixins.json:AxialConfigScreenArmorMenuMixin from mod axial_cosmetics
[01:26:18] [Render thread/DEBUG] (FabricLoader/Mixin) Renaming synthetic method lambda$buildArmor$13(I)V to mdfa83b2$axial_cosmetics$lambda$buildArmor$13$71 in axial-cosmetics.mixins.json:AxialConfigScreenArmorMenuMixin from mod axial_cosmetics
[01:26:18] [Render thread/DEBUG] (FabricLoader/Mixin) Renaming synthetic method lambda$buildArmor$12()I to mdfa83b2$axial_cosmetics$lambda$buildArmor$12$72 in axial-cosmetics.mixins.json:AxialConfigScreenArmorMenuMixin from mod axial_cosmetics
[01:26:18] [Render thread/DEBUG] (FabricLoader/Mixin) Renaming synthetic method lambda$buildArmor$11(Ljava/lang/Boolean;)V to mdfa83b2$axial_cosmetics$lambda$buildArmor$11$73 in axial-cosmetics.mixins.json:AxialConfigScreenArmorMenuMixin from mod axial_cosmetics
[01:26:18] [Render thread/DEBUG] (FabricLoader/Mixin) Renaming synthetic method lambda$buildArmor$10()Z to mdfa83b2$axial_cosmetics$lambda$buildArmor$10$74 in axial-cosmetics.mixins.json:AxialConfigScreenArmorMenuMixin from mod axial_cosmetics
[01:26:18] [Render thread/DEBUG] (FabricLoader/Mixin) Renaming synthetic method lambda$buildArmor$9(Ljava/lang/Boolean;)V to mdfa83b2$axial_cosmetics$lambda$buildArmor$9$75 in axial-cosmetics.mixins.json:AxialConfigScreenArmorMenuMixin from mod axial_cosmetics
[01:26:18] [Render thread/DEBUG] (FabricLoader/Mixin) Renaming synthetic method lambda$buildArmor$8()Z to mdfa83b2$axial_cosmetics$lambda$buildArmor$8$76 in axial-cosmetics.mixins.json:AxialConfigScreenArmorMenuMixin from mod axial_cosmetics
[01:26:18] [Render thread/DEBUG] (FabricLoader/Mixin) Renaming synthetic method lambda$buildArmor$7(Ljava/lang/Boolean;)V to mdfa83b2$axial_cosmetics$lambda$buildArmor$7$77 in axial-cosmetics.mixins.json:AxialConfigScreenArmorMenuMixin from mod axial_cosmetics
[01:26:18] [Render thread/DEBUG] (FabricLoader/Mixin) Renaming synthetic method lambda$buildArmor$6()Z to mdfa83b2$axial_cosmetics$lambda$buildArmor$6$78 in axial-cosmetics.mixins.json:AxialConfigScreenArmorMenuMixin from mod axial_cosmetics
[01:26:18] [Render thread/DEBUG] (FabricLoader/Mixin) Renaming synthetic method lambda$buildArmor$5(Ljava/lang/Boolean;)V to mdfa83b2$axial_cosmetics$lambda$buildArmor$5$79 in axial-cosmetics.mixins.json:AxialConfigScreenArmorMenuMixin from mod axial_cosmetics
[01:26:18] [Render thread/DEBUG] (FabricLoader/Mixin) Renaming synthetic method lambda$buildArmor$4()Z to mdfa83b2$axial_cosmetics$lambda$buildArmor$4$7a in axial-cosmetics.mixins.json:AxialConfigScreenArmorMenuMixin from mod axial_cosmetics
[01:26:18] [Render thread/DEBUG] (FabricLoader/Mixin) Renaming synthetic method lambda$buildArmor$3(Ljava/lang/Boolean;)V to mdfa83b2$axial_cosmetics$lambda$buildArmor$3$7b in axial-cosmetics.mixins.json:AxialConfigScreenArmorMenuMixin from mod axial_cosmetics
[01:26:18] [Render thread/DEBUG] (FabricLoader/Mixin) Renaming synthetic method lambda$buildArmor$2()Z to mdfa83b2$axial_cosmetics$lambda$buildArmor$2$7c in axial-cosmetics.mixins.json:AxialConfigScreenArmorMenuMixin from mod axial_cosmetics
[01:26:18] [Render thread/DEBUG] (FabricLoader/Mixin) Renaming synthetic method lambda$buildArmor$1(Ljava/lang/Boolean;)V to mdfa83b2$axial_cosmetics$lambda$buildArmor$1$7d in axial-cosmetics.mixins.json:AxialConfigScreenArmorMenuMixin from mod axial_cosmetics
[01:26:18] [Render thread/DEBUG] (FabricLoader/Mixin) Renaming synthetic method lambda$buildArmor$0()Z to mdfa83b2$axial_cosmetics$lambda$buildArmor$0$7e in axial-cosmetics.mixins.json:AxialConfigScreenArmorMenuMixin from mod axial_cosmetics
[01:26:18] [Render thread/DEBUG] (FabricLoader/Mixin) Renaming @Unique field WIDTHI to fdfa83b2$axial_cosmetics$WIDTH$7 in axial-cosmetics.mixins.json:AxialConfigScreenArmorMenuMixin from mod axial_cosmetics
[01:26:18] [Render thread/DEBUG] (FabricLoader/Mixin) Renaming @Unique field HEIGHTI to fdfa83b2$axial_cosmetics$HEIGHT$8 in axial-cosmetics.mixins.json:AxialConfigScreenArmorMenuMixin from mod axial_cosmetics
[01:26:18] [Render thread/DEBUG] (FabricLoader/Mixin) Renaming @Unique field CONTENT_HEIGHTI to fdfa83b2$axial_cosmetics$CONTENT_HEIGHT$9 in axial-cosmetics.mixins.json:AxialConfigScreenArmorMenuMixin from mod axial_cosmetics
[01:26:18] [Render thread/DEBUG] (FabricLoader/Mixin) Renaming @Unique field FONTLnet/minecraft/text/StyleSpriteSource$Font; to fdfa83b2$axial_cosmetics$FONT$a in axial-cosmetics.mixins.json:AxialConfigScreenArmorMenuMixin from mod axial_cosmetics
[01:26:18] [Render thread/DEBUG] (FabricLoader/Mixin) Mixing AxialConfigScreenPotionsMenuMixin from axial-cosmetics.mixins.json into org.axial.axialutils.client.AxialConfigScreen
[01:26:18] [Render thread/DEBUG] (FabricLoader/Mixin) Renaming @Unique method addEnabledTile(Ljava/util/List;I)V to mdfa83b2$axial_cosmetics$addEnabledTile$7f in axial-cosmetics.mixins.json:AxialConfigScreenPotionsMenuMixin from mod axial_cosmetics
[01:26:18] [Render thread/DEBUG] (FabricLoader/Mixin) Renaming @Unique method refreshLayout()V to mdfa83b2$axial_cosmetics$refreshLayout$80 in axial-cosmetics.mixins.json:AxialConfigScreenPotionsMenuMixin from mod axial_cosmetics
[01:26:18] [Render thread/DEBUG] (FabricLoader/Mixin) Renaming @Unique method list(Ljava/lang/String;)Ljava/util/List; to mdfa83b2$axial_cosmetics$list$81 in axial-cosmetics.mixins.json:AxialConfigScreenPotionsMenuMixin from mod axial_cosmetics
[01:26:18] [Render thread/DEBUG] (FabricLoader/Mixin) Renaming @Unique method field(Ljava/lang/Object;Ljava/lang/String;)Ljava/lang/reflect/Field; to mdfa83b2$axial_cosmetics$field$82 in axial-cosmetics.mixins.json:AxialConfigScreenPotionsMenuMixin from mod axial_cosmetics
[01:26:18] [Render thread/DEBUG] (FabricLoader/Mixin) Renaming @Unique method getInt(Ljava/lang/String;)I to mdfa83b2$axial_cosmetics$getInt$83 in axial-cosmetics.mixins.json:AxialConfigScreenPotionsMenuMixin from mod axial_cosmetics
[01:26:18] [Render thread/DEBUG] (FabricLoader/Mixin) Renaming @Unique method setInt(Ljava/lang/String;I)V to mdfa83b2$axial_cosmetics$setInt$84 in axial-cosmetics.mixins.json:AxialConfigScreenPotionsMenuMixin from mod axial_cosmetics
[01:26:18] [Render thread/DEBUG] (FabricLoader/Mixin) Renaming @Unique method integer(Ljava/lang/Object;Ljava/lang/String;)I to mdfa83b2$axial_cosmetics$integer$85 in axial-cosmetics.mixins.json:AxialConfigScreenPotionsMenuMixin from mod axial_cosmetics
[01:26:18] [Render thread/DEBUG] (FabricLoader/Mixin) Renaming @Unique method setField(Ljava/lang/Object;Ljava/lang/String;I)V to mdfa83b2$axial_cosmetics$setField$86 in axial-cosmetics.mixins.json:AxialConfigScreenPotionsMenuMixin from mod axial_cosmetics
[01:26:18] [Render thread/DEBUG] (FabricLoader/Mixin) Renaming @Unique method text(Ljava/lang/String;)Lnet/minecraft/text/Text; to mdfa83b2$axial_cosmetics$text$87 in axial-cosmetics.mixins.json:AxialConfigScreenPotionsMenuMixin from mod axial_cosmetics
[01:26:18] [Render thread/DEBUG] (FabricLoader/Mixin) Renaming synthetic method lambda$text$0(Lnet/minecraft/text/Style;)Lnet/minecraft/text/Style; to mdfa83b2$axial_cosmetics$lambda$text$0$88 in axial-cosmetics.mixins.json:AxialConfigScreenPotionsMenuMixin from mod axial_cosmetics
[01:26:18] [Render thread/DEBUG] (FabricLoader/Mixin) Renaming synthetic method lambda$addColorRow$1(Ljava/lang/Object;Ljava/lang/reflect/Method;[Ljava/lang/Object;)Ljava/lang/Object; to mdfa83b2$axial_cosmetics$lambda$addColorRow$1$89 in axial-cosmetics.mixins.json:AxialConfigScreenPotionsMenuMixin from mod axial_cosmetics
[01:26:18] [Render thread/DEBUG] (FabricLoader/Mixin) Renaming synthetic method lambda$addColorRow$0(Ljava/lang/Object;Ljava/lang/reflect/Method;[Ljava/lang/Object;)Ljava/lang/Object; to mdfa83b2$axial_cosmetics$lambda$addColorRow$0$8a in axial-cosmetics.mixins.json:AxialConfigScreenPotionsMenuMixin from mod axial_cosmetics
[01:26:18] [Render thread/DEBUG] (FabricLoader/Mixin) Renaming synthetic method lambda$addEnabledTile$1(Ljava/lang/Object;Ljava/lang/reflect/Method;[Ljava/lang/Object;)Ljava/lang/Object; to mdfa83b2$axial_cosmetics$lambda$addEnabledTile$1$8b in axial-cosmetics.mixins.json:AxialConfigScreenPotionsMenuMixin from mod axial_cosmetics
[01:26:18] [Render thread/DEBUG] (FabricLoader/Mixin) Renaming synthetic method lambda$addEnabledTile$0(Ljava/lang/Object;Ljava/lang/reflect/Method;[Ljava/lang/Object;)Ljava/lang/Object; to mdfa83b2$axial_cosmetics$lambda$addEnabledTile$0$8c in axial-cosmetics.mixins.json:AxialConfigScreenPotionsMenuMixin from mod axial_cosmetics
[01:26:18] [Render thread/DEBUG] (FabricLoader/Mixin) Renaming @Unique field WIDTHI to fdfa83b2$axial_cosmetics$WIDTH$b in axial-cosmetics.mixins.json:AxialConfigScreenPotionsMenuMixin from mod axial_cosmetics
[01:26:18] [Render thread/DEBUG] (FabricLoader/Mixin) Renaming @Unique field HEIGHTI to fdfa83b2$axial_cosmetics$HEIGHT$c in axial-cosmetics.mixins.json:AxialConfigScreenPotionsMenuMixin from mod axial_cosmetics
[01:26:18] [Render thread/DEBUG] (FabricLoader/Mixin) Renaming @Unique field FONTLnet/minecraft/text/StyleSpriteSource$Font; to fdfa83b2$axial_cosmetics$FONT$d in axial-cosmetics.mixins.json:AxialConfigScreenPotionsMenuMixin from mod axial_cosmetics
[01:26:18] [Render thread/WARN] (FabricLoader/Mixin) Method overwrite conflict for axial_cosmetics$getMode in axial-cosmetics.mixins.json:AxialConfigScreenCrosshairMixin from mod axial_cosmetics, previously written by com.axial.cosmetics.mixin.AxialConfigScreenCompassMixin. Skipping method.
[01:26:18] [Render thread/WARN] (FabricLoader/Mixin) Method overwrite conflict for axial_cosmetics$getTiles in axial-cosmetics.mixins.json:AxialConfigScreenCrosshairMixin from mod axial_cosmetics, previously written by com.axial.cosmetics.mixin.AxialConfigScreenCompassMixin. Skipping method.
[01:26:18] [Render thread/WARN] (FabricLoader/Mixin) Method overwrite conflict for axial_cosmetics$getTileLabel in axial-cosmetics.mixins.json:AxialConfigScreenCrosshairMixin from mod axial_cosmetics, previously written by com.axial.cosmetics.mixin.AxialConfigScreenCompassMixin. Skipping method.
[01:26:18] [Render thread/WARN] (FabricLoader/Mixin) Method overwrite conflict for axial_cosmetics$getTileX in axial-cosmetics.mixins.json:AxialConfigScreenCrosshairMixin from mod axial_cosmetics, previously written by com.axial.cosmetics.mixin.AxialConfigScreenCompassMixin. Skipping method.
[01:26:18] [Render thread/WARN] (FabricLoader/Mixin) Method overwrite conflict for axial_cosmetics$getTileY in axial-cosmetics.mixins.json:AxialConfigScreenCrosshairMixin from mod axial_cosmetics, previously written by com.axial.cosmetics.mixin.AxialConfigScreenCompassMixin. Skipping method.
[01:26:18] [Render thread/WARN] (FabricLoader/Mixin) Method overwrite conflict for axial_cosmetics$getMode in axial-cosmetics.mixins.json:AxialConfigScreenChunkBordersMixin from mod axial_cosmetics, previously written by com.axial.cosmetics.mixin.AxialConfigScreenCompassMixin. Skipping method.
[01:26:18] [Render thread/WARN] (FabricLoader/Mixin) Method overwrite conflict for axial_cosmetics$getTiles in axial-cosmetics.mixins.json:AxialConfigScreenChunkBordersMixin from mod axial_cosmetics, previously written by com.axial.cosmetics.mixin.AxialConfigScreenCompassMixin. Skipping method.
[01:26:18] [Render thread/WARN] (FabricLoader/Mixin) Method overwrite conflict for axial_cosmetics$getTileLabel in axial-cosmetics.mixins.json:AxialConfigScreenChunkBordersMixin from mod axial_cosmetics, previously written by com.axial.cosmetics.mixin.AxialConfigScreenCompassMixin. Skipping method.
[01:26:18] [Render thread/WARN] (FabricLoader/Mixin) Method overwrite conflict for axial_cosmetics$getTileX in axial-cosmetics.mixins.json:AxialConfigScreenChunkBordersMixin from mod axial_cosmetics, previously written by com.axial.cosmetics.mixin.AxialConfigScreenCompassMixin. Skipping method.
[01:26:18] [Render thread/WARN] (FabricLoader/Mixin) Method overwrite conflict for axial_cosmetics$getTileY in axial-cosmetics.mixins.json:AxialConfigScreenChunkBordersMixin from mod axial_cosmetics, previously written by com.axial.cosmetics.mixin.AxialConfigScreenCompassMixin. Skipping method.
[01:26:18] [Render thread/WARN] (FabricLoader/Mixin) Method overwrite conflict for axial_cosmetics$addActionTile in axial-cosmetics.mixins.json:AxialConfigScreenChunkBordersMixin from mod axial_cosmetics, previously written by com.axial.cosmetics.mixin.AxialConfigScreenCrosshairMixin. Skipping method.
[01:26:18] [Render thread/WARN] (FabricLoader/Mixin) Method overwrite conflict for axial_cosmetics$getMode in axial-cosmetics.mixins.json:AxialConfigScreenWaypointsMixin from mod axial_cosmetics, previously written by com.axial.cosmetics.mixin.AxialConfigScreenCompassMixin. Skipping method.
[01:26:18] [Render thread/WARN] (FabricLoader/Mixin) Method overwrite conflict for axial_cosmetics$getTiles in axial-cosmetics.mixins.json:AxialConfigScreenWaypointsMixin from mod axial_cosmetics, previously written by com.axial.cosmetics.mixin.AxialConfigScreenCompassMixin. Skipping method.
[01:26:18] [Render thread/WARN] (FabricLoader/Mixin) Method overwrite conflict for axial_cosmetics$getTileLabel in axial-cosmetics.mixins.json:AxialConfigScreenWaypointsMixin from mod axial_cosmetics, previously written by com.axial.cosmetics.mixin.AxialConfigScreenCompassMixin. Skipping method.
[01:26:18] [Render thread/WARN] (FabricLoader/Mixin) Method overwrite conflict for axial_cosmetics$getTileX in axial-cosmetics.mixins.json:AxialConfigScreenWaypointsMixin from mod axial_cosmetics, previously written by com.axial.cosmetics.mixin.AxialConfigScreenCompassMixin. Skipping method.
[01:26:18] [Render thread/WARN] (FabricLoader/Mixin) Method overwrite conflict for axial_cosmetics$getTileY in axial-cosmetics.mixins.json:AxialConfigScreenWaypointsMixin from mod axial_cosmetics, previously written by com.axial.cosmetics.mixin.AxialConfigScreenCompassMixin. Skipping method.
[01:26:18] [Render thread/WARN] (FabricLoader/Mixin) Method overwrite conflict for axial_cosmetics$addActionTile in axial-cosmetics.mixins.json:AxialConfigScreenWaypointsMixin from mod axial_cosmetics, previously written by com.axial.cosmetics.mixin.AxialConfigScreenCrosshairMixin. Skipping method.
[01:26:18] [Render thread/WARN] (FabricLoader/Mixin) Method overwrite conflict for axial_cosmetics$getTiles in axial-cosmetics.mixins.json:AxialConfigScreenMixin from mod axial_cosmetics, previously written by com.axial.cosmetics.mixin.AxialConfigScreenCompassMixin. Skipping method.
[01:26:18] [Render thread/WARN] (FabricLoader/Mixin) Method overwrite conflict for axial_cosmetics$getMode in axial-cosmetics.mixins.json:AxialConfigScreenMixin from mod axial_cosmetics, previously written by com.axial.cosmetics.mixin.AxialConfigScreenCompassMixin. Skipping method.
[01:26:18] [Render thread/WARN] (FabricLoader/Mixin) Method overwrite conflict for axial_cosmetics$getTileLabel in axial-cosmetics.mixins.json:AxialConfigScreenMixin from mod axial_cosmetics, previously written by com.axial.cosmetics.mixin.AxialConfigScreenCompassMixin. Skipping method.
[01:26:18] [Render thread/WARN] (FabricLoader/Mixin) Method overwrite conflict for axial_cosmetics$getTileX in axial-cosmetics.mixins.json:AxialConfigScreenMixin from mod axial_cosmetics, previously written by com.axial.cosmetics.mixin.AxialConfigScreenCompassMixin. Skipping method.
[01:26:18] [Render thread/WARN] (FabricLoader/Mixin) Method overwrite conflict for axial_cosmetics$getTileY in axial-cosmetics.mixins.json:AxialConfigScreenMixin from mod axial_cosmetics, previously written by com.axial.cosmetics.mixin.AxialConfigScreenCompassMixin. Skipping method.
[01:26:18] [Render thread/WARN] (FabricLoader/Mixin) Method overwrite conflict for axial_cosmetics$getMode in axial-cosmetics.mixins.json:AxialConfigScreenItemScalerMixin from mod axial_cosmetics, previously written by com.axial.cosmetics.mixin.AxialConfigScreenCompassMixin. Skipping method.
[01:26:18] [Render thread/WARN] (FabricLoader/Mixin) Method overwrite conflict for axial_cosmetics$getTiles in axial-cosmetics.mixins.json:AxialConfigScreenItemScalerMixin from mod axial_cosmetics, previously written by com.axial.cosmetics.mixin.AxialConfigScreenCompassMixin. Skipping method.
[01:26:18] [Render thread/WARN] (FabricLoader/Mixin) Method overwrite conflict for axial_cosmetics$getTileLabel in axial-cosmetics.mixins.json:AxialConfigScreenItemScalerMixin from mod axial_cosmetics, previously written by com.axial.cosmetics.mixin.AxialConfigScreenCompassMixin. Skipping method.
[01:26:18] [Render thread/WARN] (FabricLoader/Mixin) Method overwrite conflict for axial_cosmetics$getTileX in axial-cosmetics.mixins.json:AxialConfigScreenItemScalerMixin from mod axial_cosmetics, previously written by com.axial.cosmetics.mixin.AxialConfigScreenCompassMixin. Skipping method.
[01:26:18] [Render thread/WARN] (FabricLoader/Mixin) Method overwrite conflict for axial_cosmetics$getTileY in axial-cosmetics.mixins.json:AxialConfigScreenItemScalerMixin from mod axial_cosmetics, previously written by com.axial.cosmetics.mixin.AxialConfigScreenCompassMixin. Skipping method.
[01:26:18] [Render thread/WARN] (FabricLoader/Mixin) Method overwrite conflict for axial_cosmetics$addActionTile in axial-cosmetics.mixins.json:AxialConfigScreenItemScalerMixin from mod axial_cosmetics, previously written by com.axial.cosmetics.mixin.AxialConfigScreenCrosshairMixin. Skipping method.
[01:26:18] [Render thread/ERROR] (FabricLoader/Mixin) Mixin apply for mod axial_cosmetics failed axial-cosmetics.mixins.json:AxialConfigScreenEnchantGlintMixin from mod axial_cosmetics -> org.axial.axialutils.client.AxialConfigScreen: org.spongepowered.asm.mixin.injection.throwables.InvalidInjectionException Critical injection failure: @Inject annotation on axial_cosmetics$initGlintControls could not find any targets matching 'method_25426' in org/axial/axialutils/client/AxialConfigScreen. No refMap loaded. [INJECT_PREPARE_LEGACY Applicator Phase -> axial-cosmetics.mixins.json:AxialConfigScreenEnchantGlintMixin from mod axial_cosmetics -> Prepare Legacy Injections -> handler$caj000$axial_cosmetics$initGlintControls(Lorg/spongepowered/asm/mixin/injection/callback/CallbackInfo;)V -> Parse ->  -> Validate Targets]
org.spongepowered.asm.mixin.injection.throwables.InvalidInjectionException: Critical injection failure: @Inject annotation on axial_cosmetics$initGlintControls could not find any targets matching 'method_25426' in org/axial/axialutils/client/AxialConfigScreen. No refMap loaded. [INJECT_PREPARE_LEGACY Applicator Phase -> axial-cosmetics.mixins.json:AxialConfigScreenEnchantGlintMixin from mod axial_cosmetics -> Prepare Legacy Injections -> handler$caj000$axial_cosmetics$initGlintControls(Lorg/spongepowered/asm/mixin/injection/callback/CallbackInfo;)V -> Parse ->  -> Validate Targets]
	at org.spongepowered.asm.mixin.injection.selectors.TargetSelectors.validate(TargetSelectors.java:326)
	at org.spongepowered.asm.mixin.injection.struct.InjectionInfo.readAnnotation(InjectionInfo.java:364)
	at org.spongepowered.asm.mixin.injection.struct.InjectionInfo.<init>(InjectionInfo.java:340)
	at org.spongepowered.asm.mixin.injection.struct.InjectionInfo.<init>(InjectionInfo.java:331)
	at org.spongepowered.asm.mixin.injection.struct.CallbackInjectionInfo.<init>(CallbackInjectionInfo.java:48)
	at java.base/jdk.internal.reflect.DirectConstructorHandleAccessor.newInstance(DirectConstructorHandleAccessor.java:62)
	at java.base/java.lang.reflect.Constructor.newInstanceWithCaller(Constructor.java:499)
	at java.base/java.lang.reflect.Constructor.newInstance(Constructor.java:483)
	at org.spongepowered.asm.mixin.injection.struct.InjectionInfo$InjectorEntry.create(InjectionInfo.java:196)
	at org.spongepowered.asm.mixin.injection.struct.InjectionInfo.parse(InjectionInfo.java:659)
	at org.spongepowered.asm.mixin.transformer.MixinTargetContext.prepareInjections(MixinTargetContext.java:1386)
	at org.spongepowered.asm.mixin.transformer.MixinApplicatorStandard.prepareInjections(MixinApplicatorStandard.java:811)
	at org.spongepowered.asm.mixin.transformer.MixinApplicatorStandard.lambda$runApplicatorPass$3(MixinApplicatorStandard.java:323)
	at org.spongepowered.asm.mixin.transformer.MixinApplicatorStandard.processMixins(MixinApplicatorStandard.java:381)
	at org.spongepowered.asm.mixin.transformer.MixinApplicatorStandard.runApplicatorPass(MixinApplicatorStandard.java:320)
	at org.spongepowered.asm.mixin.transformer.MixinApplicatorStandard.apply(MixinApplicatorStandard.java:240)
	at org.spongepowered.asm.mixin.transformer.TargetClassContext.apply(TargetClassContext.java:437)
	at org.spongepowered.asm.mixin.transformer.TargetClassContext.applyMixins(TargetClassContext.java:418)
	at org.spongepowered.asm.mixin.transformer.MixinProcessor.applyMixins(MixinProcessor.java:351)
	at org.spongepowered.asm.mixin.transformer.MixinTransformer.transformClass(MixinTransformer.java:237)
	at org.spongepowered.asm.mixin.transformer.MixinTransformer.transformClassBytes(MixinTransformer.java:202)
	at net.fabricmc.loader.impl.launch.knot.KnotClassDelegate.getPostMixinClassByteArray(KnotClassDelegate.java:435)
	at net.fabricmc.loader.impl.launch.knot.KnotClassDelegate.tryLoadClass(KnotClassDelegate.java:336)
	at net.fabricmc.loader.impl.launch.knot.KnotClassDelegate.loadClass(KnotClassDelegate.java:231)
	at net.fabricmc.loader.impl.launch.knot.KnotClassLoader.loadClass(KnotClassLoader.java:119)
	at java.base/java.lang.ClassLoader.loadClass(ClassLoader.java:490)
	at knot//org.axial.axialutils.client.AxialUtilsClient.onInitializeClient(AxialUtilsClient.java:71)
	at net.fabricmc.loader.impl.FabricLoaderImpl.invokeEntrypoints(FabricLoaderImpl.java:409)
	at net.fabricmc.loader.impl.game.minecraft.Hooks.startClient(Hooks.java:53)
	at knot//net.minecraft.client.MinecraftClient.<init>(MinecraftClient.java:475)
	at knot//net.minecraft.client.main.Main.main(Main.java:234)
	at net.fabricmc.loader.impl.game.minecraft.MinecraftGameProvider.launch(MinecraftGameProvider.java:517)
	at net.fabricmc.loader.impl.launch.knot.Knot.launch(Knot.java:72)
	at net.fabricmc.loader.impl.launch.knot.KnotClient.main(KnotClient.java:23)
	at net.fabricmc.devlaunchinjector.Main.main(Main.java:86)
[01:26:18] [Render thread/DEBUG] (FabricLoader/Mixin) Mixing BlockStateModelUnbakedMixin from fabric-model-loading-api-v1.mixins.json into net.minecraft.client.render.model.BlockStateModel$Unbaked
[01:26:18] [Render thread/DEBUG] (FabricLoader/Mixin) Mixing client.block.model.BlockStateModelMixin from fabric-renderer-api-v1.mixins.json into net.minecraft.client.render.model.BlockStateModel
[01:26:18] [Render thread/DEBUG] (FabricLoader/Mixin) Mixing models.BakedModel_extendsMixin from moreculling.mixins.json into net.minecraft.client.render.model.BlockStateModel
[01:26:18] [Render thread/DEBUG] (FabricLoader/Mixin) Mixing client.block.model.SingleVariantMixin from fabric-renderer-api-v1.mixins.json into net.minecraft.client.render.model.SimpleBlockStateModel
[01:26:18] [Render thread/DEBUG] (FabricLoader/Mixin) Mixing models.SingleVariant_cacheMixin from moreculling.mixins.json into net.minecraft.client.render.model.SimpleBlockStateModel
[01:26:19] [Render thread/INFO] (YetAnotherConfigLib) Deserializing YACLConfig from '/Users/blackarcadia/IdeaProjects/AxialClientAlpha/run/config/yacl.json5'
[01:26:19] [Render thread/INFO] (xaero.lib.XaeroLib) Registering common data for channel xaerolib:main!
[01:26:19] [Render thread/INFO] (xaero.lib.XaeroLib) Registering client data for channel xaerolib:main!
[01:26:19] [Render thread/INFO] (xaero.lib.XaeroLib) Loading primary common config for channel xaerolib:main!
[01:26:19] [Render thread/INFO] (xaero.lib.XaeroLib) Loading server config profiles for channel xaerolib:main!
[01:26:19] [Render thread/INFO] (xaero.lib.XaeroLib) Loading primary client config for channel xaerolib:main!
[01:26:19] [Render thread/INFO] (xaero.lib.XaeroLib) Loading client config profiles for channel xaerolib:main!
[01:26:19] [Render thread/INFO] (xaero.lib.XaeroLib) Loading XaeroLib common 1/2!
[01:26:19] [Render thread/INFO] (xaero.lib.XaeroLib) Loading XaeroLib client 1/2!
[01:26:19] [Render thread/INFO] (net.fabricmc.fabric.impl.client.indigo.Indigo) [Indigo] Registering Indigo renderer!
[01:26:19] [Render thread/INFO] (net.minecraft.util.logging.LoggerPrintStream) [STDOUT]: [TRender] Initializing Client...
[01:26:19] [Render thread/DEBUG] (FabricLoader/Mixin) Mixing ClientConfigurationPacketListenerImplMixin from fabric-networking-api-v1.client.mixins.json into net.minecraft.client.network.ClientConfigurationNetworkHandler
[01:26:19] [Render thread/DEBUG] (FabricLoader/Mixin) Mixing ClientConfigurationPacketListenerImplMixin from fabric-lifecycle-events-v1.client.mixins.json into net.minecraft.client.network.ClientConfigurationNetworkHandler
[01:26:19] [Render thread/DEBUG] (FabricLoader/Mixin) Mixing sync.ClientConfigurationPacketListenerImplMixin from fabric-recipe-api-v1.client.mixins.json into net.minecraft.client.network.ClientConfigurationNetworkHandler
[01:26:19] [Render thread/DEBUG] (FabricLoader/Mixin) Mixing accessor.ClientConfigurationPacketListenerImplAccessor from fabric-networking-api-v1.client.mixins.json into net.minecraft.client.network.ClientConfigurationNetworkHandler
[01:26:19] [Render thread/DEBUG] (FabricLoader/Mixin) fabric-networking-api-v1.client.mixins.json:ClientConfigurationPacketListenerImplMixin from mod fabric-networking-api-v1->@Inject::initAddon(Lorg/spongepowered/asm/mixin/injection/callback/CallbackInfo;)V doesn't use it's CallbackInfo
[01:26:19] [Render thread/DEBUG] (FabricLoader/Mixin) fabric-networking-api-v1.client.mixins.json:ClientConfigurationPacketListenerImplMixin from mod fabric-networking-api-v1->@Inject::initAddon(Lorg/spongepowered/asm/mixin/injection/callback/CallbackInfo;)V has 0 override(s) in child classes
[01:26:19] [Render thread/DEBUG] (FabricLoader/Mixin) fabric-networking-api-v1.client.mixins.json:ClientConfigurationPacketListenerImplMixin from mod fabric-networking-api-v1->@Inject::initAddon(Lorg/spongepowered/asm/mixin/injection/callback/CallbackInfo;)V won't be passed a CallbackInfo as a result
[01:26:19] [Render thread/DEBUG] (FabricLoader/Mixin) fabric-networking-api-v1.client.mixins.json:ClientConfigurationPacketListenerImplMixin from mod fabric-networking-api-v1->@Inject::handleComplete(Lnet/minecraft/network/packet/s2c/config/ReadyS2CPacket;Lorg/spongepowered/asm/mixin/injection/callback/CallbackInfo;)V doesn't use it's CallbackInfo
[01:26:19] [Render thread/DEBUG] (FabricLoader/Mixin) fabric-networking-api-v1.client.mixins.json:ClientConfigurationPacketListenerImplMixin from mod fabric-networking-api-v1->@Inject::handleComplete(Lnet/minecraft/network/packet/s2c/config/ReadyS2CPacket;Lorg/spongepowered/asm/mixin/injection/callback/CallbackInfo;)V has 0 override(s) in child classes
[01:26:19] [Render thread/DEBUG] (FabricLoader/Mixin) fabric-networking-api-v1.client.mixins.json:ClientConfigurationPacketListenerImplMixin from mod fabric-networking-api-v1->@Inject::handleComplete(Lnet/minecraft/network/packet/s2c/config/ReadyS2CPacket;Lorg/spongepowered/asm/mixin/injection/callback/CallbackInfo;)V won't be passed a CallbackInfo as a result
[01:26:19] [Render thread/DEBUG] (FabricLoader/Mixin) fabric-lifecycle-events-v1.client.mixins.json:ClientConfigurationPacketListenerImplMixin from mod fabric-lifecycle-events-v1->@Inject::invokeTagsLoaded(Lnet/minecraft/resource/ResourceFactory;Lorg/spongepowered/asm/mixin/injection/callback/CallbackInfoReturnable;)V does use it's CallbackInfoReturnable
[01:26:19] [Render thread/DEBUG] (FabricLoader/Mixin) fabric-recipe-api-v1.client.mixins.json:sync.ClientConfigurationPacketListenerImplMixin from mod fabric-recipe-api-v1->@Inject::sendSupportedRecipeSerializers(Lnet/minecraft/network/packet/s2c/config/SelectKnownPacksS2CPacket;Lorg/spongepowered/asm/mixin/injection/callback/CallbackInfo;)V doesn't use it's CallbackInfo
[01:26:19] [Render thread/DEBUG] (FabricLoader/Mixin) fabric-recipe-api-v1.client.mixins.json:sync.ClientConfigurationPacketListenerImplMixin from mod fabric-recipe-api-v1->@Inject::sendSupportedRecipeSerializers(Lnet/minecraft/network/packet/s2c/config/SelectKnownPacksS2CPacket;Lorg/spongepowered/asm/mixin/injection/callback/CallbackInfo;)V has 0 override(s) in child classes
[01:26:19] [Render thread/DEBUG] (FabricLoader/Mixin) fabric-recipe-api-v1.client.mixins.json:sync.ClientConfigurationPacketListenerImplMixin from mod fabric-recipe-api-v1->@Inject::sendSupportedRecipeSerializers(Lnet/minecraft/network/packet/s2c/config/SelectKnownPacksS2CPacket;Lorg/spongepowered/asm/mixin/injection/callback/CallbackInfo;)V won't be passed a CallbackInfo as a result
[01:26:19] [Render thread/DEBUG] (FabricLoader/Mixin) Mixing ConnectionHandlerMixin from emotecraft-arch.mixins.json into net.minecraft.network.ClientConnection
[01:26:19] [Render thread/DEBUG] (FabricLoader/Mixin) emotecraft-arch.mixins.json:ConnectionHandlerMixin from mod emotecraft: Class version 65 required is higher than the class version supported by the current version of Mixin (JAVA_16 supports class version 60)
[01:26:19] [Render thread/DEBUG] (FabricLoader/Mixin) Mixing ConnectionMixin from fabric-data-attachment-api-v1.mixins.json into net.minecraft.network.ClientConnection
[01:26:19] [Render thread/DEBUG] (FabricLoader/Mixin) Mixing ingredient.ConnectionMixin from fabric-recipe-api-v1.mixins.json into net.minecraft.network.ClientConnection
[01:26:19] [Render thread/DEBUG] (FabricLoader/Mixin) Mixing sync.ConnectionMixin from fabric-recipe-api-v1.mixins.json into net.minecraft.network.ClientConnection
[01:26:19] [Render thread/DEBUG] (FabricLoader/Mixin) Mixing ConnectionMixin from fabric-networking-api-v1.mixins.json into net.minecraft.network.ClientConnection
[01:26:19] [Render thread/DEBUG] (FabricLoader/Mixin) Renaming synthetic method lambda$fabric_getPendingChannelsNames$2(Lnet/minecraft/network/NetworkPhase;)Ljava/util/Collection; to mdfa83b2$fabric-networking-api-v1$lambda$fabric_getPendingChannelsNames$2$0 in fabric-networking-api-v1.mixins.json:ConnectionMixin from mod fabric-networking-api-v1
[01:26:19] [Render thread/DEBUG] (FabricLoader/Mixin) Renaming synthetic method lambda$injectFabricPacketSlitterHandlerOutbound$1(Lnet/fabricmc/fabric/impl/networking/PayloadTypeRegistryImpl;Lio/netty/channel/ChannelHandlerContext;)V to mdfa83b2$fabric-networking-api-v1$lambda$injectFabricPacketSlitterHandlerOutbound$1$1 in fabric-networking-api-v1.mixins.json:ConnectionMixin from mod fabric-networking-api-v1
[01:26:19] [Render thread/DEBUG] (FabricLoader/Mixin) Renaming synthetic method lambda$injectFabricPacketSlitterHandlerInbound$0(Lnet/fabricmc/fabric/impl/networking/PayloadTypeRegistryImpl;Lnet/minecraft/network/state/NetworkState;Lio/netty/channel/ChannelHandlerContext;)V to mdfa83b2$fabric-networking-api-v1$lambda$injectFabricPacketSlitterHandlerInbound$0$2 in fabric-networking-api-v1.mixins.json:ConnectionMixin from mod fabric-networking-api-v1
[01:26:19] [Render thread/DEBUG] (FabricLoader/Mixin) fabric-networking-api-v1.mixins.json:ConnectionMixin from mod fabric-networking-api-v1->@Inject::initAddedFields(Lnet/minecraft/network/NetworkSide;Lorg/spongepowered/asm/mixin/injection/callback/CallbackInfo;)V doesn't use it's CallbackInfo
[01:26:19] [Render thread/DEBUG] (FabricLoader/Mixin) fabric-networking-api-v1.mixins.json:ConnectionMixin from mod fabric-networking-api-v1->@Inject::initAddedFields(Lnet/minecraft/network/NetworkSide;Lorg/spongepowered/asm/mixin/injection/callback/CallbackInfo;)V has 0 override(s) in child classes
[01:26:19] [Render thread/DEBUG] (FabricLoader/Mixin) fabric-networking-api-v1.mixins.json:ConnectionMixin from mod fabric-networking-api-v1->@Inject::initAddedFields(Lnet/minecraft/network/NetworkSide;Lorg/spongepowered/asm/mixin/injection/callback/CallbackInfo;)V won't be passed a CallbackInfo as a result
[01:26:19] [Render thread/DEBUG] (FabricLoader/Mixin) fabric-networking-api-v1.mixins.json:ConnectionMixin from mod fabric-networking-api-v1->@Inject::checkPacket(Lnet/minecraft/network/packet/Packet;Lio/netty/channel/ChannelFutureListener;ZLorg/spongepowered/asm/mixin/injection/callback/CallbackInfo;)V doesn't use it's CallbackInfo
[01:26:19] [Render thread/DEBUG] (FabricLoader/Mixin) fabric-networking-api-v1.mixins.json:ConnectionMixin from mod fabric-networking-api-v1->@Inject::checkPacket(Lnet/minecraft/network/packet/Packet;Lio/netty/channel/ChannelFutureListener;ZLorg/spongepowered/asm/mixin/injection/callback/CallbackInfo;)V has 0 override(s) in child classes
[01:26:19] [Render thread/DEBUG] (FabricLoader/Mixin) fabric-networking-api-v1.mixins.json:ConnectionMixin from mod fabric-networking-api-v1->@Inject::checkPacket(Lnet/minecraft/network/packet/Packet;Lio/netty/channel/ChannelFutureListener;ZLorg/spongepowered/asm/mixin/injection/callback/CallbackInfo;)V won't be passed a CallbackInfo as a result
[01:26:19] [Render thread/DEBUG] (FabricLoader/Mixin) fabric-networking-api-v1.mixins.json:ConnectionMixin from mod fabric-networking-api-v1->@Inject::checkPacket(Lnet/minecraft/network/packet/Packet;Lio/netty/channel/ChannelFutureListener;ZLorg/spongepowered/asm/mixin/injection/callback/CallbackInfo;)V doesn't use it's CallbackInfo
[01:26:19] [Render thread/DEBUG] (FabricLoader/Mixin) fabric-networking-api-v1.mixins.json:ConnectionMixin from mod fabric-networking-api-v1->@Inject::checkPacket(Lnet/minecraft/network/packet/Packet;Lio/netty/channel/ChannelFutureListener;ZLorg/spongepowered/asm/mixin/injection/callback/CallbackInfo;)V has 0 override(s) in child classes
[01:26:19] [Render thread/DEBUG] (FabricLoader/Mixin) fabric-networking-api-v1.mixins.json:ConnectionMixin from mod fabric-networking-api-v1->@Inject::checkPacket(Lnet/minecraft/network/packet/Packet;Lio/netty/channel/ChannelFutureListener;ZLorg/spongepowered/asm/mixin/injection/callback/CallbackInfo;)V won't be passed a CallbackInfo as a result
[01:26:19] [Render thread/DEBUG] (FabricLoader/Mixin) fabric-networking-api-v1.mixins.json:ConnectionMixin from mod fabric-networking-api-v1->@Inject::unwatchAddon(Lnet/minecraft/network/state/NetworkState;Lnet/minecraft/network/listener/PacketListener;Lorg/spongepowered/asm/mixin/injection/callback/CallbackInfo;)V doesn't use it's CallbackInfo
[01:26:19] [Render thread/DEBUG] (FabricLoader/Mixin) fabric-networking-api-v1.mixins.json:ConnectionMixin from mod fabric-networking-api-v1->@Inject::unwatchAddon(Lnet/minecraft/network/state/NetworkState;Lnet/minecraft/network/listener/PacketListener;Lorg/spongepowered/asm/mixin/injection/callback/CallbackInfo;)V has 0 override(s) in child classes
[01:26:19] [Render thread/DEBUG] (FabricLoader/Mixin) fabric-networking-api-v1.mixins.json:ConnectionMixin from mod fabric-networking-api-v1->@Inject::unwatchAddon(Lnet/minecraft/network/state/NetworkState;Lnet/minecraft/network/listener/PacketListener;Lorg/spongepowered/asm/mixin/injection/callback/CallbackInfo;)V won't be passed a CallbackInfo as a result
[01:26:19] [Render thread/DEBUG] (FabricLoader/Mixin) fabric-networking-api-v1.mixins.json:ConnectionMixin from mod fabric-networking-api-v1->@Inject::disconnectAddon(Lio/netty/channel/ChannelHandlerContext;Lorg/spongepowered/asm/mixin/injection/callback/CallbackInfo;)V doesn't use it's CallbackInfo
[01:26:19] [Render thread/DEBUG] (FabricLoader/Mixin) fabric-networking-api-v1.mixins.json:ConnectionMixin from mod fabric-networking-api-v1->@Inject::disconnectAddon(Lio/netty/channel/ChannelHandlerContext;Lorg/spongepowered/asm/mixin/injection/callback/CallbackInfo;)V has 0 override(s) in child classes
[01:26:19] [Render thread/DEBUG] (FabricLoader/Mixin) fabric-networking-api-v1.mixins.json:ConnectionMixin from mod fabric-networking-api-v1->@Inject::disconnectAddon(Lio/netty/channel/ChannelHandlerContext;Lorg/spongepowered/asm/mixin/injection/callback/CallbackInfo;)V won't be passed a CallbackInfo as a result
[01:26:19] [Render thread/DEBUG] (FabricLoader/Mixin) fabric-networking-api-v1.mixins.json:ConnectionMixin from mod fabric-networking-api-v1->@Inject::disconnectAddon(Lorg/spongepowered/asm/mixin/injection/callback/CallbackInfo;)V doesn't use it's CallbackInfo
[01:26:19] [Render thread/DEBUG] (FabricLoader/Mixin) fabric-networking-api-v1.mixins.json:ConnectionMixin from mod fabric-networking-api-v1->@Inject::disconnectAddon(Lorg/spongepowered/asm/mixin/injection/callback/CallbackInfo;)V has 0 override(s) in child classes
[01:26:19] [Render thread/DEBUG] (FabricLoader/Mixin) fabric-networking-api-v1.mixins.json:ConnectionMixin from mod fabric-networking-api-v1->@Inject::disconnectAddon(Lorg/spongepowered/asm/mixin/injection/callback/CallbackInfo;)V won't be passed a CallbackInfo as a result
[01:26:19] [Render thread/DEBUG] (FabricLoader/Mixin) Mixing accessor.ClientHandshakePacketListenerImplAccessor from fabric-networking-api-v1.client.mixins.json into net.minecraft.client.network.ClientLoginNetworkHandler
[01:26:19] [Render thread/DEBUG] (FabricLoader/Mixin) Mixing ClientHandshakePacketListenerImplMixin from fabric-networking-api-v1.client.mixins.json into net.minecraft.client.network.ClientLoginNetworkHandler
[01:26:19] [Render thread/DEBUG] (FabricLoader/Mixin) fabric-networking-api-v1.client.mixins.json:ClientHandshakePacketListenerImplMixin from mod fabric-networking-api-v1->@Inject::initAddon(Lorg/spongepowered/asm/mixin/injection/callback/CallbackInfo;)V doesn't use it's CallbackInfo
[01:26:19] [Render thread/DEBUG] (FabricLoader/Mixin) fabric-networking-api-v1.client.mixins.json:ClientHandshakePacketListenerImplMixin from mod fabric-networking-api-v1->@Inject::initAddon(Lorg/spongepowered/asm/mixin/injection/callback/CallbackInfo;)V has 0 override(s) in child classes
[01:26:19] [Render thread/DEBUG] (FabricLoader/Mixin) fabric-networking-api-v1.client.mixins.json:ClientHandshakePacketListenerImplMixin from mod fabric-networking-api-v1->@Inject::initAddon(Lorg/spongepowered/asm/mixin/injection/callback/CallbackInfo;)V won't be passed a CallbackInfo as a result
[01:26:19] [Render thread/DEBUG] (FabricLoader/Mixin) fabric-networking-api-v1.client.mixins.json:ClientHandshakePacketListenerImplMixin from mod fabric-networking-api-v1->@Inject::handleQueryRequest(Lnet/minecraft/network/packet/s2c/login/LoginQueryRequestS2CPacket;Lorg/spongepowered/asm/mixin/injection/callback/CallbackInfo;)V does use it's CallbackInfo
[01:26:19] [Render thread/WARN] (net.minecraft.util.SystemDetails) Failed to get system info for Render Extensions
java.lang.IllegalStateException: Can't getDevice() before it was initialized
	at knot//com.mojang.blaze3d.systems.RenderSystem.getDevice(RenderSystem.java:299)
	at knot//net.minecraft.client.MinecraftClient.method_68671(MinecraftClient.java:2527)
	at knot//net.minecraft.util.SystemDetails.addSection(SystemDetails.java:78)
	at knot//net.minecraft.client.MinecraftClient.addSystemDetailsToCrashReport(MinecraftClient.java:2527)
	at knot//net.minecraft.client.MinecraftClient.addSystemDetailsToCrashReport(MinecraftClient.java:2497)
	at knot//net.minecraft.client.main.Main.main(Main.java:243)
	at net.fabricmc.loader.impl.game.minecraft.MinecraftGameProvider.launch(MinecraftGameProvider.java:517)
	at net.fabricmc.loader.impl.launch.knot.Knot.launch(Knot.java:72)
	at net.fabricmc.loader.impl.launch.knot.KnotClient.main(KnotClient.java:23)
	at net.fabricmc.devlaunchinjector.Main.main(Main.java:86)
